symbol,fyers_symbol,industry,cmp,avg_volume,avg_turnover,data_days,range_low,range_high,range_width_pts,range_width_pct,support_touches,resistance_touches,containment_pct,range_valid,range_watch,range_position,in_bottom_zone,below_range,above_range,breakdown,breakout,strong_downtrend,avg_bar_range_15m,avg_bar_range_5m,grid_gap_pts,total_grid_levels,grids_to_bottom,order_qty,order_value,gross_cycle_profit,round_trip_cost,net_cycle_profit,allocated_capital,cash_reserve,max_downside_buy_value,initial_buy_value,initial_buy_qty,initial_buy_used_value,unused_cash,entry_status,grid_status,final_status,final_reason,candidate_score
TCS,NSE:TCS-EQ,Information Technology,2276.2,4139705,10140456118,60,2268.16,2647.84,379.68,16.74,5,5,96.7,True,False,0.0212,True,False,False,False,False,False,8.7815,4.9286,6.6,58,2,125,284525.0,825.0,753.8,71.2,1000000,709828.12,567862.5,290171.88,127,289077.4,1094.48,ENTRY_VALID,GRID_VALID,TRADE_READY,qty=125 gap=6.6 net=₹71,87.7
HEROMOTOCO,NSE:HEROMOTOCO-EQ,Automobile and Auto Components,4983.0,584763,3066835578,60,4923.0,5767.7,844.7,17.16,12,4,96.7,True,False,0.071,True,False,False,False,False,False,20.6327,11.6533,15.45,55,4,33,164439.0,509.85,455.57,54.28,1000000,816118.88,652895.1,183881.12,36,179388.0,4493.12,ENTRY_VALID,GRID_VALID,TRADE_READY,qty=33 gap=15.45 net=₹54,58.59
JUBLFOOD,NSE:JUBLFOOD-EQ,Consumer Services,430.05,3353862,1529049508,60,425.5,525.03,99.53,23.39,6,2,95.0,False,True,0.0457,True,False,False,False,False,False,2.4402,1.3625,0,0,0,0,0,0,0,0,0,0,0,0,0,0,0,RANGE_WATCH,NOT_EVALUATED,RANGE_WATCH,range width 23.39% > 20.0% (watch zone),58.88
NMDC,NSE:NMDC-EQ,Metals & Mining,90.67,24147178,2037663010,60,75.98,92.1,16.12,21.22,6,6,93.3,False,True,0.9113,False,False,False,False,False,False,0.4202,0.2374,0,0,0,0,0,0,0,0,0,0,0,0,0,0,0,RANGE_WATCH,NOT_EVALUATED,RANGE_WATCH,range width 21.22% > 20.0% (watch zone),54.12
LEMONTREE,NSE:LEMONTREE-EQ,Consumer Services,117.21,5618844,647563797,60,100.8,122.93,22.13,21.95,5,8,96.7,False,True,0.7415,False,False,False,False,False,False,0.5072,0.2897,0,0,0,0,0,0,0,0,0,0,0,0,0,0,0,RANGE_WATCH,NOT_EVALUATED,RANGE_WATCH,range width 21.95% > 20.0% (watch zone),54.02
HAVELLS,NSE:HAVELLS-EQ,Consumer Durables,1201.0,1133238,1443884901,60,1176.26,1417.04,240.78,20.47,7,6,96.7,False,True,0.1027,False,False,False,False,False,False,4.1778,2.4158,0,0,0,0,0,0,0,0,0,0,0,0,0,0,0,RANGE_WATCH,NOT_EVALUATED,RANGE_WATCH,range width 20.47% > 20.0% (watch zone),52.77
DELHIVERY,NSE:DELHIVERY-EQ,Services,463.5,2692225,1215002318,60,401.32,483.55,82.23,20.49,6,5,96.7,False,True,0.7562,False,False,False,False,False,False,2.3027,1.286,0,0,0,0,0,0,0,0,0,0,0,0,0,0,0,RANGE_WATCH,NOT_EVALUATED,RANGE_WATCH,range width 20.49% > 20.0% (watch zone),52.76
SWIGGY,NSE:SWIGGY-EQ,Consumer Services,253.9,10869194,3009056640,60,249.29,308.67,59.38,23.82,6,2,95.0,False,True,0.0776,True,False,False,False,False,False,1.4331,0.8167,0,0,0,0,0,0,0,0,0,0,0,0,0,0,0,RANGE_WATCH,NOT_EVALUATED,RANGE_WATCH,range width 23.82% > 20.0% (watch zone),52.69
APLAPOLLO,NSE:APLAPOLLO-EQ,Capital Goods,1874.1,706503,1410451967,60,1839.98,2234.12,394.13,21.42,9,5,100.0,False,True,0.0866,True,False,False,False,False,False,8.5302,4.7384,0,0,0,0,0,0,0,0,0,0,0,0,0,0,0,RANGE_WATCH,NOT_EVALUATED,RANGE_WATCH,range width 21.42% > 20.0% (watch zone),52.64
AWL,NSE:AWL-EQ,Fast Moving Consumer Goods,193.06,4447481,836270025,60,173.02,210.05,37.03,21.4,6,6,96.7,False,True,0.5412,False,False,False,False,False,False,0.9235,0.5224,0,0,0,0,0,0,0,0,0,0,0,0,0,0,0,RANGE_WATCH,NOT_EVALUATED,RANGE_WATCH,range width 21.40% > 20.0% (watch zone),52.3
INDIANB,NSE:INDIANB-EQ,Financial Services,833.55,2275521,2019475323,60,806.84,990.78,183.94,22.8,7,5,98.3,False,True,0.1452,False,False,False,False,False,False,3.8998,2.1744,0,0,0,0,0,0,0,0,0,0,0,0,0,0,0,RANGE_WATCH,NOT_EVALUATED,RANGE_WATCH,range width 22.80% > 20.0% (watch zone),51.6
JWL,NSE:JWL-EQ,Capital Goods,289.75,4868210,1380571672,60,246.58,305.62,59.04,23.94,5,5,96.7,False,True,0.7312,False,False,False,False,False,False,1.648,0.9585,0,0,0,0,0,0,0,0,0,0,0,0,0,0,0,RANGE_WATCH,NOT_EVALUATED,RANGE_WATCH,range width 23.94% > 20.0% (watch zone),51.03
KFINTECH,NSE:KFINTECH-EQ,Financial Services,837.05,1138417,1027279367,60,808.86,1004.2,195.34,24.15,6,5,98.3,False,True,0.1443,False,False,False,False,False,False,4.5213,2.5236,0,0,0,0,0,0,0,0,0,0,0,0,0,0,0,RANGE_WATCH,NOT_EVALUATED,RANGE_WATCH,range width 24.15% > 20.0% (watch zone),50.92
ASIANPAINT,NSE:ASIANPAINT-EQ,Consumer Durables,2647.0,1256578,2990983481,60,2145.86,2664.32,518.47,24.16,6,8,98.3,False,True,0.9666,False,False,False,False,False,False,9.7364,5.6464,0,0,0,0,0,0,0,0,0,0,0,0,0,0,0,RANGE_WATCH,NOT_EVALUATED,RANGE_WATCH,range width 24.16% > 20.0% (watch zone),50.92
JSWENERGY,NSE:JSWENERGY-EQ,Power,576.0,4056721,2121407278,60,466.29,579.0,112.71,24.17,6,5,98.3,False,True,0.9734,False,False,False,False,False,False,2.9153,1.6176,0,0,0,0,0,0,0,0,0,0,0,0,0,0,0,RANGE_WATCH,NOT_EVALUATED,RANGE_WATCH,range width 24.17% > 20.0% (watch zone),50.91
RECLTD,NSE:RECLTD-EQ,Financial Services,337.6,7705159,2662977326,60,312.01,384.63,72.62,23.27,4,6,98.3,False,True,0.3524,False,False,False,False,False,False,1.2927,0.7336,0,0,0,0,0,0,0,0,0,0,0,0,0,0,0,RANGE_WATCH,NOT_EVALUATED,RANGE_WATCH,range width 23.27% > 20.0% (watch zone),50.37
STARHEALTH,NSE:STARHEALTH-EQ,Financial Services,524.05,618811,306873639,60,442.48,534.53,92.05,20.8,6,8,96.7,False,True,0.8861,False,False,False,False,False,False,2.5029,1.378,0,0,0,0,0,0,0,0,0,0,0,0,0,0,0,RANGE_WATCH,NOT_EVALUATED,RANGE_WATCH,range width 20.80% > 20.0% (watch zone),49.6
SJVN,NSE:SJVN-EQ,Power,73.79,5535162,407072721,60,65.8,81.48,15.68,23.84,4,5,91.7,False,True,0.5096,False,False,False,False,False,False,0.3644,0.206,0,0,0,0,0,0,0,0,0,0,0,0,0,0,0,RANGE_WATCH,NOT_EVALUATED,RANGE_WATCH,range width 23.84% > 20.0% (watch zone),49.56
DLF,NSE:DLF-EQ,Realty,589.8,4577934,2598982940,60,511.8,619.95,108.16,21.13,4,6,96.7,False,True,0.7212,False,False,False,False,False,False,2.7371,1.5565,0,0,0,0,0,0,0,0,0,0,0,0,0,0,0,RANGE_WATCH,NOT_EVALUATED,RANGE_WATCH,range width 21.13% > 20.0% (watch zone),49.44
CUMMINSIND,NSE:CUMMINSIND-EQ,Capital Goods,5418.5,685015,3347380154,60,4477.7,5430.6,952.9,21.28,5,9,98.3,False,True,0.9873,False,False,False,False,False,False,23.1164,13.1891,0,0,0,0,0,0,0,0,0,0,0,0,0,0,0,RANGE_WATCH,NOT_EVALUATED,RANGE_WATCH,range width 21.28% > 20.0% (watch zone),49.36
PERSISTENT,NSE:PERSISTENT-EQ,Information Technology,5105.8,779624,3845552997,60,4550.68,5505.36,954.68,20.98,8,5,93.3,False,True,0.5815,False,False,False,False,False,False,26.5749,14.9194,0,0,0,0,0,0,0,0,0,0,0,0,0,0,0,RANGE_WATCH,NOT_EVALUATED,RANGE_WATCH,range width 20.98% > 20.0% (watch zone),49.24
FIRSTCRY,NSE:FIRSTCRY-EQ,Consumer Services,237.11,5894514,1397065736,60,208.65,259.24,50.59,24.25,10,3,96.7,False,True,0.5626,False,False,False,False,False,False,1.4958,0.8301,0,0,0,0,0,0,0,0,0,0,0,0,0,0,0,RANGE_WATCH,NOT_EVALUATED,RANGE_WATCH,range width 24.25% > 20.0% (watch zone),48.88
NBCC,NSE:NBCC-EQ,Construction,95.55,12303620,1113270313,60,79.96,99.51,19.55,24.45,5,3,95.0,False,True,0.7974,False,False,False,False,False,False,0.5345,0.2904,0,0,0,0,0,0,0,0,0,0,0,0,0,0,0,RANGE_WATCH,NOT_EVALUATED,RANGE_WATCH,range width 24.45% > 20.0% (watch zone),48.77
OBEROIRLTY,NSE:OBEROIRLTY-EQ,Realty,1693.7,580445,913020320,60,1413.7,1737.06,323.36,22.87,5,11,96.7,False,True,0.8659,False,False,False,False,False,False,7.6975,4.3653,0,0,0,0,0,0,0,0,0,0,0,0,0,0,0,RANGE_WATCH,NOT_EVALUATED,RANGE_WATCH,range width 22.87% > 20.0% (watch zone),48.56
INDIACEM,NSE:INDIACEM-EQ,Construction Materials,404.6,751270,316173689,60,347.39,429.8,82.42,23.72,7,6,96.7,False,True,0.6941,False,False,False,False,False,False,1.9878,1.0137,0,0,0,0,0,0,0,0,0,0,0,0,0,0,0,RANGE_WATCH,NOT_EVALUATED,RANGE_WATCH,range width 23.72% > 20.0% (watch zone),48.14
NUVOCO,NSE:NUVOCO-EQ,Construction Materials,327.5,508514,157322730,60,279.89,336.27,56.38,20.15,5,4,96.7,False,True,0.8444,False,False,False,False,False,False,1.7615,0.9405,0,0,0,0,0,0,0,0,0,0,0,0,0,0,0,RANGE_WATCH,NOT_EVALUATED,RANGE_WATCH,range width 20.15% > 20.0% (watch zone),47.92
DMART,NSE:DMART-EQ,Consumer Services,4103.6,587795,2472526872,60,3725.27,4629.17,903.9,24.26,6,9,96.7,False,True,0.4186,False,False,False,False,False,False,15.5982,8.4651,0,0,0,0,0,0,0,0,0,0,0,0,0,0,0,RANGE_WATCH,NOT_EVALUATED,RANGE_WATCH,range width 24.26% > 20.0% (watch zone),47.87
AUBANK,NSE:AUBANK-EQ,Financial Services,1011.8,2741461,2635611406,60,855.87,1059.24,203.37,23.76,4,5,93.3,False,True,0.7667,False,False,False,False,False,False,4.3891,2.4394,0,0,0,0,0,0,0,0,0,0,0,0,0,0,0,RANGE_WATCH,NOT_EVALUATED,RANGE_WATCH,range width 23.76% > 20.0% (watch zone),47.85
USHAMART,NSE:USHAMART-EQ,Capital Goods,480.8,727083,321039404,60,390.0,485.05,95.05,24.37,6,6,96.7,False,True,0.9553,False,False,False,False,False,False,2.5824,1.3858,0,0,0,0,0,0,0,0,0,0,0,0,0,0,0,RANGE_WATCH,NOT_EVALUATED,RANGE_WATCH,range width 24.37% > 20.0% (watch zone),47.81
BAJAJHFL,NSE:BAJAJHFL-EQ,Financial Services,85.05,6703878,557810120,60,74.99,91.9,16.91,22.55,3,6,96.7,False,True,0.5949,False,False,False,False,False,False,0.2609,0.1542,0,0,0,0,0,0,0,0,0,0,0,0,0,0,0,RANGE_WATCH,NOT_EVALUATED,RANGE_WATCH,range width 22.55% > 20.0% (watch zone),47.73
PFC,NSE:PFC-EQ,Financial Services,433.7,8421674,3623209987,60,386.29,477.92,91.63,23.72,3,5,95.0,False,True,0.5174,False,False,False,False,False,False,1.9876,1.1342,0,0,0,0,0,0,0,0,0,0,0,0,0,0,0,RANGE_WATCH,NOT_EVALUATED,RANGE_WATCH,range width 23.72% > 20.0% (watch zone),47.14
INDUSINDBK,NSE:INDUSINDBK-EQ,Financial Services,932.3,3241690,2790726179,60,765.47,956.05,190.57,24.9,4,5,91.7,False,True,0.8754,False,False,False,False,False,False,4.0131,2.3406,0,0,0,0,0,0,0,0,0,0,0,0,0,0,0,RANGE_WATCH,NOT_EVALUATED,RANGE_WATCH,range width 24.90% > 20.0% (watch zone),47.03
ABCAPITAL,NSE:ABCAPITAL-EQ,Financial Services,363.05,6772610,2302604713,60,295.05,366.48,71.43,24.21,3,6,93.3,False,True,0.952,False,False,False,False,False,False,1.894,1.0669,0,0,0,0,0,0,0,0,0,0,0,0,0,0,0,RANGE_WATCH,NOT_EVALUATED,RANGE_WATCH,range width 24.21% > 20.0% (watch zone),46.63
ABFRL,NSE:ABFRL-EQ,Consumer Services,64.87,5684626,353400310,60,55.32,69.12,13.8,24.94,3,6,96.7,False,True,0.692,False,False,False,False,False,False,0.3806,0.2077,0,0,0,0,0,0,0,0,0,0,0,0,0,0,0,RANGE_WATCH,NOT_EVALUATED,RANGE_WATCH,range width 24.94% > 20.0% (watch zone),46.53
SBFC,NSE:SBFC-EQ,Financial Services,91.88,1776226,162134514,60,81.56,99.26,17.7,21.71,3,5,93.3,False,True,0.5831,False,False,False,False,False,False,0.394,0.2161,0,0,0,0,0,0,0,0,0,0,0,0,0,0,0,RANGE_WATCH,NOT_EVALUATED,RANGE_WATCH,range width 21.71% > 20.0% (watch zone),45.88
JSWCEMENT,NSE:JSWCEMENT-EQ,Construction Materials,131.48,4936691,645063900,60,112.38,137.4,25.02,22.26,5,2,95.0,False,True,0.7634,False,False,False,False,False,False,0.9076,0.5127,0,0,0,0,0,0,0,0,0,0,0,0,0,0,0,RANGE_WATCH,NOT_EVALUATED,RANGE_WATCH,range width 22.26% > 20.0% (watch zone),45.87
EMAMILTD,NSE:EMAMILTD-EQ,Fast Moving Consumer Goods,403.9,573223,246999447,60,389.44,477.14,87.69,22.52,4,7,98.3,False,True,0.1649,False,False,False,False,False,False,1.9813,1.1176,0,0,0,0,0,0,0,0,0,0,0,0,0,0,0,RANGE_WATCH,NOT_EVALUATED,RANGE_WATCH,range width 22.52% > 20.0% (watch zone),45.74
ASTERDM,NSE:ASTERDM-EQ,Healthcare,757.6,923524,646976823,60,622.58,769.38,146.8,23.58,4,7,96.7,False,True,0.9198,False,False,False,False,False,False,3.7569,2.1285,0,0,0,0,0,0,0,0,0,0,0,0,0,0,0,RANGE_WATCH,NOT_EVALUATED,RANGE_WATCH,range width 23.58% > 20.0% (watch zone),45.21
PIRAMALFIN,NSE:PIRAMALFIN-EQ,Financial Services,1949.2,553273,1054042389,60,1674.62,2030.05,355.42,21.22,6,3,93.3,False,True,0.7726,False,False,False,False,False,False,10.2538,5.5853,0,0,0,0,0,0,0,0,0,0,0,0,0,0,0,RANGE_WATCH,NOT_EVALUATED,RANGE_WATCH,range width 21.22% > 20.0% (watch zone),45.12
TATACONSUM,NSE:TATACONSUM-EQ,Fast Moving Consumer Goods,1187.6,1932378,2230762082,60,1019.27,1256.24,236.97,23.25,5,2,93.3,False,True,0.7103,False,False,False,False,False,False,4.7473,2.7068,0,0,0,0,0,0,0,0,0,0,0,0,0,0,0,RANGE_WATCH,NOT_EVALUATED,RANGE_WATCH,range width 23.25% > 20.0% (watch zone),45.11
IGIL,NSE:IGIL-EQ,Services,381.25,665874,229085932,60,309.76,381.86,72.1,23.28,4,5,93.3,False,True,0.9915,False,False,False,False,False,False,2.5687,1.4282,0,0,0,0,0,0,0,0,0,0,0,0,0,0,0,RANGE_WATCH,NOT_EVALUATED,RANGE_WATCH,range width 23.28% > 20.0% (watch zone),45.09
TATAPOWER,NSE:TATAPOWER-EQ,Power,420.95,8451194,3457108796,60,366.19,450.3,84.1,22.97,3,4,91.7,False,True,0.6511,False,False,False,False,False,False,1.8311,1.0259,0,0,0,0,0,0,0,0,0,0,0,0,0,0,0,RANGE_WATCH,NOT_EVALUATED,RANGE_WATCH,range width 22.97% > 20.0% (watch zone),44.99
PHOENIXLTD,NSE:PHOENIXLTD-EQ,Realty,1785.4,512500,855746581,60,1474.66,1842.72,368.05,24.96,4,8,100.0,False,True,0.8443,False,False,False,False,False,False,8.4135,4.6411,0,0,0,0,0,0,0,0,0,0,0,0,0,0,0,RANGE_WATCH,NOT_EVALUATED,RANGE_WATCH,range width 24.96% > 20.0% (watch zone),44.52
PAYTM,NSE:PAYTM-EQ,Financial Services,1131.6,2859368,3145722221,60,971.83,1196.95,225.12,23.16,4,3,95.0,False,True,0.7097,False,False,False,False,False,False,6.4713,3.5533,0,0,0,0,0,0,0,0,0,0,0,0,0,0,0,RANGE_WATCH,NOT_EVALUATED,RANGE_WATCH,range width 23.16% > 20.0% (watch zone),44.42
VTL,NSE:VTL-EQ,Textiles,598.65,614602,348341902,60,513.42,633.71,120.28,23.43,5,3,96.7,False,True,0.7086,False,False,False,False,False,False,3.4918,1.91,0,0,0,0,0,0,0,0,0,0,0,0,0,0,0,RANGE_WATCH,NOT_EVALUATED,RANGE_WATCH,range width 23.43% > 20.0% (watch zone),44.28
LICHSGFIN,NSE:LICHSGFIN-EQ,Financial Services,544.15,1864168,990947613,60,483.0,587.96,104.96,21.73,3,4,93.3,False,True,0.5826,False,False,False,False,False,False,2.4776,1.3555,0,0,0,0,0,0,0,0,0,0,0,0,0,0,0,RANGE_WATCH,NOT_EVALUATED,RANGE_WATCH,range width 21.73% > 20.0% (watch zone),43.87
GAIL,NSE:GAIL-EQ,Oil Gas & Consumable Fuels,167.63,13902374,2152038296,60,136.48,170.33,33.85,24.8,2,5,95.0,False,True,0.9202,False,False,False,False,False,False,0.7633,0.4169,0,0,0,0,0,0,0,0,0,0,0,0,0,0,0,RANGE_WATCH,NOT_EVALUATED,RANGE_WATCH,range width 24.80% > 20.0% (watch zone),43.6
APOLLOTYRE,NSE:APOLLOTYRE-EQ,Automobile and Auto Components,393.25,1356423,557886594,60,370.38,458.82,88.44,23.88,4,2,95.0,False,True,0.2586,False,False,False,False,False,False,2.0191,1.0987,0,0,0,0,0,0,0,0,0,0,0,0,0,0,0,RANGE_WATCH,NOT_EVALUATED,RANGE_WATCH,range width 23.88% > 20.0% (watch zone),42.06
SARDAEN,NSE:SARDAEN-EQ,Metals & Mining,532.9,752288,419655831,60,498.87,605.98,107.11,21.47,4,3,93.3,False,True,0.3177,False,False,False,False,False,False,3.5684,1.9542,0,0,0,0,0,0,0,0,0,0,0,0,0,0,0,RANGE_WATCH,NOT_EVALUATED,RANGE_WATCH,range width 21.47% > 20.0% (watch zone),42.0
IDFCFIRSTB,NSE:IDFCFIRSTB-EQ,Financial Services,70.22,37145655,2516199763,60,59.86,72.29,12.42,20.75,3,2,90.0,False,True,0.8341,False,False,False,False,False,False,0.2823,0.164,0,0,0,0,0,0,0,0,0,0,0,0,0,0,0,RANGE_WATCH,NOT_EVALUATED,RANGE_WATCH,range width 20.75% > 20.0% (watch zone),41.84
CONCOR,NSE:CONCOR-EQ,Services,475.9,1652177,792905803,60,428.73,528.94,100.21,23.37,2,6,91.7,False,True,0.4707,False,False,False,False,False,False,2.3987,1.3137,0,0,0,0,0,0,0,0,0,0,0,0,0,0,0,RANGE_WATCH,NOT_EVALUATED,RANGE_WATCH,range width 23.37% > 20.0% (watch zone),41.79
EICHERMOT,NSE:EICHERMOT-EQ,Automobile and Auto Components,7376.0,605525,4317786588,60,6584.38,8060.62,1476.25,22.42,4,3,95.0,False,True,0.5362,False,False,False,False,False,False,29.3855,16.3121,0,0,0,0,0,0,0,0,0,0,0,0,0,0,0,RANGE_WATCH,NOT_EVALUATED,RANGE_WATCH,range width 22.42% > 20.0% (watch zone),41.79
IIFL,NSE:IIFL-EQ,Financial Services,474.95,2704170,1237623673,60,420.85,505.05,84.2,20.01,2,4,93.3,False,True,0.6425,False,False,False,False,False,False,3.1533,1.7401,0,0,0,0,0,0,0,0,0,0,0,0,0,0,0,RANGE_WATCH,NOT_EVALUATED,RANGE_WATCH,range width 20.01% > 20.0% (watch zone),41.73
SAILIFE,NSE:SAILIFE-EQ,Healthcare,1141.0,757298,789686862,60,934.6,1151.12,216.51,23.17,4,3,93.3,False,True,0.9533,False,False,False,False,False,False,8.868,4.7912,0,0,0,0,0,0,0,0,0,0,0,0,0,0,0,RANGE_WATCH,NOT_EVALUATED,RANGE_WATCH,range width 23.17% > 20.0% (watch zone),41.15
BALRAMCHIN,NSE:BALRAMCHIN-EQ,Fast Moving Consumer Goods,529.65,1030638,522833056,60,452.9,553.12,100.22,22.13,2,4,91.7,False,True,0.7658,False,False,False,False,False,False,2.9256,1.6303,0,0,0,0,0,0,0,0,0,0,0,0,0,0,0,RANGE_WATCH,NOT_EVALUATED,RANGE_WATCH,range width 22.13% > 20.0% (watch zone),40.41
KEC,NSE:KEC-EQ,Construction,499.1,1365790,753085654,60,481.25,601.37,120.12,24.96,2,4,90.0,False,True,0.1486,False,False,False,False,False,False,2.8664,1.6112,0,0,0,0,0,0,0,0,0,0,0,0,0,0,0,RANGE_WATCH,NOT_EVALUATED,RANGE_WATCH,range width 24.96% > 20.0% (watch zone),38.73
EIHOTEL,NSE:EIHOTEL-EQ,Consumer Services,319.9,968138,299373298,60,281.91,339.41,57.49,20.39,2,4,93.3,False,True,0.6608,False,False,False,False,False,False,1.5024,0.8554,0,0,0,0,0,0,0,0,0,0,0,0,0,0,0,RANGE_WATCH,NOT_EVALUATED,RANGE_WATCH,range width 20.39% > 20.0% (watch zone),38.54
BHARATFORG,NSE:BHARATFORG-EQ,Automobile and Auto Components,1930.4,1399642,2585477407,60,1633.13,1999.42,366.29,22.43,2,3,91.7,False,True,0.8116,False,False,False,False,False,False,9.2865,5.051,0,0,0,0,0,0,0,0,0,0,0,0,0,0,0,RANGE_WATCH,NOT_EVALUATED,RANGE_WATCH,range width 22.43% > 20.0% (watch zone),38.26
POWERGRID,NSE:POWERGRID-EQ,Power,292.55,14260301,4310537270,60,288.82,323.09,34.27,11.86,8,11,96.7,True,False,0.1088,False,False,False,False,False,False,1.1593,0.6624,0,0,0,0,0,0,0,0,0,0,0,0,0,0,0,NOT_IN_BOTTOM_ZONE,NOT_EVALUATED,NOT_IN_BOTTOM_ZONE,range position 10.9% > 10%,55.0
BEL,NSE:BEL-EQ,Capital Goods,420.1,16010742,6987518974,60,406.85,467.99,61.14,15.03,5,6,96.7,True,False,0.2167,False,False,False,False,False,False,1.6785,0.9631,0,0,0,0,0,0,0,0,0,0,0,0,0,0,0,NOT_IN_BOTTOM_ZONE,NOT_EVALUATED,NOT_IN_BOTTOM_ZONE,range position 21.7% > 10%,55.0
ICICIBANK,NSE:ICICIBANK-EQ,Financial Services,1279.1,19037451,24585128200,60,1209.53,1400.97,191.44,15.83,5,5,98.3,True,False,0.3634,False,False,False,False,False,False,4.0098,2.3402,0,0,0,0,0,0,0,0,0,0,0,0,0,0,0,NOT_IN_BOTTOM_ZONE,NOT_EVALUATED,NOT_IN_BOTTOM_ZONE,range position 36.3% > 10%,55.0
ITC,NSE:ITC-EQ,Fast Moving Consumer Goods,301.65,20739263,6312751190,60,289.51,318.07,28.56,9.87,8,6,95.0,True,False,0.4251,False,False,False,False,False,False,0.9098,0.5264,0,0,0,0,0,0,0,0,0,0,0,0,0,0,0,NOT_IN_BOTTOM_ZONE,NOT_EVALUATED,NOT_IN_BOTTOM_ZONE,range position 42.5% > 10%,55.0
JIOFIN,NSE:JIOFIN-EQ,Financial Services,240.67,19389593,4669570869,60,226.06,257.28,31.22,13.81,6,6,96.7,True,False,0.468,False,False,False,False,False,False,0.9062,0.5121,0,0,0,0,0,0,0,0,0,0,0,0,0,0,0,NOT_IN_BOTTOM_ZONE,NOT_EVALUATED,NOT_IN_BOTTOM_ZONE,range position 46.8% > 10%,55.0
BHARTIARTL,NSE:BHARTIARTL-EQ,Telecommunication,1846.9,10175927,18808053570,60,1755.78,1942.59,186.81,10.64,7,5,98.3,True,False,0.4878,False,False,False,False,False,False,6.1618,3.4886,0,0,0,0,0,0,0,0,0,0,0,0,0,0,0,NOT_IN_BOTTOM_ZONE,NOT_EVALUATED,NOT_IN_BOTTOM_ZONE,range position 48.8% > 10%,55.0
FEDERALBNK,NSE:FEDERALBNK-EQ,Financial Services,290.2,8813835,2479778831,60,257.02,301.08,44.06,17.14,5,10,98.3,True,False,0.7531,False,False,False,False,False,False,1.2296,0.6928,0,0,0,0,0,0,0,0,0,0,0,0,0,0,0,NOT_IN_BOTTOM_ZONE,NOT_EVALUATED,NOT_IN_BOTTOM_ZONE,range position 75.3% > 10%,55.0
WIPRO,NSE:WIPRO-EQ,Information Technology,203.73,22548619,4501503392,60,187.29,209.03,21.73,11.6,13,5,98.3,True,False,0.7566,False,False,False,False,False,False,0.7369,0.4143,0,0,0,0,0,0,0,0,0,0,0,0,0,0,0,NOT_IN_BOTTOM_ZONE,NOT_EVALUATED,NOT_IN_BOTTOM_ZONE,range position 75.7% > 10%,55.0
RBLBANK,NSE:RBLBANK-EQ,Financial Services,344.25,5460908,1746408076,60,290.25,346.41,56.16,19.35,9,5,98.3,True,False,0.9615,False,False,False,False,False,False,1.7102,0.9692,0,0,0,0,0,0,0,0,0,0,0,0,0,0,0,NOT_IN_BOTTOM_ZONE,NOT_EVALUATED,NOT_IN_BOTTOM_ZONE,range position 96.2% > 10%,55.0
NHPC,NSE:NHPC-EQ,Power,78.44,16606161,1298541627,60,72.4,84.62,12.22,16.88,8,5,93.3,True,False,0.4943,False,False,False,False,False,False,0.3116,0.1762,0,0,0,0,0,0,0,0,0,0,0,0,0,0,0,NOT_IN_BOTTOM_ZONE,NOT_EVALUATED,NOT_IN_BOTTOM_ZONE,range position 49.4% > 10%,54.73
CANHLIFE,NSE:CANHLIFE-EQ,Financial Services,140.05,1138869,164026599,60,134.53,152.03,17.49,13.0,8,9,98.3,True,False,0.3156,False,False,False,False,False,False,0.5553,0.3078,0,0,0,0,0,0,0,0,0,0,0,0,0,0,0,NOT_IN_BOTTOM_ZONE,NOT_EVALUATED,NOT_IN_BOTTOM_ZONE,range position 31.6% > 10%,53.0
TATACAP,NSE:TATACAP-EQ,Financial Services,317.0,2161513,694522414,60,300.04,341.41,41.37,13.79,6,9,96.7,True,False,0.41,False,False,False,False,False,False,1.1164,0.6395,0,0,0,0,0,0,0,0,0,0,0,0,0,0,0,NOT_IN_BOTTOM_ZONE,NOT_EVALUATED,NOT_IN_BOTTOM_ZONE,range position 41.0% > 10%,53.0
HINDUNILVR,NSE:HINDUNILVR-EQ,Fast Moving Consumer Goods,2209.4,1996703,4422422476,60,2045.99,2387.37,341.38,16.69,6,9,98.3,True,False,0.4787,False,False,False,False,False,False,7.7407,4.3095,0,0,0,0,0,0,0,0,0,0,0,0,0,0,0,NOT_IN_BOTTOM_ZONE,NOT_EVALUATED,NOT_IN_BOTTOM_ZONE,range position 47.9% > 10%,53.0
INDUSTOWER,NSE:INDUSTOWER-EQ,Telecommunication,433.25,5946763,2516585914,60,396.5,461.79,65.3,16.47,8,4,95.0,True,False,0.5628,False,False,False,False,False,False,2.0644,1.161,0,0,0,0,0,0,0,0,0,0,0,0,0,0,0,NOT_IN_BOTTOM_ZONE,NOT_EVALUATED,NOT_IN_BOTTOM_ZONE,range position 56.3% > 10%,53.0
CASTROLIND,NSE:CASTROLIND-EQ,Oil Gas & Consumable Fuels,184.02,1605463,293064070,60,173.77,188.2,14.43,8.31,5,21,98.3,True,False,0.7103,False,False,False,False,False,False,0.372,0.2288,0,0,0,0,0,0,0,0,0,0,0,0,0,0,0,NOT_IN_BOTTOM_ZONE,NOT_EVALUATED,NOT_IN_BOTTOM_ZONE,range position 71.0% > 10%,53.0
TECHM,NSE:TECHM-EQ,Information Technology,1458.7,2465048,3480222799,60,1318.12,1510.93,192.81,14.63,12,5,96.7,True,False,0.7291,False,False,False,False,False,False,6.4229,3.5547,0,0,0,0,0,0,0,0,0,0,0,0,0,0,0,NOT_IN_BOTTOM_ZONE,NOT_EVALUATED,NOT_IN_BOTTOM_ZONE,range position 72.9% > 10%,53.0
NYKAA,NSE:NYKAA-EQ,Consumer Services,266.35,4914568,1271469704,60,233.19,277.11,43.92,18.84,7,6,96.7,True,False,0.755,False,False,False,False,False,False,1.5211,0.8542,0,0,0,0,0,0,0,0,0,0,0,0,0,0,0,NOT_IN_BOTTOM_ZONE,NOT_EVALUATED,NOT_IN_BOTTOM_ZONE,range position 75.5% > 10%,53.0
IGL,NSE:IGL-EQ,Oil Gas & Consumable Fuels,166.01,4355337,696301572,60,146.46,171.86,25.4,17.34,5,8,95.0,True,False,0.7697,False,False,False,False,False,False,0.8381,0.4697,0,0,0,0,0,0,0,0,0,0,0,0,0,0,0,NOT_IN_BOTTOM_ZONE,NOT_EVALUATED,NOT_IN_BOTTOM_ZONE,range position 77.0% > 10%,53.0
JSWINFRA,NSE:JSWINFRA-EQ,Services,278.95,1940782,512397580,60,239.6,286.98,47.37,19.77,5,5,95.0,True,False,0.8307,False,False,False,False,False,False,1.2627,0.7293,0,0,0,0,0,0,0,0,0,0,0,0,0,0,0,NOT_IN_BOTTOM_ZONE,NOT_EVALUATED,NOT_IN_BOTTOM_ZONE,range position 83.1% > 10%,53.0
DRREDDY,NSE:DRREDDY-EQ,Healthcare,1327.9,2523535,3250949764,60,1188.82,1350.35,161.53,13.59,5,10,95.0,True,False,0.861,False,False,False,False,False,False,6.0291,3.4589,0,0,0,0,0,0,0,0,0,0,0,0,0,0,0,NOT_IN_BOTTOM_ZONE,NOT_EVALUATED,NOT_IN_BOTTOM_ZONE,range position 86.1% > 10%,53.0
MARICO,NSE:MARICO-EQ,Fast Moving Consumer Goods,830.0,1887937,1474540666,60,731.66,845.86,114.2,15.61,6,10,98.3,True,False,0.8611,False,False,False,False,False,False,2.8796,1.6425,0,0,0,0,0,0,0,0,0,0,0,0,0,0,0,NOT_IN_BOTTOM_ZONE,NOT_EVALUATED,NOT_IN_BOTTOM_ZONE,range position 86.1% > 10%,53.0
JSWSTEEL,NSE:JSWSTEEL-EQ,Metals & Mining,1293.6,2018277,2469706968,60,1113.9,1302.2,188.3,16.9,7,12,98.3,True,False,0.9543,False,False,False,False,False,False,4.9789,2.9025,0,0,0,0,0,0,0,0,0,0,0,0,0,0,0,NOT_IN_BOTTOM_ZONE,NOT_EVALUATED,NOT_IN_BOTTOM_ZONE,range position 95.4% > 10%,53.0
LUPIN,NSE:LUPIN-EQ,Healthcare,2266.0,1215898,2812264569,60,2224.45,2384.9,160.44,7.21,8,9,93.3,True,False,0.259,False,False,False,False,False,False,8.9113,4.9518,0,0,0,0,0,0,0,0,0,0,0,0,0,0,0,NOT_IN_BOTTOM_ZONE,NOT_EVALUATED,NOT_IN_BOTTOM_ZONE,range position 25.9% > 10%,52.73
NAUKRI,NSE:NAUKRI-EQ,Consumer Services,980.7,2247584,2206429087,60,920.02,1066.49,146.46,15.92,9,5,93.3,True,False,0.4143,False,False,False,False,False,False,5.6256,3.1407,0,0,0,0,0,0,0,0,0,0,0,0,0,0,0,NOT_IN_BOTTOM_ZONE,NOT_EVALUATED,NOT_IN_BOTTOM_ZONE,range position 41.4% > 10%,52.73
COALINDIA,NSE:COALINDIA-EQ,Oil Gas & Consumable Fuels,458.15,12764036,5786938013,60,425.97,480.28,54.31,12.75,6,4,93.3,True,False,0.5925,False,False,False,False,False,False,2.1675,1.2211,0,0,0,0,0,0,0,0,0,0,0,0,0,0,0,NOT_IN_BOTTOM_ZONE,NOT_EVALUATED,NOT_IN_BOTTOM_ZONE,range position 59.2% > 10%,52.73
ONGC,NSE:ONGC-EQ,Oil Gas & Consumable Fuels,287.5,21787035,6162109741,60,262.98,303.76,40.79,15.51,6,4,93.3,True,False,0.6011,False,False,False,False,False,False,1.1635,0.651,0,0,0,0,0,0,0,0,0,0,0,0,0,0,0,NOT_IN_BOTTOM_ZONE,NOT_EVALUATED,NOT_IN_BOTTOM_ZONE,range position 60.1% > 10%,52.73
TATASTEEL,NSE:TATASTEEL-EQ,Metals & Mining,210.47,32152380,6559286039,60,186.83,219.29,32.45,17.37,6,4,93.3,True,False,0.7285,False,False,False,False,False,False,0.8405,0.4838,0,0,0,0,0,0,0,0,0,0,0,0,0,0,0,NOT_IN_BOTTOM_ZONE,NOT_EVALUATED,NOT_IN_BOTTOM_ZONE,range position 72.9% > 10%,52.73
RELIANCE,NSE:RELIANCE-EQ,Oil Gas & Consumable Fuels,1356.3,19575340,26937853911,60,1309.85,1450.39,140.55,10.73,6,4,91.7,True,False,0.3305,False,False,False,False,False,False,4.1945,2.4664,0,0,0,0,0,0,0,0,0,0,0,0,0,0,0,NOT_IN_BOTTOM_ZONE,NOT_EVALUATED,NOT_IN_BOTTOM_ZONE,range position 33.1% > 10%,52.48
IRFC,NSE:IRFC-EQ,Financial Services,99.28,16977848,1694617938,60,89.34,106.99,17.64,19.75,4,10,95.0,True,False,0.5635,False,False,False,False,False,False,0.394,0.2228,0,0,0,0,0,0,0,0,0,0,0,0,0,0,0,NOT_IN_BOTTOM_ZONE,NOT_EVALUATED,NOT_IN_BOTTOM_ZONE,range position 56.4% > 10%,52.0
AXISBANK,NSE:AXISBANK-EQ,Financial Services,1299.3,7458492,9533388238,60,1169.37,1395.62,226.26,19.35,4,8,96.7,True,False,0.5743,False,False,False,False,False,False,4.6847,2.6897,0,0,0,0,0,0,0,0,0,0,0,0,0,0,0,NOT_IN_BOTTOM_ZONE,NOT_EVALUATED,NOT_IN_BOTTOM_ZONE,range position 57.4% > 10%,52.0
NTPC,NSE:NTPC-EQ,Power,389.7,12184913,4686092141,60,362.21,407.39,45.18,12.47,4,8,93.3,True,False,0.6085,False,False,False,False,False,False,1.3175,0.7473,0,0,0,0,0,0,0,0,0,0,0,0,0,0,0,NOT_IN_BOTTOM_ZONE,NOT_EVALUATED,NOT_IN_BOTTOM_ZONE,range position 60.9% > 10%,51.73
OIL,NSE:OIL-EQ,Oil Gas & Consumable Fuels,492.1,6400099,3077408662,60,453.88,512.38,58.5,12.89,7,3,93.3,True,False,0.6533,False,False,False,False,False,False,2.432,1.3561,0,0,0,0,0,0,0,0,0,0,0,0,0,0,0,NOT_IN_BOTTOM_ZONE,NOT_EVALUATED,NOT_IN_BOTTOM_ZONE,range position 65.3% > 10%,50.73
TITAN,NSE:TITAN-EQ,Consumer Durables,4105.9,1214015,5168869379,60,3939.18,4544.73,605.55,15.37,4,7,95.0,True,False,0.2753,False,False,False,False,False,False,15.3767,8.823,0,0,0,0,0,0,0,0,0,0,0,0,0,0,0,NOT_IN_BOTTOM_ZONE,NOT_EVALUATED,NOT_IN_BOTTOM_ZONE,range position 27.5% > 10%,50.0
JSL,NSE:JSL-EQ,Metals & Mining,727.75,758954,569767876,60,694.02,808.46,114.44,16.49,6,5,98.3,True,False,0.2947,False,False,False,False,False,False,3.2893,1.8782,0,0,0,0,0,0,0,0,0,0,0,0,0,0,0,NOT_IN_BOTTOM_ZONE,NOT_EVALUATED,NOT_IN_BOTTOM_ZONE,range position 29.5% > 10%,50.0
UNITDSPR,NSE:UNITDSPR-EQ,Fast Moving Consumer Goods,1293.4,1260864,1652870788,60,1213.31,1414.58,201.27,16.59,4,8,100.0,True,False,0.3979,False,False,False,False,False,False,5.2265,2.8707,0,0,0,0,0,0,0,0,0,0,0,0,0,0,0,NOT_IN_BOTTOM_ZONE,NOT_EVALUATED,NOT_IN_BOTTOM_ZONE,range position 39.8% > 10%,50.0
LENSKART,NSE:LENSKART-EQ,Consumer Services,510.75,4843596,2428132615,60,473.17,548.1,74.93,15.83,4,8,95.0,True,False,0.5015,False,False,False,False,False,False,3.0496,1.7419,0,0,0,0,0,0,0,0,0,0,0,0,0,0,0,NOT_IN_BOTTOM_ZONE,NOT_EVALUATED,NOT_IN_BOTTOM_ZONE,range position 50.1% > 10%,50.0
JINDALSTEL,NSE:JINDALSTEL-EQ,Metals & Mining,1222.9,1419084,1711576578,60,1106.63,1293.79,187.16,16.91,4,9,98.3,True,False,0.6212,False,False,False,False,False,False,5.1462,2.9059,0,0,0,0,0,0,0,0,0,0,0,0,0,0,0,NOT_IN_BOTTOM_ZONE,NOT_EVALUATED,NOT_IN_BOTTOM_ZONE,range position 62.1% > 10%,50.0
SUNPHARMA,NSE:SUNPHARMA-EQ,Healthcare,1840.8,3937872,6923785697,60,1629.98,1899.77,269.79,16.55,4,7,98.3,True,False,0.7814,False,False,False,False,False,False,6.8033,3.7977,0,0,0,0,0,0,0,0,0,0,0,0,0,0,0,NOT_IN_BOTTOM_ZONE,NOT_EVALUATED,NOT_IN_BOTTOM_ZONE,range position 78.1% > 10%,50.0
INDHOTEL,NSE:INDHOTEL-EQ,Consumer Services,657.15,2806400,1772274453,60,577.79,679.25,101.46,17.56,4,7,96.7,True,False,0.7822,False,False,False,False,False,False,2.8642,1.5858,0,0,0,0,0,0,0,0,0,0,0,0,0,0,0,NOT_IN_BOTTOM_ZONE,NOT_EVALUATED,NOT_IN_BOTTOM_ZONE,range position 78.2% > 10%,50.0
GLENMARK,NSE:GLENMARK-EQ,Healthcare,2351.4,688962,1549118394,60,2036.42,2438.86,402.44,19.76,5,6,96.7,True,False,0.7827,False,False,False,False,False,False,12.0269,6.6048,0,0,0,0,0,0,0,0,0,0,0,0,0,0,0,NOT_IN_BOTTOM_ZONE,NOT_EVALUATED,NOT_IN_BOTTOM_ZONE,range position 78.3% > 10%,50.0
SRF,NSE:SRF-EQ,Chemicals,2749.7,623518,1596621086,60,2380.53,2781.0,400.47,16.82,6,5,95.0,True,False,0.9218,False,False,False,False,False,False,10.9116,6.1148,0,0,0,0,0,0,0,0,0,0,0,0,0,0,0,NOT_IN_BOTTOM_ZONE,NOT_EVALUATED,NOT_IN_BOTTOM_ZONE,range position 92.2% > 10%,50.0
CIPLA,NSE:CIPLA-EQ,Healthcare,1417.5,1880170,2453605749,60,1193.57,1427.37,233.8,19.59,4,5,91.7,True,False,0.9578,False,False,False,False,False,False,5.9851,3.4404,0,0,0,0,0,0,0,0,0,0,0,0,0,0,0,NOT_IN_BOTTOM_ZONE,NOT_EVALUATED,NOT_IN_BOTTOM_ZONE,range position 95.8% > 10%,49.48
INFY,NSE:INFY-EQ,Information Technology,1167.7,13358643,16564933814,60,1120.85,1335.12,214.28,19.12,3,10,95.0,True,False,0.2186,False,False,False,False,False,False,4.5851,2.5992,0,0,0,0,0,0,0,0,0,0,0,0,0,0,0,NOT_IN_BOTTOM_ZONE,NOT_EVALUATED,NOT_IN_BOTTOM_ZONE,range position 21.9% > 10%,49.0
SBILIFE,NSE:SBILIFE-EQ,Financial Services,1883.2,1310144,2457244103,60,1761.94,2094.28,332.34,18.86,5,3,96.7,True,False,0.3649,False,False,False,False,False,False,6.4851,3.7392,0,0,0,0,0,0,0,0,0,0,0,0,0,0,0,NOT_IN_BOTTOM_ZONE,NOT_EVALUATED,NOT_IN_BOTTOM_ZONE,range position 36.5% > 10%,49.0
CDSL,NSE:CDSL-EQ,Financial Services,1226.3,2173293,2705588068,60,1150.35,1373.98,223.63,19.44,5,3,91.7,True,False,0.3396,False,False,False,False,False,False,4.8818,2.7433,0,0,0,0,0,0,0,0,0,0,0,0,0,0,0,NOT_IN_BOTTOM_ZONE,NOT_EVALUATED,NOT_IN_BOTTOM_ZONE,range position 34.0% > 10%,48.48
MAXHEALTH,NSE:MAXHEALTH-EQ,Healthcare,993.95,2785862,2808393999,60,932.85,1091.81,158.96,17.04,7,3,91.7,True,False,0.3844,False,False,False,False,False,False,5.008,2.7675,0,0,0,0,0,0,0,0,0,0,0,0,0,0,0,NOT_IN_BOTTOM_ZONE,NOT_EVALUATED,NOT_IN_BOTTOM_ZONE,range position 38.4% > 10%,48.48
PATANJALI,NSE:PATANJALI-EQ,Fast Moving Consumer Goods,465.75,2131930,1007387051,60,448.14,518.27,70.13,15.65,7,2,93.3,True,False,0.2511,False,False,False,False,False,False,2.2351,1.2345,0,0,0,0,0,0,0,0,0,0,0,0,0,0,0,NOT_IN_BOTTOM_ZONE,NOT_EVALUATED,NOT_IN_BOTTOM_ZONE,range position 25.1% > 10%,46.73
UNOMINDA,NSE:UNOMINDA-EQ,Automobile and Auto Components,1114.9,1059219,1162274606,60,1007.08,1195.71,188.63,18.73,7,2,93.3,True,False,0.5716,False,False,False,False,False,False,7.1833,3.9228,0,0,0,0,0,0,0,0,0,0,0,0,0,0,0,NOT_IN_BOTTOM_ZONE,NOT_EVALUATED,NOT_IN_BOTTOM_ZONE,range position 57.2% > 10%,46.73
LTFOODS,NSE:LTFOODS-EQ,Fast Moving Consumer Goods,410.45,2485835,1005323155,60,365.85,438.05,72.2,19.73,3,5,93.3,True,False,0.6177,False,False,False,False,False,False,2.0596,1.1657,0,0,0,0,0,0,0,0,0,0,0,0,0,0,0,NOT_IN_BOTTOM_ZONE,NOT_EVALUATED,NOT_IN_BOTTOM_ZONE,range position 61.8% > 10%,46.73
GMRAIRPORT,NSE:GMRAIRPORT-EQ,Services,96.23,14839353,1401552937,60,85.84,102.3,16.46,19.17,2,5,96.7,True,False,0.6312,False,False,False,False,False,False,0.3925,0.2199,0,0,0,0,0,0,0,0,0,0,0,0,0,0,0,NOT_IN_BOTTOM_ZONE,NOT_EVALUATED,NOT_IN_BOTTOM_ZONE,range position 63.1% > 10%,46.0
KOTAKBANK,NSE:KOTAKBANK-EQ,Financial Services,388.65,20227283,7651335016,60,354.83,422.57,67.74,19.09,4,2,93.3,True,False,0.4993,False,False,False,False,False,False,1.5322,0.8721,0,0,0,0,0,0,0,0,0,0,0,0,0,0,0,NOT_IN_BOTTOM_ZONE,NOT_EVALUATED,NOT_IN_BOTTOM_ZONE,range position 49.9% > 10%,45.73
ICICIGI,NSE:ICICIGI-EQ,Financial Services,1860.3,705297,1269757424,60,1678.53,1944.24,265.71,15.83,4,4,98.3,True,False,0.6841,False,False,False,False,False,False,7.1102,3.799,0,0,0,0,0,0,0,0,0,0,0,0,0,0,0,NOT_IN_BOTTOM_ZONE,NOT_EVALUATED,NOT_IN_BOTTOM_ZONE,range position 68.4% > 10%,45.0
IEX,NSE:IEX-EQ,Financial Services,127.47,6984170,872592495,60,115.97,134.83,18.85,16.26,3,3,93.3,True,False,0.6101,False,False,False,False,False,False,0.4786,0.2723,0,0,0,0,0,0,0,0,0,0,0,0,0,0,0,NOT_IN_BOTTOM_ZONE,NOT_EVALUATED,NOT_IN_BOTTOM_ZONE,range position 61.0% > 10%,44.73
MUTHOOTFIN,NSE:MUTHOOTFIN-EQ,Financial Services,3331.5,945556,3175650584,60,3117.16,3642.11,524.94,16.84,3,6,95.0,True,False,0.4083,False,False,False,False,False,False,17.1593,9.3692,0,0,0,0,0,0,0,0,0,0,0,0,0,0,0,NOT_IN_BOTTOM_ZONE,NOT_EVALUATED,NOT_IN_BOTTOM_ZONE,range position 40.8% > 10%,44.0
PIDILITIND,NSE:PIDILITIND-EQ,Chemicals,1478.5,930879,1305057286,60,1276.78,1508.73,231.95,18.17,3,5,96.7,True,False,0.8697,False,False,False,False,False,False,5.096,2.9301,0,0,0,0,0,0,0,0,0,0,0,0,0,0,0,NOT_IN_BOTTOM_ZONE,NOT_EVALUATED,NOT_IN_BOTTOM_ZONE,range position 87.0% > 10%,44.0
TVSMOTOR,NSE:TVSMOTOR-EQ,Automobile and Auto Components,3454.9,1039618,3686879252,60,3281.94,3909.09,627.15,19.11,4,2,93.3,True,False,0.2758,False,False,False,False,False,False,17.8847,9.8703,0,0,0,0,0,0,0,0,0,0,0,0,0,0,0,NOT_IN_BOTTOM_ZONE,NOT_EVALUATED,NOT_IN_BOTTOM_ZONE,range position 27.6% > 10%,43.73
ASTRAL,NSE:ASTRAL-EQ,Capital Goods,1578.8,787708,1256546590,60,1458.88,1694.47,235.59,16.15,3,7,93.3,True,False,0.509,False,False,False,False,False,False,8.2945,4.4713,0,0,0,0,0,0,0,0,0,0,0,0,0,0,0,NOT_IN_BOTTOM_ZONE,NOT_EVALUATED,NOT_IN_BOTTOM_ZONE,range position 50.9% > 10%,43.73
LICI,NSE:LICI-EQ,Financial Services,854.9,1908125,1536814610,60,732.72,871.16,138.44,18.89,4,2,93.3,True,False,0.8825,False,False,False,False,False,False,3.1364,1.7081,0,0,0,0,0,0,0,0,0,0,0,0,0,0,0,NOT_IN_BOTTOM_ZONE,NOT_EVALUATED,NOT_IN_BOTTOM_ZONE,range position 88.2% > 10%,43.73
CIEINDIA,NSE:CIEINDIA-EQ,Automobile and Auto Components,457.2,552478,259455829,60,435.94,503.0,67.06,15.38,4,3,93.3,True,False,0.317,False,False,False,False,False,False,2.7276,1.5256,0,0,0,0,0,0,0,0,0,0,0,0,0,0,0,NOT_IN_BOTTOM_ZONE,NOT_EVALUATED,NOT_IN_BOTTOM_ZONE,range position 31.7% > 10%,42.73
ZYDUSLIFE,NSE:ZYDUSLIFE-EQ,Healthcare,1079.05,1184231,1149168399,60,856.97,1055.05,198.08,23.11,5,3,93.3,False,True,1.1212,False,False,True,False,True,False,4.7713,2.7004,0,0,0,0,0,0,0,0,0,0,0,0,0,0,0,BREAKOUT_FAIL,NOT_EVALUATED,BREAKOUT_FAIL,confirmed breakout,0
CHAMBLFERT,NSE:CHAMBLFERT-EQ,Chemicals,477.95,943063,419767227,60,410.79,469.51,58.72,14.29,6,4,96.7,True,False,1.1437,False,False,True,False,False,False,2.4965,1.4136,0,0,0,0,0,0,0,0,0,0,0,0,0,0,0,ABOVE_RANGE,NOT_EVALUATED,ABOVE_RANGE,CMP above range high,0
SHYAMMETL,NSE:SHYAMMETL-EQ,Capital Goods,979.1,522711,454120801,60,753.05,938.72,185.67,24.66,4,2,95.0,False,True,1.2175,False,False,True,False,True,False,4.5831,2.4818,0,0,0,0,0,0,0,0,0,0,0,0,0,0,0,BREAKOUT_FAIL,NOT_EVALUATED,BREAKOUT_FAIL,confirmed breakout,0
SAMMAANCAP,NSE:SAMMAANCAP-EQ,Financial Services,167.71,18794256,2800203659,60,136.03,162.03,26.0,19.11,5,2,93.3,True,False,1.2185,False,False,True,False,True,False,1.1277,0.6174,0,0,0,0,0,0,0,0,0,0,0,0,0,0,0,BREAKOUT_FAIL,NOT_EVALUATED,BREAKOUT_FAIL,confirmed breakout,0
360ONE,NSE:360ONE-EQ,Financial Services,1125.3,1078332,1129375862,60,931.42,1137.58,206.16,22.13,1,10,0,False,False,,False,False,False,False,False,False,5.3571,2.9137,0,0,0,0,0,0,0,0,0,0,0,0,0,0,0,INVALID_RANGE_SUPPORT_TOUCHES,NOT_EVALUATED,INVALID_RANGE_SUPPORT_TOUCHES,support touches 1 < 2,0
ACMESOLAR,NSE:ACMESOLAR-EQ,Power,302.75,2040232,560777290,60,220.89,314.02,93.13,42.16,0,0,0,False,False,,False,False,False,False,False,False,1.7284,0.9474,0,0,0,0,0,0,0,0,0,0,0,0,0,0,0,RANGE_TOO_WIDE,NOT_EVALUATED,RANGE_TOO_WIDE,range width 42.16% > 25.0%,0
AARTIIND,NSE:AARTIIND-EQ,Chemicals,491.0,1141780,520637767,60,399.28,510.17,110.89,27.77,0,0,0,False,False,,False,False,False,False,False,False,2.4624,1.3801,0,0,0,0,0,0,0,0,0,0,0,0,0,0,0,RANGE_TOO_WIDE,NOT_EVALUATED,RANGE_TOO_WIDE,range width 27.77% > 25.0%,0
ACUTAAS,NSE:ACUTAAS-EQ,Healthcare,3034.8,533215,1315133569,60,2072.9,2965.18,892.28,43.05,0,0,0,False,False,,False,False,False,False,False,False,16.9018,9.2745,0,0,0,0,0,0,0,0,0,0,0,0,0,0,0,RANGE_TOO_WIDE,NOT_EVALUATED,RANGE_TOO_WIDE,range width 43.05% > 25.0%,0
ADANIENSOL,NSE:ADANIENSOL-EQ,Power,1463.3,3040871,3756328408,60,935.69,1453.64,517.95,55.36,0,0,0,False,False,,False,False,False,False,False,False,10.6207,5.9819,0,0,0,0,0,0,0,0,0,0,0,0,0,0,0,RANGE_TOO_WIDE,NOT_EVALUATED,RANGE_TOO_WIDE,range width 55.36% > 25.0%,0
ADANIENT,NSE:ADANIENT-EQ,Metals & Mining,2969.3,2548916,5808826390,60,1803.71,2775.93,972.21,53.9,0,0,0,False,False,,False,False,False,False,False,False,16.3087,9.2005,0,0,0,0,0,0,0,0,0,0,0,0,0,0,0,RANGE_TOO_WIDE,NOT_EVALUATED,RANGE_TOO_WIDE,range width 53.90% > 25.0%,0
ADANIGREEN,NSE:ADANIGREEN-EQ,Power,1457.4,4594238,5102960270,60,814.53,1425.04,610.51,74.95,0,0,0,False,False,,False,False,False,False,False,False,9.8065,5.4733,0,0,0,0,0,0,0,0,0,0,0,0,0,0,0,RANGE_TOO_WIDE,NOT_EVALUATED,RANGE_TOO_WIDE,range width 74.95% > 25.0%,0
ADANIPORTS,NSE:ADANIPORTS-EQ,Services,1811.2,3241937,5040274373,60,1329.27,1805.41,476.14,35.82,0,0,0,False,False,,False,False,False,False,False,False,7.6935,4.4086,0,0,0,0,0,0,0,0,0,0,0,0,0,0,0,RANGE_TOO_WIDE,NOT_EVALUATED,RANGE_TOO_WIDE,range width 35.82% > 25.0%,0
ADANIPOWER,NSE:ADANIPOWER-EQ,Power,244.53,45426042,8709961647,60,137.38,234.02,96.64,70.35,0,0,0,False,False,,False,False,False,False,False,False,1.4483,0.8036,0,0,0,0,0,0,0,0,0,0,0,0,0,0,0,RANGE_TOO_WIDE,NOT_EVALUATED,RANGE_TOO_WIDE,range width 70.35% > 25.0%,0
ATGL,NSE:ATGL-EQ,Oil Gas & Consumable Fuels,713.1,6556944,3875578011,60,476.89,667.55,190.66,39.98,0,0,0,False,False,,False,False,False,False,False,False,5.3669,2.9132,0,0,0,0,0,0,0,0,0,0,0,0,0,0,0,RANGE_TOO_WIDE,NOT_EVALUATED,RANGE_TOO_WIDE,range width 39.98% > 25.0%,0
ABLBL,NSE:ABLBL-EQ,Consumer Services,102.12,2269217,235367047,60,90.1,110.95,20.84,23.13,4,1,0,False,False,,False,False,False,False,False,False,0.511,0.2798,0,0,0,0,0,0,0,0,0,0,0,0,0,0,0,INVALID_RANGE_RESISTANCE_TOUCHES,NOT_EVALUATED,INVALID_RANGE_RESISTANCE_TOUCHES,resistance touches 1 < 2,0
ABSLAMC,NSE:ABSLAMC-EQ,Financial Services,1003.4,570449,568643050,60,867.01,1088.95,221.94,25.6,0,0,0,False,False,,False,False,False,False,False,False,6.2982,3.4758,0,0,0,0,0,0,0,0,0,0,0,0,0,0,0,RANGE_TOO_WIDE,NOT_EVALUATED,RANGE_TOO_WIDE,range width 25.60% > 25.0%,0
AEGISLOG,NSE:AEGISLOG-EQ,Oil Gas & Consumable Fuels,715.1,1101723,734832329,60,585.58,750.11,164.53,28.1,0,0,0,False,False,,False,False,False,False,False,False,4.2027,2.3509,0,0,0,0,0,0,0,0,0,0,0,0,0,0,0,RANGE_TOO_WIDE,NOT_EVALUATED,RANGE_TOO_WIDE,range width 28.10% > 25.0%,0
AEGISVOPAK,NSE:AEGISVOPAK-EQ,Oil Gas & Consumable Fuels,208.33,960287,188419653,60,163.24,230.89,67.65,41.44,0,0,0,False,False,,False,False,False,False,False,False,1.2805,0.6822,0,0,0,0,0,0,0,0,0,0,0,0,0,0,0,RANGE_TOO_WIDE,NOT_EVALUATED,RANGE_TOO_WIDE,range width 41.44% > 25.0%,0
AFCONS,NSE:AFCONS-EQ,Construction,322.5,1730255,565397629,60,271.43,356.5,85.08,31.35,0,0,0,False,False,,False,False,False,False,False,False,2.1025,1.1342,0,0,0,0,0,0,0,0,0,0,0,0,0,0,0,RANGE_TOO_WIDE,NOT_EVALUATED,RANGE_TOO_WIDE,range width 31.35% > 25.0%,0
ARE&M,NSE:ARE&M-EQ,Automobile and Auto Components,889.3,1681757,1466598652,60,697.88,923.62,225.74,32.35,0,0,0,False,False,,False,False,False,False,False,False,4.9182,2.8706,0,0,0,0,0,0,0,0,0,0,0,0,0,0,0,RANGE_TOO_WIDE,NOT_EVALUATED,RANGE_TOO_WIDE,range width 32.35% > 25.0%,0
AMBUJACEM,NSE:AMBUJACEM-EQ,Construction Materials,449.7,3422073,1508222770,60,406.33,512.24,105.9,26.06,0,0,0,False,False,,False,False,False,False,False,False,2.0529,1.1347,0,0,0,0,0,0,0,0,0,0,0,0,0,0,0,RANGE_TOO_WIDE,NOT_EVALUATED,RANGE_TOO_WIDE,range width 26.06% > 25.0%,0
ANANTRAJ,NSE:ANANTRAJ-EQ,Realty,503.8,2451564,1202356923,60,427.15,559.76,132.61,31.05,0,0,0,False,False,,False,False,False,False,False,False,2.7027,1.5316,0,0,0,0,0,0,0,0,0,0,0,0,0,0,0,RANGE_TOO_WIDE,NOT_EVALUATED,RANGE_TOO_WIDE,range width 31.05% > 25.0%,0
ANGELONE,NSE:ANGELONE-EQ,Financial Services,344.45,10575190,3007486807,60,212.27,343.42,131.14,61.78,0,0,0,False,False,,False,False,False,False,False,False,2.0296,1.1371,0,0,0,0,0,0,0,0,0,0,0,0,0,0,0,RANGE_TOO_WIDE,NOT_EVALUATED,RANGE_TOO_WIDE,range width 61.78% > 25.0%,0
APTUS,NSE:APTUS-EQ,Financial Services,260.2,2433460,575973934,60,195.46,285.71,90.25,46.18,0,0,0,False,False,,False,False,False,False,False,False,1.3825,0.7619,0,0,0,0,0,0,0,0,0,0,0,0,0,0,0,RANGE_TOO_WIDE,NOT_EVALUATED,RANGE_TOO_WIDE,range width 46.18% > 25.0%,0
ASHOKLEY,NSE:ASHOKLEY-EQ,Capital Goods,160.54,24740773,4182336938,60,147.91,212.89,64.98,43.94,0,0,0,False,False,,False,False,False,False,False,False,0.8155,0.4546,0,0,0,0,0,0,0,0,0,0,0,0,0,0,0,RANGE_TOO_WIDE,NOT_EVALUATED,RANGE_TOO_WIDE,range width 43.94% > 25.0%,0
ATHERENERG,NSE:ATHERENERG-EQ,Automobile and Auto Components,950.6,4307798,3725628804,60,673.76,975.32,301.56,44.76,0,0,0,False,False,,False,False,False,False,False,False,6.9007,3.7655,0,0,0,0,0,0,0,0,0,0,0,0,0,0,0,RANGE_TOO_WIDE,NOT_EVALUATED,RANGE_TOO_WIDE,range width 44.76% > 25.0%,0
AUROPHARMA,NSE:AUROPHARMA-EQ,Healthcare,1461.2,1558952,2115502918,60,1181.98,1528.1,346.12,29.28,0,0,0,False,False,,False,False,False,False,False,False,6.376,3.5897,0,0,0,0,0,0,0,0,0,0,0,0,0,0,0,RANGE_TOO_WIDE,NOT_EVALUATED,RANGE_TOO_WIDE,range width 29.28% > 25.0%,0
AIIL,NSE:AIIL-EQ,Financial Services,494.85,703485,332750453,60,410.91,523.12,112.21,27.31,0,0,0,False,False,,False,False,False,False,False,False,3.6687,1.8756,0,0,0,0,0,0,0,0,0,0,0,0,0,0,0,RANGE_TOO_WIDE,NOT_EVALUATED,RANGE_TOO_WIDE,range width 27.31% > 25.0%,0
BLS,NSE:BLS-EQ,Consumer Services,265.35,4801535,1293184015,60,238.28,302.87,64.59,27.11,0,0,0,False,False,,False,False,False,False,False,False,1.7585,0.9928,0,0,0,0,0,0,0,0,0,0,0,0,0,0,0,RANGE_TOO_WIDE,NOT_EVALUATED,RANGE_TOO_WIDE,range width 27.11% > 25.0%,0
BSE,NSE:BSE-EQ,Financial Services,4403.3,4383756,14552069912,60,2655.65,4294.06,1638.41,61.7,0,0,0,False,False,,False,False,False,False,False,False,19.0851,10.7748,0,0,0,0,0,0,0,0,0,0,0,0,0,0,0,RANGE_TOO_WIDE,NOT_EVALUATED,RANGE_TOO_WIDE,range width 61.70% > 25.0%,0
BAJFINANCE,NSE:BAJFINANCE-EQ,Financial Services,930.2,9255485,8329929291,60,813.49,1015.59,202.11,24.84,4,1,0,False,False,,False,False,False,False,False,False,4.0744,2.3073,0,0,0,0,0,0,0,0,0,0,0,0,0,0,0,INVALID_RANGE_RESISTANCE_TOUCHES,NOT_EVALUATED,INVALID_RANGE_RESISTANCE_TOUCHES,resistance touches 1 < 2,0
BAJAJFINSV,NSE:BAJAJFINSV-EQ,Financial Services,1800.7,1352796,2399417802,60,1626.9,2040.12,413.22,25.4,0,0,0,False,False,,False,False,False,False,False,False,6.7513,3.8799,0,0,0,0,0,0,0,0,0,0,0,0,0,0,0,RANGE_TOO_WIDE,NOT_EVALUATED,RANGE_TOO_WIDE,range width 25.40% > 25.0%,0
BANDHANBNK,NSE:BANDHANBNK-EQ,Financial Services,200.4,13550627,2471153248,60,144.41,208.07,63.66,44.08,0,0,0,False,False,,False,False,False,False,False,False,1.1311,0.6284,0,0,0,0,0,0,0,0,0,0,0,0,0,0,0,RANGE_TOO_WIDE,NOT_EVALUATED,RANGE_TOO_WIDE,range width 44.08% > 25.0%,0
BANKBARODA,NSE:BANKBARODA-EQ,Financial Services,270.55,11267063,3109479858,60,251.83,316.64,64.8,25.73,0,0,0,False,False,,False,False,False,False,False,False,1.0533,0.6052,0,0,0,0,0,0,0,0,0,0,0,0,0,0,0,RANGE_TOO_WIDE,NOT_EVALUATED,RANGE_TOO_WIDE,range width 25.73% > 25.0%,0
BANKINDIA,NSE:BANKINDIA-EQ,Financial Services,144.99,11271195,1669928954,60,136.49,176.43,39.94,29.27,0,0,0,False,False,,False,False,False,False,False,False,0.5712,0.3269,0,0,0,0,0,0,0,0,0,0,0,0,0,0,0,RANGE_TOO_WIDE,NOT_EVALUATED,RANGE_TOO_WIDE,range width 29.27% > 25.0%,0
MAHABANK,NSE:MAHABANK-EQ,Financial Services,80.18,24578195,1813660339,60,61.5,82.58,21.08,34.27,0,0,0,False,False,,False,False,False,False,False,False,0.3421,0.195,0,0,0,0,0,0,0,0,0,0,0,0,0,0,0,RANGE_TOO_WIDE,NOT_EVALUATED,RANGE_TOO_WIDE,range width 34.27% > 25.0%,0
BELRISE,NSE:BELRISE-EQ,Automobile and Auto Components,217.28,5193938,1039015971,60,176.12,224.48,48.36,27.46,0,0,0,False,False,,False,False,False,False,False,False,1.3661,0.7534,0,0,0,0,0,0,0,0,0,0,0,0,0,0,0,RANGE_TOO_WIDE,NOT_EVALUATED,RANGE_TOO_WIDE,range width 27.46% > 25.0%,0
BERGEPAINT,NSE:BERGEPAINT-EQ,Consumer Durables,515.55,586780,281769142,60,404.44,529.22,124.77,30.85,0,0,0,False,False,,False,False,False,False,False,False,2.8822,1.5985,0,0,0,0,0,0,0,0,0,0,0,0,0,0,0,RANGE_TOO_WIDE,NOT_EVALUATED,RANGE_TOO_WIDE,range width 30.85% > 25.0%,0
BDL,NSE:BDL-EQ,Capital Goods,1329.9,1497747,1957039765,60,1150.01,1439.59,289.58,25.18,0,0,0,False,False,,False,False,False,False,False,False,6.8513,3.7832,0,0,0,0,0,0,0,0,0,0,0,0,0,0,0,RANGE_TOO_WIDE,NOT_EVALUATED,RANGE_TOO_WIDE,range width 25.18% > 25.0%,0
BHEL,NSE:BHEL-EQ,Capital Goods,417.75,16819273,5536659743,60,243.91,415.76,171.85,70.46,0,0,0,False,False,,False,False,False,False,False,False,2.0856,1.1953,0,0,0,0,0,0,0,0,0,0,0,0,0,0,0,RANGE_TOO_WIDE,NOT_EVALUATED,RANGE_TOO_WIDE,range width 70.46% > 25.0%,0
BPCL,NSE:BPCL-EQ,Oil Gas & Consumable Fuels,304.6,13488594,4136268138,60,270.99,377.2,106.21,39.19,0,0,0,False,False,,False,False,False,False,False,False,1.3175,0.726,0,0,0,0,0,0,0,0,0,0,0,0,0,0,0,RANGE_TOO_WIDE,NOT_EVALUATED,RANGE_TOO_WIDE,range width 39.19% > 25.0%,0
GROWW,NSE:GROWW-EQ,Financial Services,188.77,47725055,9143651831,60,151.3,223.7,72.4,47.86,0,0,0,False,False,,False,False,False,False,False,False,1.0702,0.6029,0,0,0,0,0,0,0,0,0,0,0,0,0,0,0,RANGE_TOO_WIDE,NOT_EVALUATED,RANGE_TOO_WIDE,range width 47.86% > 25.0%,0
BIOCON,NSE:BIOCON-EQ,Healthcare,436.15,4281758,1645283760,60,344.14,435.8,91.66,26.63,0,0,0,False,False,,False,False,False,False,False,False,2.0964,1.1674,0,0,0,0,0,0,0,0,0,0,0,0,0,0,0,RANGE_TOO_WIDE,NOT_EVALUATED,RANGE_TOO_WIDE,range width 26.63% > 25.0%,0
BSOFT,NSE:BSOFT-EQ,Information Technology,324.4,1295176,464844032,60,311.94,395.89,83.94,26.91,0,0,0,False,False,,False,False,False,False,False,False,1.8518,1.0069,0,0,0,0,0,0,0,0,0,0,0,0,0,0,0,RANGE_TOO_WIDE,NOT_EVALUATED,RANGE_TOO_WIDE,range width 26.91% > 25.0%,0
BLUEJET,NSE:BLUEJET-EQ,Healthcare,499.55,746339,309764202,60,335.76,497.9,162.14,48.29,0,0,0,False,False,,False,False,False,False,False,False,4.1265,2.2859,0,0,0,0,0,0,0,0,0,0,0,0,0,0,0,RANGE_TOO_WIDE,NOT_EVALUATED,RANGE_TOO_WIDE,range width 48.29% > 25.0%,0
BLUESTARCO,NSE:BLUESTARCO-EQ,Consumer Durables,1640.9,675377,1177771254,60,1519.57,1975.06,455.49,29.98,0,0,0,False,False,,False,False,False,False,False,False,8.3542,4.6898,0,0,0,0,0,0,0,0,0,0,0,0,0,0,0,RANGE_TOO_WIDE,NOT_EVALUATED,RANGE_TOO_WIDE,range width 29.98% > 25.0%,0
BRIGADE,NSE:BRIGADE-EQ,Realty,672.45,794930,557841631,60,637.52,808.52,171.0,26.82,0,0,0,False,False,,False,False,False,False,False,False,3.3282,1.8959,0,0,0,0,0,0,0,0,0,0,0,0,0,0,0,RANGE_TOO_WIDE,NOT_EVALUATED,RANGE_TOO_WIDE,range width 26.82% > 25.0%,0
CESC,NSE:CESC-EQ,Power,182.84,3529635,619494225,60,148.03,193.39,45.36,30.64,0,0,0,False,False,,False,False,False,False,False,False,0.852,0.4672,0,0,0,0,0,0,0,0,0,0,0,0,0,0,0,RANGE_TOO_WIDE,NOT_EVALUATED,RANGE_TOO_WIDE,range width 30.64% > 25.0%,0
CGPOWER,NSE:CGPOWER-EQ,Capital Goods,879.15,3374199,2607193810,60,658.59,876.23,217.64,33.05,0,0,0,False,False,,False,False,False,False,False,False,4.1569,2.3107,0,0,0,0,0,0,0,0,0,0,0,0,0,0,0,RANGE_TOO_WIDE,NOT_EVALUATED,RANGE_TOO_WIDE,range width 33.05% > 25.0%,0
CANBK,NSE:CANBK-EQ,Financial Services,133.15,24459938,3358157268,60,123.98,158.14,34.16,27.55,0,0,0,False,False,,False,False,False,False,False,False,0.5408,0.3092,0,0,0,0,0,0,0,0,0,0,0,0,0,0,0,RANGE_TOO_WIDE,NOT_EVALUATED,RANGE_TOO_WIDE,range width 27.55% > 25.0%,0
CGCL,NSE:CGCL-EQ,Financial Services,190.79,2321646,416923734,60,154.0,197.63,43.63,28.33,0,0,0,False,False,,False,False,False,False,False,False,1.074,0.5977,0,0,0,0,0,0,0,0,0,0,0,0,0,0,0,RANGE_TOO_WIDE,NOT_EVALUATED,RANGE_TOO_WIDE,range width 28.33% > 25.0%,0
CARTRADE,NSE:CARTRADE-EQ,Consumer Services,1700.4,530390,956896757,60,1617.18,1975.25,358.06,22.14,3,1,0,False,False,,False,False,False,False,False,False,12.7898,6.9617,0,0,0,0,0,0,0,0,0,0,0,0,0,0,0,INVALID_RANGE_RESISTANCE_TOUCHES,NOT_EVALUATED,INVALID_RANGE_RESISTANCE_TOUCHES,resistance touches 1 < 2,0
CEMPRO,NSE:CEMPRO-EQ,Construction,943.3,1344926,1134866086,60,510.49,968.73,458.24,89.76,0,0,0,False,False,,False,False,False,False,False,False,7.634,4.2202,0,0,0,0,0,0,0,0,0,0,0,0,0,0,0,RANGE_TOO_WIDE,NOT_EVALUATED,RANGE_TOO_WIDE,range width 89.76% > 25.0%,0
CHENNPETRO,NSE:CHENNPETRO-EQ,Oil Gas & Consumable Fuels,1019.8,2657201,2708264815,60,899.08,1125.51,226.43,25.18,0,0,0,False,False,,False,False,False,False,False,False,4.8258,2.867,0,0,0,0,0,0,0,0,0,0,0,0,0,0,0,RANGE_TOO_WIDE,NOT_EVALUATED,RANGE_TOO_WIDE,range width 25.18% > 25.0%,0
CHOICEIN,NSE:CHOICEIN-EQ,Financial Services,687.6,670015,449878033,60,605.77,750.47,144.7,23.89,4,1,0,False,False,,False,False,False,False,False,False,2.7098,1.4838,0,0,0,0,0,0,0,0,0,0,0,0,0,0,0,INVALID_RANGE_RESISTANCE_TOUCHES,NOT_EVALUATED,INVALID_RANGE_RESISTANCE_TOUCHES,resistance touches 1 < 2,0
CHOLAFIN,NSE:CHOLAFIN-EQ,Financial Services,1567.3,2111887,3291750700,60,1362.08,1740.62,378.55,27.79,0,0,0,False,False,,False,False,False,False,False,False,7.5,4.1381,0,0,0,0,0,0,0,0,0,0,0,0,0,0,0,RANGE_TOO_WIDE,NOT_EVALUATED,RANGE_TOO_WIDE,range width 27.79% > 25.0%,0
CUB,NSE:CUB-EQ,Financial Services,254.1,2985843,768883987,60,230.71,291.36,60.64,26.29,0,0,0,False,False,,False,False,False,False,False,False,1.2589,0.7075,0,0,0,0,0,0,0,0,0,0,0,0,0,0,0,RANGE_TOO_WIDE,NOT_EVALUATED,RANGE_TOO_WIDE,range width 26.29% > 25.0%,0
COCHINSHIP,NSE:COCHINSHIP-EQ,Capital Goods,1526.2,1961045,3015286319,60,1259.74,1777.06,517.31,41.06,0,0,0,False,False,,False,False,False,False,False,False,8.4371,4.7207,0,0,0,0,0,0,0,0,0,0,0,0,0,0,0,RANGE_TOO_WIDE,NOT_EVALUATED,RANGE_TOO_WIDE,range width 41.06% > 25.0%,0
COFORGE,NSE:COFORGE-EQ,Information Technology,1422.8,3974505,4913050630,60,1072.88,1423.74,350.87,32.7,0,0,0,False,False,,False,False,False,False,False,False,7.6095,4.3286,0,0,0,0,0,0,0,0,0,0,0,0,0,0,0,RANGE_TOO_WIDE,NOT_EVALUATED,RANGE_TOO_WIDE,range width 32.70% > 25.0%,0
COHANCE,NSE:COHANCE-EQ,Healthcare,434.9,3944980,1651478565,60,282.12,502.48,220.36,78.11,0,0,0,False,False,,False,False,False,False,False,False,3.6085,1.9675,0,0,0,0,0,0,0,0,0,0,0,0,0,0,0,RANGE_TOO_WIDE,NOT_EVALUATED,RANGE_TOO_WIDE,range width 78.11% > 25.0%,0
CAMS,NSE:CAMS-EQ,Financial Services,773.15,1818348,1315722491,60,623.21,822.09,198.88,31.91,0,0,0,False,False,,False,False,False,False,False,False,4.044,2.2403,0,0,0,0,0,0,0,0,0,0,0,0,0,0,0,RANGE_TOO_WIDE,NOT_EVALUATED,RANGE_TOO_WIDE,range width 31.91% > 25.0%,0
CREDITACC,NSE:CREDITACC-EQ,Financial Services,1298.3,592950,812880946,60,1143.44,1511.82,368.38,32.22,0,0,0,False,False,,False,False,False,False,False,False,6.7855,3.8314,0,0,0,0,0,0,0,0,0,0,0,0,0,0,0,RANGE_TOO_WIDE,NOT_EVALUATED,RANGE_TOO_WIDE,range width 32.22% > 25.0%,0
CROMPTON,NSE:CROMPTON-EQ,Consumer Durables,289.05,3955363,1062745475,60,227.93,298.82,70.88,31.1,0,0,0,False,False,,False,False,False,False,False,False,1.7387,0.9879,0,0,0,0,0,0,0,0,0,0,0,0,0,0,0,RANGE_TOO_WIDE,NOT_EVALUATED,RANGE_TOO_WIDE,range width 31.10% > 25.0%,0
DABUR,NSE:DABUR-EQ,Fast Moving Consumer Goods,447.6,2066141,940318844,60,408.49,519.95,111.46,27.29,0,0,0,False,False,,False,False,False,False,False,False,1.6689,0.9142,0,0,0,0,0,0,0,0,0,0,0,0,0,0,0,RANGE_TOO_WIDE,NOT_EVALUATED,RANGE_TOO_WIDE,range width 27.29% > 25.0%,0
DATAPATTNS,NSE:DATAPATTNS-EQ,Capital Goods,4101.7,1275359,4652051065,60,3014.97,4280.35,1265.38,41.97,0,0,0,False,False,,False,False,False,False,False,False,31.3538,17.3225,0,0,0,0,0,0,0,0,0,0,0,0,0,0,0,RANGE_TOO_WIDE,NOT_EVALUATED,RANGE_TOO_WIDE,range width 41.97% > 25.0%,0
DEEPAKFERT,NSE:DEEPAKFERT-EQ,Chemicals,1448.7,619951,707432431,60,903.24,1399.42,496.18,54.93,0,0,0,False,False,,False,False,False,False,False,False,8.6738,4.7847,0,0,0,0,0,0,0,0,0,0,0,0,0,0,0,RANGE_TOO_WIDE,NOT_EVALUATED,RANGE_TOO_WIDE,range width 54.93% > 25.0%,0
DEVYANI,NSE:DEVYANI-EQ,Consumer Services,116.39,4087893,466750493,60,95.5,130.07,34.57,36.21,0,0,0,False,False,,False,False,False,False,False,False,0.6341,0.3525,0,0,0,0,0,0,0,0,0,0,0,0,0,0,0,RANGE_TOO_WIDE,NOT_EVALUATED,RANGE_TOO_WIDE,range width 36.21% > 25.0%,0
ELECON,NSE:ELECON-EQ,Capital Goods,525.15,884500,415570669,60,367.48,555.59,188.11,51.19,0,0,0,False,False,,False,False,False,False,False,False,3.4802,1.8995,0,0,0,0,0,0,0,0,0,0,0,0,0,0,0,RANGE_TOO_WIDE,NOT_EVALUATED,RANGE_TOO_WIDE,range width 51.19% > 25.0%,0
EMMVEE,NSE:EMMVEE-EQ,Capital Goods,295.45,3945464,1008177006,60,186.94,290.91,103.97,55.62,0,0,0,False,False,,False,False,False,False,False,False,2.0835,1.1896,0,0,0,0,0,0,0,0,0,0,0,0,0,0,0,RANGE_TOO_WIDE,NOT_EVALUATED,RANGE_TOO_WIDE,range width 55.62% > 25.0%,0
ENGINERSIN,NSE:ENGINERSIN-EQ,Construction,230.5,5119975,1163646626,60,184.91,263.32,78.41,42.41,0,0,0,False,False,,False,False,False,False,False,False,1.7198,0.9488,0,0,0,0,0,0,0,0,0,0,0,0,0,0,0,RANGE_TOO_WIDE,NOT_EVALUATED,RANGE_TOO_WIDE,range width 42.41% > 25.0%,0
ETERNAL,NSE:ETERNAL-EQ,Consumer Services,250.17,48586114,11752071379,60,219.52,262.24,42.71,19.46,1,7,0,False,False,,False,False,False,False,False,False,1.0888,0.6177,0,0,0,0,0,0,0,0,0,0,0,0,0,0,0,INVALID_RANGE_SUPPORT_TOUCHES,NOT_EVALUATED,INVALID_RANGE_SUPPORT_TOUCHES,support touches 1 < 2,0
EXIDEIND,NSE:EXIDEIND-EQ,Automobile and Auto Components,366.25,2793692,948512181,60,290.9,368.12,77.21,26.54,0,0,0,False,False,,False,False,False,False,False,False,1.5115,0.8369,0,0,0,0,0,0,0,0,0,0,0,0,0,0,0,RANGE_TOO_WIDE,NOT_EVALUATED,RANGE_TOO_WIDE,range width 26.54% > 25.0%,0
FACT,NSE:FACT-EQ,Chemicals,903.4,1248490,1067731344,60,667.04,935.5,268.46,40.25,0,0,0,False,False,,False,False,False,False,False,False,4.6355,2.5703,0,0,0,0,0,0,0,0,0,0,0,0,0,0,0,RANGE_TOO_WIDE,NOT_EVALUATED,RANGE_TOO_WIDE,range width 40.25% > 25.0%,0
FINCABLES,NSE:FINCABLES-EQ,Capital Goods,1086.15,693894,662057410,60,791.22,1109.84,318.62,40.27,0,0,0,False,False,,False,False,False,False,False,False,7.5971,4.1891,0,0,0,0,0,0,0,0,0,0,0,0,0,0,0,RANGE_TOO_WIDE,NOT_EVALUATED,RANGE_TOO_WIDE,range width 40.27% > 25.0%,0
FSL,NSE:FSL-EQ,Services,277.72,5525357,1367178527,60,204.74,272.84,68.1,33.26,0,0,0,False,False,,False,False,False,False,False,False,1.9828,1.0729,0,0,0,0,0,0,0,0,0,0,0,0,0,0,0,RANGE_TOO_WIDE,NOT_EVALUATED,RANGE_TOO_WIDE,range width 33.26% > 25.0%,0
FIVESTAR,NSE:FIVESTAR-EQ,Financial Services,455.15,1548754,670774772,60,347.93,515.22,167.3,48.08,0,0,0,False,False,,False,False,False,False,False,False,2.4531,1.3148,0,0,0,0,0,0,0,0,0,0,0,0,0,0,0,RANGE_TOO_WIDE,NOT_EVALUATED,RANGE_TOO_WIDE,range width 48.08% > 25.0%,0
FORTIS,NSE:FORTIS-EQ,Healthcare,966.6,1555512,1389558565,60,784.11,981.05,196.94,25.12,0,0,0,False,False,,False,False,False,False,False,False,4.1729,2.3204,0,0,0,0,0,0,0,0,0,0,0,0,0,0,0,RANGE_TOO_WIDE,NOT_EVALUATED,RANGE_TOO_WIDE,range width 25.12% > 25.0%,0
GVT&D,NSE:GVT&D-EQ,Capital Goods,4848.3,725778,3010115540,60,3486.38,4879.72,1393.35,39.97,0,0,0,False,False,,False,False,False,False,False,False,33.3985,18.4685,0,0,0,0,0,0,0,0,0,0,0,0,0,0,0,RANGE_TOO_WIDE,NOT_EVALUATED,RANGE_TOO_WIDE,range width 39.97% > 25.0%,0
GALLANTT,NSE:GALLANTT-EQ,Capital Goods,689.75,3172663,2501613431,60,519.71,910.75,391.04,75.24,0,0,0,False,False,,False,False,False,False,False,False,5.7089,3.0713,0,0,0,0,0,0,0,0,0,0,0,0,0,0,0,RANGE_TOO_WIDE,NOT_EVALUATED,RANGE_TOO_WIDE,range width 75.24% > 25.0%,0
GRSE,NSE:GRSE-EQ,Capital Goods,2662.5,2050269,5458080571,60,2101.89,3114.79,1012.89,48.19,0,0,0,False,False,,False,False,False,False,False,False,15.8924,9.0175,0,0,0,0,0,0,0,0,0,0,0,0,0,0,0,RANGE_TOO_WIDE,NOT_EVALUATED,RANGE_TOO_WIDE,range width 48.19% > 25.0%,0
GPIL,NSE:GPIL-EQ,Capital Goods,285.4,3611574,1044965456,60,244.07,309.79,65.72,26.93,0,0,0,False,False,,False,False,False,False,False,False,1.9655,1.0887,0,0,0,0,0,0,0,0,0,0,0,0,0,0,0,RANGE_TOO_WIDE,NOT_EVALUATED,RANGE_TOO_WIDE,range width 26.93% > 25.0%,0
GODFRYPHLP,NSE:GODFRYPHLP-EQ,Fast Moving Consumer Goods,2298.4,1087655,2339554954,60,1865.78,2478.1,612.32,32.82,0,0,0,False,False,,False,False,False,False,False,False,15.7975,8.7644,0,0,0,0,0,0,0,0,0,0,0,0,0,0,0,RANGE_TOO_WIDE,NOT_EVALUATED,RANGE_TOO_WIDE,range width 32.82% > 25.0%,0
GODREJCP,NSE:GODREJCP-EQ,Fast Moving Consumer Goods,1031.8,1783047,1887686102,60,989.09,1237.95,248.86,25.16,0,0,0,False,False,,False,False,False,False,False,False,4.376,2.4314,0,0,0,0,0,0,0,0,0,0,0,0,0,0,0,RANGE_TOO_WIDE,NOT_EVALUATED,RANGE_TOO_WIDE,range width 25.16% > 25.0%,0
GODREJPROP,NSE:GODREJPROP-EQ,Realty,1760.2,1139486,1939738921,60,1493.41,1889.24,395.83,26.51,0,0,0,False,False,,False,False,False,False,False,False,8.4502,4.7368,0,0,0,0,0,0,0,0,0,0,0,0,0,0,0,RANGE_TOO_WIDE,NOT_EVALUATED,RANGE_TOO_WIDE,range width 26.51% > 25.0%,0
GRANULES,NSE:GRANULES-EQ,Healthcare,756.5,1128866,754761686,60,555.71,771.51,215.8,38.83,0,0,0,False,False,,False,False,False,False,False,False,3.6858,2.0955,0,0,0,0,0,0,0,0,0,0,0,0,0,0,0,RANGE_TOO_WIDE,NOT_EVALUATED,RANGE_TOO_WIDE,range width 38.83% > 25.0%,0
GRAPHITE,NSE:GRAPHITE-EQ,Capital Goods,755.95,2028509,1411218739,60,589.13,768.05,178.92,30.37,0,0,0,False,False,,False,False,False,False,False,False,5.2611,2.8598,0,0,0,0,0,0,0,0,0,0,0,0,0,0,0,RANGE_TOO_WIDE,NOT_EVALUATED,RANGE_TOO_WIDE,range width 30.37% > 25.0%,0
GRASIM,NSE:GRASIM-EQ,Construction Materials,3165.0,1080774,3007855664,60,2532.5,3180.38,647.88,25.58,0,0,0,False,False,,False,False,False,False,False,False,12.1415,6.728,0,0,0,0,0,0,0,0,0,0,0,0,0,0,0,RANGE_TOO_WIDE,NOT_EVALUATED,RANGE_TOO_WIDE,range width 25.58% > 25.0%,0
GESHIP,NSE:GESHIP-EQ,Services,1650.7,1249556,1958171483,60,1312.39,1730.17,417.78,31.83,0,0,0,False,False,,False,False,False,False,False,False,14.0055,7.6145,0,0,0,0,0,0,0,0,0,0,0,0,0,0,0,RANGE_TOO_WIDE,NOT_EVALUATED,RANGE_TOO_WIDE,range width 31.83% > 25.0%,0
GMDCLTD,NSE:GMDCLTD-EQ,Metals & Mining,693.15,5029559,3325369717,60,527.0,752.39,225.4,42.77,0,0,0,False,False,,False,False,False,False,False,False,4.3176,2.3433,0,0,0,0,0,0,0,0,0,0,0,0,0,0,0,RANGE_TOO_WIDE,NOT_EVALUATED,RANGE_TOO_WIDE,range width 42.77% > 25.0%,0
HEG,NSE:HEG-EQ,Capital Goods,587.2,2819262,1646254619,60,486.78,678.2,191.42,39.32,0,0,0,False,False,,False,False,False,False,False,False,3.7856,2.0488,0,0,0,0,0,0,0,0,0,0,0,0,0,0,0,RANGE_TOO_WIDE,NOT_EVALUATED,RANGE_TOO_WIDE,range width 39.32% > 25.0%,0
HBLENGINE,NSE:HBLENGINE-EQ,Capital Goods,799.45,1584535,1179854961,60,638.22,850.48,212.25,33.26,0,0,0,False,False,,False,False,False,False,False,False,5.1775,2.8803,0,0,0,0,0,0,0,0,0,0,0,0,0,0,0,RANGE_TOO_WIDE,NOT_EVALUATED,RANGE_TOO_WIDE,range width 33.26% > 25.0%,0
HCLTECH,NSE:HCLTECH-EQ,Information Technology,1161.9,4346652,5659509412,60,1136.33,1466.13,329.8,29.02,0,0,0,False,False,,False,False,False,False,False,False,4.3044,2.4416,0,0,0,0,0,0,0,0,0,0,0,0,0,0,0,RANGE_TOO_WIDE,NOT_EVALUATED,RANGE_TOO_WIDE,range width 29.02% > 25.0%,0
HDBFS,NSE:HDBFS-EQ,Financial Services,679.7,949441,619367945,60,569.94,723.95,154.01,27.02,0,0,0,False,False,,False,False,False,False,False,False,2.5411,1.4496,0,0,0,0,0,0,0,0,0,0,0,0,0,0,0,RANGE_TOO_WIDE,NOT_EVALUATED,RANGE_TOO_WIDE,range width 27.02% > 25.0%,0
HDFCAMC,NSE:HDFCAMC-EQ,Financial Services,2739.8,1159713,2974519264,60,2273.5,2845.49,571.99,25.16,0,0,0,False,False,,False,False,False,False,False,False,12.5138,6.9355,0,0,0,0,0,0,0,0,0,0,0,0,0,0,0,RANGE_TOO_WIDE,NOT_EVALUATED,RANGE_TOO_WIDE,range width 25.16% > 25.0%,0
HDFCBANK,NSE:HDFCBANK-EQ,Financial Services,778.9,45377207,36104858518,60,740.95,899.6,158.65,21.41,7,1,0,False,False,,False,False,False,False,False,False,2.8342,1.5821,0,0,0,0,0,0,0,0,0,0,0,0,0,0,0,INVALID_RANGE_RESISTANCE_TOUCHES,NOT_EVALUATED,INVALID_RANGE_RESISTANCE_TOUCHES,resistance touches 1 < 2,0
HDFCLIFE,NSE:HDFCLIFE-EQ,Financial Services,618.85,4739589,2925689964,60,573.37,737.05,163.68,28.55,0,0,0,False,False,,False,False,False,False,False,False,2.2233,1.2483,0,0,0,0,0,0,0,0,0,0,0,0,0,0,0,RANGE_TOO_WIDE,NOT_EVALUATED,RANGE_TOO_WIDE,range width 28.55% > 25.0%,0
HFCL,NSE:HFCL-EQ,Telecommunication,161.8,49174855,5717050113,60,66.17,154.73,88.56,133.82,0,0,0,False,False,,False,False,False,False,False,False,1.4713,0.8202,0,0,0,0,0,0,0,0,0,0,0,0,0,0,0,RANGE_TOO_WIDE,NOT_EVALUATED,RANGE_TOO_WIDE,range width 133.82% > 25.0%,0
HEXT,NSE:HEXT-EQ,Information Technology,507.9,867708,398697642,60,407.9,517.34,109.44,26.83,0,0,0,False,False,,False,False,False,False,False,False,2.6493,1.4525,0,0,0,0,0,0,0,0,0,0,0,0,0,0,0,RANGE_TOO_WIDE,NOT_EVALUATED,RANGE_TOO_WIDE,range width 26.83% > 25.0%,0
HSCL,NSE:HSCL-EQ,Chemicals,606.4,7112523,4003071209,60,424.99,642.79,217.8,51.25,0,0,0,False,False,,False,False,False,False,False,False,5.0195,2.6423,0,0,0,0,0,0,0,0,0,0,0,0,0,0,0,RANGE_TOO_WIDE,NOT_EVALUATED,RANGE_TOO_WIDE,range width 51.25% > 25.0%,0
HINDALCO,NSE:HINDALCO-EQ,Metals & Mining,1103.8,6247440,6126323931,60,861.92,1111.11,249.18,28.91,0,0,0,False,False,,False,False,False,False,False,False,5.1629,2.8307,0,0,0,0,0,0,0,0,0,0,0,0,0,0,0,RANGE_TOO_WIDE,NOT_EVALUATED,RANGE_TOO_WIDE,range width 28.91% > 25.0%,0
HAL,NSE:HAL-EQ,Capital Goods,4427.7,1500585,6190593780,60,3574.84,4796.62,1221.78,34.18,0,0,0,False,False,,False,False,False,False,False,False,22.3687,12.1761,0,0,0,0,0,0,0,0,0,0,0,0,0,0,0,RANGE_TOO_WIDE,NOT_EVALUATED,RANGE_TOO_WIDE,range width 34.18% > 25.0%,0
HINDCOPPER,NSE:HINDCOPPER-EQ,Metals & Mining,556.0,9393421,4995926839,60,461.22,592.58,131.37,28.48,0,0,0,False,False,,False,False,False,False,False,False,3.1091,1.7445,0,0,0,0,0,0,0,0,0,0,0,0,0,0,0,RANGE_TOO_WIDE,NOT_EVALUATED,RANGE_TOO_WIDE,range width 28.48% > 25.0%,0
HINDPETRO,NSE:HINDPETRO-EQ,Oil Gas & Consumable Fuels,398.0,9674856,3568786923,60,319.49,444.12,124.63,39.01,0,0,0,False,False,,False,False,False,False,False,False,1.9358,1.0915,0,0,0,0,0,0,0,0,0,0,0,0,0,0,0,RANGE_TOO_WIDE,NOT_EVALUATED,RANGE_TOO_WIDE,range width 39.01% > 25.0%,0
HINDZINC,NSE:HINDZINC-EQ,Metals & Mining,647.4,6611624,3887390880,60,503.05,653.59,150.53,29.92,0,0,0,False,False,,False,False,False,False,False,False,2.8278,1.579,0,0,0,0,0,0,0,0,0,0,0,0,0,0,0,RANGE_TOO_WIDE,NOT_EVALUATED,RANGE_TOO_WIDE,range width 29.92% > 25.0%,0
HONASA,NSE:HONASA-EQ,Fast Moving Consumer Goods,396.0,2138902,774220103,60,267.32,366.16,98.84,36.97,0,0,0,False,False,,False,False,False,False,False,False,2.5758,1.4116,0,0,0,0,0,0,0,0,0,0,0,0,0,0,0,RANGE_TOO_WIDE,NOT_EVALUATED,RANGE_TOO_WIDE,range width 36.97% > 25.0%,0
HUDCO,NSE:HUDCO-EQ,Financial Services,206.64,4902388,965780876,60,164.83,230.54,65.71,39.87,0,0,0,False,False,,False,False,False,False,False,False,1.1375,0.6097,0,0,0,0,0,0,0,0,0,0,0,0,0,0,0,RANGE_TOO_WIDE,NOT_EVALUATED,RANGE_TOO_WIDE,range width 39.87% > 25.0%,0
HYUNDAI,NSE:HYUNDAI-EQ,Automobile and Auto Components,1884.0,1039386,1928072566,60,1698.11,2180.93,482.82,28.43,0,0,0,False,False,,False,False,False,False,False,False,9.6095,5.2272,0,0,0,0,0,0,0,0,0,0,0,0,0,0,0,RANGE_TOO_WIDE,NOT_EVALUATED,RANGE_TOO_WIDE,range width 28.43% > 25.0%,0
ICICIPRULI,NSE:ICICIPRULI-EQ,Financial Services,522.7,1537975,848349026,60,503.8,665.58,161.78,32.11,0,0,0,False,False,,False,False,False,False,False,False,2.188,1.2414,0,0,0,0,0,0,0,0,0,0,0,0,0,0,0,RANGE_TOO_WIDE,NOT_EVALUATED,RANGE_TOO_WIDE,range width 32.11% > 25.0%,0
IDBI,NSE:IDBI-EQ,Financial Services,72.94,18094269,1464216075,60,64.94,115.33,50.4,77.61,0,0,0,False,False,,False,False,False,False,False,False,0.3413,0.1897,0,0,0,0,0,0,0,0,0,0,0,0,0,0,0,RANGE_TOO_WIDE,NOT_EVALUATED,RANGE_TOO_WIDE,range width 77.61% > 25.0%,0
IFCI,NSE:IFCI-EQ,Financial Services,64.4,21983337,1292882922,60,49.93,65.62,15.69,31.43,0,0,0,False,False,,False,False,False,False,False,False,0.3909,0.2218,0,0,0,0,0,0,0,0,0,0,0,0,0,0,0,RANGE_TOO_WIDE,NOT_EVALUATED,RANGE_TOO_WIDE,range width 31.43% > 25.0%,0
IRCON,NSE:IRCON-EQ,Construction,140.23,5515105,787562581,60,118.64,161.5,42.86,36.13,0,0,0,False,False,,False,False,False,False,False,False,0.7148,0.3979,0,0,0,0,0,0,0,0,0,0,0,0,0,0,0,RANGE_TOO_WIDE,NOT_EVALUATED,RANGE_TOO_WIDE,range width 36.13% > 25.0%,0
ITCHOTELS,NSE:ITCHOTELS-EQ,Consumer Services,154.55,5506481,854266160,60,139.96,178.47,38.52,27.52,0,0,0,False,False,,False,False,False,False,False,False,0.6218,0.3575,0,0,0,0,0,0,0,0,0,0,0,0,0,0,0,RANGE_TOO_WIDE,NOT_EVALUATED,RANGE_TOO_WIDE,range width 27.52% > 25.0%,0
ITI,NSE:ITI-EQ,Telecommunication,300.3,5703476,1629958681,60,244.8,310.87,66.07,26.99,0,0,0,False,False,,False,False,False,False,False,False,1.6916,0.9351,0,0,0,0,0,0,0,0,0,0,0,0,0,0,0,RANGE_TOO_WIDE,NOT_EVALUATED,RANGE_TOO_WIDE,range width 26.99% > 25.0%,0
IOC,NSE:IOC-EQ,Oil Gas & Consumable Fuels,142.38,20124057,3003205978,60,131.64,182.47,50.83,38.61,0,0,0,False,False,,False,False,False,False,False,False,0.5573,0.3177,0,0,0,0,0,0,0,0,0,0,0,0,0,0,0,RANGE_TOO_WIDE,NOT_EVALUATED,RANGE_TOO_WIDE,range width 38.61% > 25.0%,0
IRCTC,NSE:IRCTC-EQ,Consumer Services,537.2,2130639,1178037677,60,504.75,595.15,90.41,17.91,6,1,0,False,False,,False,False,False,False,False,False,2.0087,1.1477,0,0,0,0,0,0,0,0,0,0,0,0,0,0,0,INVALID_RANGE_RESISTANCE_TOUCHES,NOT_EVALUATED,INVALID_RANGE_RESISTANCE_TOUCHES,resistance touches 1 < 2,0
IREDA,NSE:IREDA-EQ,Financial Services,129.54,9896544,1244923266,60,111.26,139.75,28.48,25.6,0,0,0,False,False,,False,False,False,False,False,False,0.6079,0.3351,0,0,0,0,0,0,0,0,0,0,0,0,0,0,0,RANGE_TOO_WIDE,NOT_EVALUATED,RANGE_TOO_WIDE,range width 25.60% > 25.0%,0
INOXWIND,NSE:INOXWIND-EQ,Capital Goods,96.22,14924842,1384110774,60,76.77,106.82,30.06,39.15,0,0,0,False,False,,False,False,False,False,False,False,0.5758,0.3135,0,0,0,0,0,0,0,0,0,0,0,0,0,0,0,RANGE_TOO_WIDE,NOT_EVALUATED,RANGE_TOO_WIDE,range width 39.15% > 25.0%,0
INTELLECT,NSE:INTELLECT-EQ,Information Technology,710.55,612169,437550601,60,625.51,790.03,164.52,26.3,0,0,0,False,False,,False,False,False,False,False,False,4.4265,2.4235,0,0,0,0,0,0,0,0,0,0,0,0,0,0,0,RANGE_TOO_WIDE,NOT_EVALUATED,RANGE_TOO_WIDE,range width 26.30% > 25.0%,0
INDIGO,NSE:INDIGO-EQ,Services,4480.8,1670095,7294358640,60,4018.45,4865.09,846.64,21.07,2,1,0,False,False,,False,False,False,False,False,False,18.7058,10.6943,0,0,0,0,0,0,0,0,0,0,0,0,0,0,0,INVALID_RANGE_RESISTANCE_TOUCHES,NOT_EVALUATED,INVALID_RANGE_RESISTANCE_TOUCHES,resistance touches 1 < 2,0
JBMA,NSE:JBMA-EQ,Automobile and Auto Components,639.35,2933021,1744663288,60,495.94,672.33,176.39,35.57,0,0,0,False,False,,False,False,False,False,False,False,3.5615,2.0093,0,0,0,0,0,0,0,0,0,0,0,0,0,0,0,RANGE_TOO_WIDE,NOT_EVALUATED,RANGE_TOO_WIDE,range width 35.57% > 25.0%,0
JKTYRE,NSE:JKTYRE-EQ,Automobile and Auto Components,394.15,1364617,577927773,60,362.47,532.01,169.54,46.77,0,0,0,False,False,,False,False,False,False,False,False,1.9898,1.113,0,0,0,0,0,0,0,0,0,0,0,0,0,0,0,RANGE_TOO_WIDE,NOT_EVALUATED,RANGE_TOO_WIDE,range width 46.77% > 25.0%,0
JMFINANCIL,NSE:JMFINANCIL-EQ,Financial Services,132.51,2802311,362128981,60,115.38,144.55,29.17,25.28,0,0,0,False,False,,False,False,False,False,False,False,0.7331,0.4104,0,0,0,0,0,0,0,0,0,0,0,0,0,0,0,RANGE_TOO_WIDE,NOT_EVALUATED,RANGE_TOO_WIDE,range width 25.28% > 25.0%,0
JAINREC,NSE:JAINREC-EQ,Metals & Mining,399.35,2613831,1186074513,60,372.9,580.86,207.96,55.77,0,0,0,False,False,,False,False,False,False,False,False,4.8744,2.6132,0,0,0,0,0,0,0,0,0,0,0,0,0,0,0,RANGE_TOO_WIDE,NOT_EVALUATED,RANGE_TOO_WIDE,range width 55.77% > 25.0%,0
J&KBANK,NSE:J&KBANK-EQ,Financial Services,140.16,7296789,903857905,60,109.3,142.17,32.87,30.07,0,0,0,False,False,,False,False,False,False,False,False,0.7588,0.4241,0,0,0,0,0,0,0,0,0,0,0,0,0,0,0,RANGE_TOO_WIDE,NOT_EVALUATED,RANGE_TOO_WIDE,range width 30.07% > 25.0%,0
JINDALSAW,NSE:JINDALSAW-EQ,Capital Goods,228.87,6836858,1394112374,60,165.84,247.09,81.25,48.99,0,0,0,False,False,,False,False,False,False,False,False,1.4273,0.773,0,0,0,0,0,0,0,0,0,0,0,0,0,0,0,RANGE_TOO_WIDE,NOT_EVALUATED,RANGE_TOO_WIDE,range width 48.99% > 25.0%,0
JYOTICNC,NSE:JYOTICNC-EQ,Capital Goods,660.25,1098943,807982972,60,664.14,845.17,181.04,27.26,0,0,0,False,False,,False,False,False,False,False,False,3.8705,2.1376,0,0,0,0,0,0,0,0,0,0,0,0,0,0,0,RANGE_TOO_WIDE,NOT_EVALUATED,RANGE_TOO_WIDE,range width 27.26% > 25.0%,0
KPITTECH,NSE:KPITTECH-EQ,Information Technology,784.7,2353759,1696887050,60,643.83,805.17,161.34,25.06,0,0,0,False,False,,False,False,False,False,False,False,4.0684,2.2507,0,0,0,0,0,0,0,0,0,0,0,0,0,0,0,RANGE_TOO_WIDE,NOT_EVALUATED,RANGE_TOO_WIDE,range width 25.06% > 25.0%,0
KALYANKJIL,NSE:KALYANKJIL-EQ,Consumer Durables,355.45,5993931,2349350121,60,342.0,448.48,106.48,31.13,0,0,0,False,False,,False,False,False,False,False,False,2.008,1.1237,0,0,0,0,0,0,0,0,0,0,0,0,0,0,0,RANGE_TOO_WIDE,NOT_EVALUATED,RANGE_TOO_WIDE,range width 31.13% > 25.0%,0
KARURVYSYA,NSE:KARURVYSYA-EQ,Financial Services,293.35,3608224,1055586017,60,262.71,338.05,75.34,28.68,0,0,0,False,False,,False,False,False,False,False,False,1.3596,0.7598,0,0,0,0,0,0,0,0,0,0,0,0,0,0,0,RANGE_TOO_WIDE,NOT_EVALUATED,RANGE_TOO_WIDE,range width 28.68% > 25.0%,0
KAYNES,NSE:KAYNES-EQ,Capital Goods,3299.0,1683258,6203819878,60,3098.6,4451.31,1352.71,43.66,0,0,0,False,False,,False,False,False,False,False,False,26.6953,15.2035,0,0,0,0,0,0,0,0,0,0,0,0,0,0,0,RANGE_TOO_WIDE,NOT_EVALUATED,RANGE_TOO_WIDE,range width 43.66% > 25.0%,0
LTF,NSE:LTF-EQ,Financial Services,282.7,6992545,1934982660,60,242.85,305.01,62.16,25.6,0,0,0,False,False,,False,False,False,False,False,False,1.494,0.8264,0,0,0,0,0,0,0,0,0,0,0,0,0,0,0,RANGE_TOO_WIDE,NOT_EVALUATED,RANGE_TOO_WIDE,range width 25.60% > 25.0%,0
LGEINDIA,NSE:LGEINDIA-EQ,Consumer Durables,1517.4,786531,1197030181,60,1379.12,1634.78,255.66,18.54,1,4,0,False,False,,False,False,False,False,False,False,7.4691,4.12,0,0,0,0,0,0,0,0,0,0,0,0,0,0,0,INVALID_RANGE_SUPPORT_TOUCHES,NOT_EVALUATED,INVALID_RANGE_SUPPORT_TOUCHES,support touches 1 < 2,0
LT,NSE:LT-EQ,Construction,4037.8,3679908,14114437742,60,3409.33,4306.47,897.14,26.31,0,0,0,False,False,,False,False,False,False,False,False,12.5498,7.2655,0,0,0,0,0,0,0,0,0,0,0,0,0,0,0,RANGE_TOO_WIDE,NOT_EVALUATED,RANGE_TOO_WIDE,range width 26.31% > 25.0%,0
LATENTVIEW,NSE:LATENTVIEW-EQ,Information Technology,315.75,2556800,782750754,60,256.48,344.38,87.89,34.27,0,0,0,False,False,,False,False,False,False,False,False,2.5531,1.3691,0,0,0,0,0,0,0,0,0,0,0,0,0,0,0,RANGE_TOO_WIDE,NOT_EVALUATED,RANGE_TOO_WIDE,range width 34.27% > 25.0%,0
LAURUSLABS,NSE:LAURUSLABS-EQ,Healthcare,1373.9,2036481,2296517080,60,957.18,1363.43,406.25,42.44,0,0,0,False,False,,False,False,False,False,False,False,5.544,3.1118,0,0,0,0,0,0,0,0,0,0,0,0,0,0,0,RANGE_TOO_WIDE,NOT_EVALUATED,RANGE_TOO_WIDE,range width 42.44% > 25.0%,0
LLOYDSME,NSE:LLOYDSME-EQ,Metals & Mining,1853.7,734234,1096218328,60,1135.62,1815.96,680.34,59.91,0,0,0,False,False,,False,False,False,False,False,False,9.7825,5.5396,0,0,0,0,0,0,0,0,0,0,0,0,0,0,0,RANGE_TOO_WIDE,NOT_EVALUATED,RANGE_TOO_WIDE,range width 59.91% > 25.0%,0
LODHA,NSE:LODHA-EQ,Realty,903.7,2987545,2461846965,60,686.19,1013.89,327.71,47.76,0,0,0,False,False,,False,False,False,False,False,False,4.9453,2.7729,0,0,0,0,0,0,0,0,0,0,0,0,0,0,0,RANGE_TOO_WIDE,NOT_EVALUATED,RANGE_TOO_WIDE,range width 47.76% > 25.0%,0
MMTC,NSE:MMTC-EQ,Services,65.04,6742129,428781124,60,52.09,69.02,16.93,32.5,0,0,0,False,False,,False,False,False,False,False,False,0.3655,0.2108,0,0,0,0,0,0,0,0,0,0,0,0,0,0,0,RANGE_TOO_WIDE,NOT_EVALUATED,RANGE_TOO_WIDE,range width 32.50% > 25.0%,0
M&MFIN,NSE:M&MFIN-EQ,Financial Services,305.1,2957722,933575043,60,283.65,380.54,96.89,34.16,0,0,0,False,False,,False,False,False,False,False,False,1.7375,0.9677,0,0,0,0,0,0,0,0,0,0,0,0,0,0,0,RANGE_TOO_WIDE,NOT_EVALUATED,RANGE_TOO_WIDE,range width 34.16% > 25.0%,0
M&M,NSE:M&M-EQ,Automobile and Auto Components,3107.3,3278899,10335602990,60,2934.66,3443.36,508.7,17.33,6,1,0,False,False,,False,False,False,False,False,False,12.8258,7.3421,0,0,0,0,0,0,0,0,0,0,0,0,0,0,0,INVALID_RANGE_RESISTANCE_TOUCHES,NOT_EVALUATED,INVALID_RANGE_RESISTANCE_TOUCHES,resistance touches 1 < 2,0
MANAPPURAM,NSE:MANAPPURAM-EQ,Financial Services,330.25,5149807,1456081782,60,248.61,324.57,75.97,30.56,0,0,0,False,False,,False,False,False,False,False,False,1.7224,0.9462,0,0,0,0,0,0,0,0,0,0,0,0,0,0,0,RANGE_TOO_WIDE,NOT_EVALUATED,RANGE_TOO_WIDE,range width 30.56% > 25.0%,0
MRPL,NSE:MRPL-EQ,Oil Gas & Consumable Fuels,151.2,14712631,2750227933,60,147.95,210.0,62.06,41.94,0,0,0,False,False,,False,False,False,False,False,False,0.7082,0.4052,0,0,0,0,0,0,0,0,0,0,0,0,0,0,0,RANGE_TOO_WIDE,NOT_EVALUATED,RANGE_TOO_WIDE,range width 41.94% > 25.0%,0
MANKIND,NSE:MANKIND-EQ,Healthcare,2423.6,683280,1547254326,60,1964.29,2552.2,587.91,29.93,0,0,0,False,False,,False,False,False,False,False,False,13.7542,7.6598,0,0,0,0,0,0,0,0,0,0,0,0,0,0,0,RANGE_TOO_WIDE,NOT_EVALUATED,RANGE_TOO_WIDE,range width 29.93% > 25.0%,0
MFSL,NSE:MFSL-EQ,Financial Services,1725.6,799426,1311359342,60,1467.82,1854.74,386.92,26.36,0,0,0,False,False,,False,False,False,False,False,False,8.7142,4.7424,0,0,0,0,0,0,0,0,0,0,0,0,0,0,0,RANGE_TOO_WIDE,NOT_EVALUATED,RANGE_TOO_WIDE,range width 26.36% > 25.0%,0
MAZDOCK,NSE:MAZDOCK-EQ,Capital Goods,2460.1,2165458,5318661213,60,2154.49,2742.85,588.36,27.31,0,0,0,False,False,,False,False,False,False,False,False,11.6425,6.6895,0,0,0,0,0,0,0,0,0,0,0,0,0,0,0,RANGE_TOO_WIDE,NOT_EVALUATED,RANGE_TOO_WIDE,range width 27.31% > 25.0%,0
MEESHO,NSE:MEESHO-EQ,Consumer Services,193.21,20449418,3859248748,60,135.41,210.07,74.66,55.14,0,0,0,False,False,,False,False,False,False,False,False,1.2687,0.6999,0,0,0,0,0,0,0,0,0,0,0,0,0,0,0,RANGE_TOO_WIDE,NOT_EVALUATED,RANGE_TOO_WIDE,range width 55.14% > 25.0%,0
MOTILALOFS,NSE:MOTILALOFS-EQ,Financial Services,870.55,1143084,881802115,60,651.15,894.3,243.14,37.34,0,0,0,False,False,,False,False,False,False,False,False,4.4042,2.3861,0,0,0,0,0,0,0,0,0,0,0,0,0,0,0,RANGE_TOO_WIDE,NOT_EVALUATED,RANGE_TOO_WIDE,range width 37.34% > 25.0%,0
MPHASIS,NSE:MPHASIS-EQ,Information Technology,2265.3,609334,1355392927,60,2038.93,2441.41,402.48,19.74,4,1,0,False,False,,False,False,False,False,False,False,11.2309,6.1944,0,0,0,0,0,0,0,0,0,0,0,0,0,0,0,INVALID_RANGE_RESISTANCE_TOUCHES,NOT_EVALUATED,INVALID_RANGE_RESISTANCE_TOUCHES,resistance touches 1 < 2,0
MCX,NSE:MCX-EQ,Financial Services,3307.3,3351202,9226549046,60,2359.25,3424.22,1064.97,45.14,0,0,0,False,False,,False,False,False,False,False,False,17.1811,9.5804,0,0,0,0,0,0,0,0,0,0,0,0,0,0,0,RANGE_TOO_WIDE,NOT_EVALUATED,RANGE_TOO_WIDE,range width 45.14% > 25.0%,0
NATCOPHARM,NSE:NATCOPHARM-EQ,Healthcare,1186.0,1125259,1159026740,60,925.15,1215.15,290.0,31.35,0,0,0,False,False,,False,False,False,False,False,False,6.3204,3.5136,0,0,0,0,0,0,0,0,0,0,0,0,0,0,0,RANGE_TOO_WIDE,NOT_EVALUATED,RANGE_TOO_WIDE,range width 31.35% > 25.0%,0
NCC,NSE:NCC-EQ,Construction,150.05,3102009,472009100,60,134.19,169.73,35.55,26.49,0,0,0,False,False,,False,False,False,False,False,False,0.7607,0.4152,0,0,0,0,0,0,0,0,0,0,0,0,0,0,0,RANGE_TOO_WIDE,NOT_EVALUATED,RANGE_TOO_WIDE,range width 26.49% > 25.0%,0
NLCINDIA,NSE:NLCINDIA-EQ,Power,343.4,5967494,1905318108,60,243.09,363.99,120.91,49.74,0,0,0,False,False,,False,False,False,False,False,False,2.8704,1.5859,0,0,0,0,0,0,0,0,0,0,0,0,0,0,0,RANGE_TOO_WIDE,NOT_EVALUATED,RANGE_TOO_WIDE,range width 49.74% > 25.0%,0
NTPCGREEN,NSE:NTPCGREEN-EQ,Power,103.04,16922902,1723841580,60,85.31,115.3,29.99,35.15,0,0,0,False,False,,False,False,False,False,False,False,0.5121,0.2925,0,0,0,0,0,0,0,0,0,0,0,0,0,0,0,RANGE_TOO_WIDE,NOT_EVALUATED,RANGE_TOO_WIDE,range width 35.15% > 25.0%,0
NATIONALUM,NSE:NATIONALUM-EQ,Metals & Mining,416.2,12787936,5068134904,60,346.98,441.82,94.84,27.33,0,0,0,False,False,,False,False,False,False,False,False,1.9455,1.0572,0,0,0,0,0,0,0,0,0,0,0,0,0,0,0,RANGE_TOO_WIDE,NOT_EVALUATED,RANGE_TOO_WIDE,range width 27.33% > 25.0%,0
NAVA,NSE:NAVA-EQ,Power,609.85,947486,631888872,60,536.13,733.93,197.8,36.89,0,0,0,False,False,,False,False,False,False,False,False,4.4936,2.4556,0,0,0,0,0,0,0,0,0,0,0,0,0,0,0,RANGE_TOO_WIDE,NOT_EVALUATED,RANGE_TOO_WIDE,range width 36.89% > 25.0%,0
NESTLEIND,NSE:NESTLEIND-EQ,Fast Moving Consumer Goods,1428.6,1837000,2474239865,60,1166.98,1491.1,324.12,27.77,0,0,0,False,False,,False,False,False,False,False,False,5.3105,2.9724,0,0,0,0,0,0,0,0,0,0,0,0,0,0,0,RANGE_TOO_WIDE,NOT_EVALUATED,RANGE_TOO_WIDE,range width 27.77% > 25.0%,0
NETWEB,NSE:NETWEB-EQ,Information Technology,3851.7,1731659,6357657586,60,3069.88,4430.62,1360.74,44.33,0,0,0,False,False,,False,False,False,False,False,False,26.8924,14.8979,0,0,0,0,0,0,0,0,0,0,0,0,0,0,0,RANGE_TOO_WIDE,NOT_EVALUATED,RANGE_TOO_WIDE,range width 44.33% > 25.0%,0
NEWGEN,NSE:NEWGEN-EQ,Information Technology,435.95,1937474,929525325,60,415.0,534.05,119.05,28.69,0,0,0,False,False,,False,False,False,False,False,False,2.3624,1.369,0,0,0,0,0,0,0,0,0,0,0,0,0,0,0,RANGE_TOO_WIDE,NOT_EVALUATED,RANGE_TOO_WIDE,range width 28.69% > 25.0%,0
NAM-INDIA,NSE:NAM-INDIA-EQ,Financial Services,1095.7,1071128,1044562668,60,811.05,1114.18,303.14,37.38,0,0,0,False,False,,False,False,False,False,False,False,6.5716,3.6846,0,0,0,0,0,0,0,0,0,0,0,0,0,0,0,RANGE_TOO_WIDE,NOT_EVALUATED,RANGE_TOO_WIDE,range width 37.38% > 25.0%,0
NIVABUPA,NSE:NIVABUPA-EQ,Financial Services,84.08,2573710,204412239,60,68.35,85.54,17.19,25.15,0,0,0,False,False,,False,False,False,False,False,False,0.4254,0.2369,0,0,0,0,0,0,0,0,0,0,0,0,0,0,0,RANGE_TOO_WIDE,NOT_EVALUATED,RANGE_TOO_WIDE,range width 25.15% > 25.0%,0
NUVAMA,NSE:NUVAMA-EQ,Financial Services,1513.4,526843,728241849,60,1124.22,1565.32,441.09,39.24,0,0,0,False,False,,False,False,False,False,False,False,8.8098,4.7676,0,0,0,0,0,0,0,0,0,0,0,0,0,0,0,RANGE_TOO_WIDE,NOT_EVALUATED,RANGE_TOO_WIDE,range width 39.24% > 25.0%,0
OLECTRA,NSE:OLECTRA-EQ,Automobile and Auto Components,1229.9,1155045,1307855851,60,877.86,1310.35,432.49,49.27,0,0,0,False,False,,False,False,False,False,False,False,6.9767,3.9394,0,0,0,0,0,0,0,0,0,0,0,0,0,0,0,RANGE_TOO_WIDE,NOT_EVALUATED,RANGE_TOO_WIDE,range width 49.27% > 25.0%,0
ONESOURCE,NSE:ONESOURCE-EQ,Healthcare,1805.6,520274,831229572,60,1275.94,1874.61,598.66,46.92,0,0,0,False,False,,False,False,False,False,False,False,11.4535,6.0863,0,0,0,0,0,0,0,0,0,0,0,0,0,0,0,RANGE_TOO_WIDE,NOT_EVALUATED,RANGE_TOO_WIDE,range width 46.92% > 25.0%,0
POLICYBZR,NSE:POLICYBZR-EQ,Financial Services,1789.0,1704177,2699979565,60,1409.83,1831.5,421.66,29.91,0,0,0,False,False,,False,False,False,False,False,False,9.5065,5.1754,0,0,0,0,0,0,0,0,0,0,0,0,0,0,0,RANGE_TOO_WIDE,NOT_EVALUATED,RANGE_TOO_WIDE,range width 29.91% > 25.0%,0
PCBL,NSE:PCBL-EQ,Chemicals,289.6,2986749,820685860,60,239.75,312.57,72.82,30.37,0,0,0,False,False,,False,False,False,False,False,False,1.748,0.979,0,0,0,0,0,0,0,0,0,0,0,0,0,0,0,RANGE_TOO_WIDE,NOT_EVALUATED,RANGE_TOO_WIDE,range width 30.37% > 25.0%,0
PGEL,NSE:PGEL-EQ,Consumer Durables,466.95,3773947,1941603234,60,451.17,621.03,169.86,37.65,0,0,0,False,False,,False,False,False,False,False,False,3.2827,1.7553,0,0,0,0,0,0,0,0,0,0,0,0,0,0,0,RANGE_TOO_WIDE,NOT_EVALUATED,RANGE_TOO_WIDE,range width 37.65% > 25.0%,0
PNBHOUSING,NSE:PNBHOUSING-EQ,Financial Services,1092.6,1442807,1351358711,60,749.48,1095.04,345.56,46.11,0,0,0,False,False,,False,False,False,False,False,False,4.6865,2.6002,0,0,0,0,0,0,0,0,0,0,0,0,0,0,0,RANGE_TOO_WIDE,NOT_EVALUATED,RANGE_TOO_WIDE,range width 46.11% > 25.0%,0
PARADEEP,NSE:PARADEEP-EQ,Chemicals,127.64,6634928,804346656,60,105.74,137.83,32.09,30.35,0,0,0,False,False,,False,False,False,False,False,False,0.7432,0.4008,0,0,0,0,0,0,0,0,0,0,0,0,0,0,0,RANGE_TOO_WIDE,NOT_EVALUATED,RANGE_TOO_WIDE,range width 30.35% > 25.0%,0
PETRONET,NSE:PETRONET-EQ,Oil Gas & Consumable Fuels,280.2,4948924,1366623179,60,244.36,316.32,71.96,29.45,0,0,0,False,False,,False,False,False,False,False,False,1.1969,0.653,0,0,0,0,0,0,0,0,0,0,0,0,0,0,0,RANGE_TOO_WIDE,NOT_EVALUATED,RANGE_TOO_WIDE,range width 29.45% > 25.0%,0
PWL,NSE:PWL-EQ,Consumer Services,112.03,7094620,665196300,60,79.37,115.03,35.66,44.93,0,0,0,False,False,,False,False,False,False,False,False,0.7135,0.3808,0,0,0,0,0,0,0,0,0,0,0,0,0,0,0,RANGE_TOO_WIDE,NOT_EVALUATED,RANGE_TOO_WIDE,range width 44.93% > 25.0%,0
PINELABS,NSE:PINELABS-EQ,Financial Services,137.94,5885542,927111382,60,143.19,207.8,64.61,45.12,0,0,0,False,False,,False,False,False,False,False,False,1.7951,0.9661,0,0,0,0,0,0,0,0,0,0,0,0,0,0,0,RANGE_TOO_WIDE,NOT_EVALUATED,RANGE_TOO_WIDE,range width 45.12% > 25.0%,0
PPLPHARMA,NSE:PPLPHARMA-EQ,Healthcare,178.86,5297301,864754461,60,135.11,184.74,49.63,36.73,0,0,0,False,False,,False,False,False,False,False,False,1.0269,0.5813,0,0,0,0,0,0,0,0,0,0,0,0,0,0,0,RANGE_TOO_WIDE,NOT_EVALUATED,RANGE_TOO_WIDE,range width 36.73% > 25.0%,0
POLYCAB,NSE:POLYCAB-EQ,Capital Goods,9613.5,532209,4278600127,60,6798.73,9309.85,2511.12,36.94,0,0,0,False,False,,False,False,False,False,False,False,34.1764,19.4921,0,0,0,0,0,0,0,0,0,0,0,0,0,0,0,RANGE_TOO_WIDE,NOT_EVALUATED,RANGE_TOO_WIDE,range width 36.94% > 25.0%,0
POONAWALLA,NSE:POONAWALLA-EQ,Financial Services,396.55,2031554,854263090,60,371.67,468.5,96.83,26.05,0,0,0,False,False,,False,False,False,False,False,False,1.9409,1.0927,0,0,0,0,0,0,0,0,0,0,0,0,0,0,0,RANGE_TOO_WIDE,NOT_EVALUATED,RANGE_TOO_WIDE,range width 26.05% > 25.0%,0
PREMIERENE,NSE:PREMIERENE-EQ,Capital Goods,1016.8,2508175,2267070326,60,698.44,1045.1,346.66,49.63,0,0,0,False,False,,False,False,False,False,False,False,5.9553,3.3297,0,0,0,0,0,0,0,0,0,0,0,0,0,0,0,RANGE_TOO_WIDE,NOT_EVALUATED,RANGE_TOO_WIDE,range width 49.63% > 25.0%,0
PRESTIGE,NSE:PRESTIGE-EQ,Realty,1402.2,951476,1249758608,60,1137.12,1483.38,346.26,30.45,0,0,0,False,False,,False,False,False,False,False,False,8.2058,4.5032,0,0,0,0,0,0,0,0,0,0,0,0,0,0,0,RANGE_TOO_WIDE,NOT_EVALUATED,RANGE_TOO_WIDE,range width 30.45% > 25.0%,0
PNB,NSE:PNB-EQ,Financial Services,105.91,21207667,2339818453,60,100.01,130.89,30.88,30.88,0,0,0,False,False,,False,False,False,False,False,False,0.4002,0.2314,0,0,0,0,0,0,0,0,0,0,0,0,0,0,0,RANGE_TOO_WIDE,NOT_EVALUATED,RANGE_TOO_WIDE,range width 30.88% > 25.0%,0
RRKABEL,NSE:RRKABEL-EQ,Capital Goods,1977.4,528735,898919813,60,1305.7,2008.8,703.1,53.85,0,0,0,False,False,,False,False,False,False,False,False,13.6349,7.6445,0,0,0,0,0,0,0,0,0,0,0,0,0,0,0,RANGE_TOO_WIDE,NOT_EVALUATED,RANGE_TOO_WIDE,range width 53.85% > 25.0%,0
RITES,NSE:RITES-EQ,Construction,205.29,754969,156026333,60,182.39,228.84,46.44,25.46,0,0,0,False,False,,False,False,False,False,False,False,1.0438,0.5849,0,0,0,0,0,0,0,0,0,0,0,0,0,0,0,RANGE_TOO_WIDE,NOT_EVALUATED,RANGE_TOO_WIDE,range width 25.46% > 25.0%,0
RVNL,NSE:RVNL-EQ,Construction,259.75,7948978,2263026066,60,253.55,320.9,67.36,26.57,0,0,0,False,False,,False,False,False,False,False,False,1.3653,0.7696,0,0,0,0,0,0,0,0,0,0,0,0,0,0,0,RANGE_TOO_WIDE,NOT_EVALUATED,RANGE_TOO_WIDE,range width 26.57% > 25.0%,0
RAILTEL,NSE:RAILTEL-EQ,Telecommunication,324.05,3010341,970747604,60,253.15,345.99,92.83,36.67,0,0,0,False,False,,False,False,False,False,False,False,1.5816,0.8844,0,0,0,0,0,0,0,0,0,0,0,0,0,0,0,RANGE_TOO_WIDE,NOT_EVALUATED,RANGE_TOO_WIDE,range width 36.67% > 25.0%,0
RKFORGE,NSE:RKFORGE-EQ,Automobile and Auto Components,569.35,618036,351451914,60,477.77,628.57,150.79,31.56,0,0,0,False,False,,False,False,False,False,False,False,3.2225,1.752,0,0,0,0,0,0,0,0,0,0,0,0,0,0,0,RANGE_TOO_WIDE,NOT_EVALUATED,RANGE_TOO_WIDE,range width 31.56% > 25.0%,0
REDINGTON,NSE:REDINGTON-EQ,Services,224.51,7106075,1731455018,60,198.39,265.51,67.12,33.83,0,0,0,False,False,,False,False,False,False,False,False,1.2989,0.7199,0,0,0,0,0,0,0,0,0,0,0,0,0,0,0,RANGE_TOO_WIDE,NOT_EVALUATED,RANGE_TOO_WIDE,range width 33.83% > 25.0%,0
SBICARD,NSE:SBICARD-EQ,Financial Services,628.7,1485466,1002406570,60,616.4,784.05,167.65,27.2,0,0,0,False,False,,False,False,False,False,False,False,2.3518,1.3196,0,0,0,0,0,0,0,0,0,0,0,0,0,0,0,RANGE_TOO_WIDE,NOT_EVALUATED,RANGE_TOO_WIDE,range width 27.20% > 25.0%,0
MOTHERSON,NSE:MOTHERSON-EQ,Automobile and Auto Components,135.82,22586776,2773951022,60,105.43,137.69,32.26,30.6,0,0,0,False,False,,False,False,False,False,False,False,0.7865,0.4396,0,0,0,0,0,0,0,0,0,0,0,0,0,0,0,RANGE_TOO_WIDE,NOT_EVALUATED,RANGE_TOO_WIDE,range width 30.60% > 25.0%,0
SAPPHIRE,NSE:SAPPHIRE-EQ,Consumer Services,185.04,1988894,372292917,60,150.23,212.85,62.63,41.69,0,0,0,False,False,,False,False,False,False,False,False,1.2461,0.6943,0,0,0,0,0,0,0,0,0,0,0,0,0,0,0,RANGE_TOO_WIDE,NOT_EVALUATED,RANGE_TOO_WIDE,range width 41.69% > 25.0%,0
SAREGAMA,NSE:SAREGAMA-EQ,Media Entertainment & Publication,396.05,3096406,1231987201,60,312.95,415.0,102.05,32.61,0,0,0,False,False,,False,False,False,False,False,False,4.132,2.3274,0,0,0,0,0,0,0,0,0,0,0,0,0,0,0,RANGE_TOO_WIDE,NOT_EVALUATED,RANGE_TOO_WIDE,range width 32.61% > 25.0%,0
SCI,NSE:SCI-EQ,Services,308.05,10154844,3045603161,60,222.2,350.87,128.67,57.91,0,0,0,False,False,,False,False,False,False,False,False,2.5067,1.3744,0,0,0,0,0,0,0,0,0,0,0,0,0,0,0,RANGE_TOO_WIDE,NOT_EVALUATED,RANGE_TOO_WIDE,range width 57.91% > 25.0%,0
SHRIRAMFIN,NSE:SHRIRAMFIN-EQ,Financial Services,952.15,7820148,7624727272,60,884.88,1078.76,193.88,21.91,1,3,0,False,False,,False,False,False,False,False,False,4.3524,2.4633,0,0,0,0,0,0,0,0,0,0,0,0,0,0,0,INVALID_RANGE_SUPPORT_TOUCHES,NOT_EVALUATED,INVALID_RANGE_SUPPORT_TOUCHES,support touches 1 < 2,0
ENRIN,NSE:ENRIN-EQ,Capital Goods,3462.6,503620,1572488553,60,2584.66,3585.4,1000.74,38.72,0,0,0,False,False,,False,False,False,False,False,False,22.0833,12.0085,0,0,0,0,0,0,0,0,0,0,0,0,0,0,0,RANGE_TOO_WIDE,NOT_EVALUATED,RANGE_TOO_WIDE,range width 38.72% > 25.0%,0
SONACOMS,NSE:SONACOMS-EQ,Automobile and Auto Components,608.0,2331082,1290433868,60,479.58,609.69,130.11,27.13,0,0,0,False,False,,False,False,False,False,False,False,2.9395,1.6413,0,0,0,0,0,0,0,0,0,0,0,0,0,0,0,RANGE_TOO_WIDE,NOT_EVALUATED,RANGE_TOO_WIDE,range width 27.13% > 25.0%,0
SONATSOFTW,NSE:SONATSOFTW-EQ,Information Technology,270.1,1706535,464774007,60,215.98,291.72,75.74,35.07,0,0,0,False,False,,False,False,False,False,False,False,1.6496,0.9123,0,0,0,0,0,0,0,0,0,0,0,0,0,0,0,RANGE_TOO_WIDE,NOT_EVALUATED,RANGE_TOO_WIDE,range width 35.07% > 25.0%,0
SBIN,NSE:SBIN-EQ,Financial Services,968.5,17952716,18965714565,60,946.15,1211.98,265.83,28.1,0,0,0,False,False,,False,False,False,False,False,False,3.2211,1.8747,0,0,0,0,0,0,0,0,0,0,0,0,0,0,0,RANGE_TOO_WIDE,NOT_EVALUATED,RANGE_TOO_WIDE,range width 28.10% > 25.0%,0
SAIL,NSE:SAIL-EQ,Metals & Mining,203.84,28460005,4958191255,60,144.2,202.4,58.2,40.36,0,0,0,False,False,,False,False,False,False,False,False,1.3716,0.7581,0,0,0,0,0,0,0,0,0,0,0,0,0,0,0,RANGE_TOO_WIDE,NOT_EVALUATED,RANGE_TOO_WIDE,range width 40.36% > 25.0%,0
SUZLON,NSE:SUZLON-EQ,Capital Goods,54.58,95456117,4664184571,60,39.22,56.55,17.33,44.2,0,0,0,False,False,,False,False,False,False,False,False,0.2963,0.1642,0,0,0,0,0,0,0,0,0,0,0,0,0,0,0,RANGE_TOO_WIDE,NOT_EVALUATED,RANGE_TOO_WIDE,range width 44.20% > 25.0%,0
SWANCORP,NSE:SWANCORP-EQ,Chemicals,318.7,1500219,511828917,60,304.99,382.42,77.43,25.39,0,0,0,False,False,,False,False,False,False,False,False,1.8098,0.9983,0,0,0,0,0,0,0,0,0,0,0,0,0,0,0,RANGE_TOO_WIDE,NOT_EVALUATED,RANGE_TOO_WIDE,range width 25.39% > 25.0%,0
SYNGENE,NSE:SYNGENE-EQ,Healthcare,465.25,2439070,1090951548,60,387.57,486.47,98.9,25.52,0,0,0,False,False,,False,False,False,False,False,False,2.6935,1.5041,0,0,0,0,0,0,0,0,0,0,0,0,0,0,0,RANGE_TOO_WIDE,NOT_EVALUATED,RANGE_TOO_WIDE,range width 25.52% > 25.0%,0
SYRMA,NSE:SYRMA-EQ,Capital Goods,1057.3,1520890,1410246731,60,726.81,1106.24,379.43,52.21,0,0,0,False,False,,False,False,False,False,False,False,7.2267,4.0527,0,0,0,0,0,0,0,0,0,0,0,0,0,0,0,RANGE_TOO_WIDE,NOT_EVALUATED,RANGE_TOO_WIDE,range width 52.21% > 25.0%,0
TATACHEM,NSE:TATACHEM-EQ,Chemicals,783.9,1831986,1360794579,60,595.22,828.46,233.24,39.19,0,0,0,False,False,,False,False,False,False,False,False,4.2973,2.3927,0,0,0,0,0,0,0,0,0,0,0,0,0,0,0,RANGE_TOO_WIDE,NOT_EVALUATED,RANGE_TOO_WIDE,range width 39.19% > 25.0%,0
TATACOMM,NSE:TATACOMM-EQ,Telecommunication,2009.1,563345,929980337,60,1362.07,1932.45,570.38,41.88,0,0,0,False,False,,False,False,False,False,False,False,13.8702,7.6046,0,0,0,0,0,0,0,0,0,0,0,0,0,0,0,RANGE_TOO_WIDE,NOT_EVALUATED,RANGE_TOO_WIDE,range width 41.88% > 25.0%,0
TATAINVEST,NSE:TATAINVEST-EQ,Financial Services,694.6,1009413,686590704,60,563.12,737.98,174.86,31.05,0,0,0,False,False,,False,False,False,False,False,False,3.5995,2.0047,0,0,0,0,0,0,0,0,0,0,0,0,0,0,0,RANGE_TOO_WIDE,NOT_EVALUATED,RANGE_TOO_WIDE,range width 31.05% > 25.0%,0
TMCV,NSE:TMCV-EQ,Capital Goods,385.1,12354302,5247308038,60,371.51,492.29,120.78,32.51,0,0,0,False,False,,False,False,False,False,False,False,2.4565,1.3518,0,0,0,0,0,0,0,0,0,0,0,0,0,0,0,RANGE_TOO_WIDE,NOT_EVALUATED,RANGE_TOO_WIDE,range width 32.51% > 25.0%,0
TMPV,NSE:TMPV-EQ,Automobile and Auto Components,385.6,11109861,3822581587,60,300.99,385.69,84.69,28.14,0,0,0,False,False,,False,False,False,False,False,False,1.7653,1.0032,0,0,0,0,0,0,0,0,0,0,0,0,0,0,0,RANGE_TOO_WIDE,NOT_EVALUATED,RANGE_TOO_WIDE,range width 28.14% > 25.0%,0
TATATECH,NSE:TATATECH-EQ,Information Technology,706.3,1691648,1013493371,60,518.9,678.23,159.33,30.71,0,0,0,False,False,,False,False,False,False,False,False,3.5947,2.0737,0,0,0,0,0,0,0,0,0,0,0,0,0,0,0,RANGE_TOO_WIDE,NOT_EVALUATED,RANGE_TOO_WIDE,range width 30.71% > 25.0%,0
TEJASNET,NSE:TEJASNET-EQ,Telecommunication,501.4,15343422,7058954305,60,379.31,527.1,147.78,38.96,0,0,0,False,False,,False,False,False,False,False,False,4.0115,2.1907,0,0,0,0,0,0,0,0,0,0,0,0,0,0,0,RANGE_TOO_WIDE,NOT_EVALUATED,RANGE_TOO_WIDE,range width 38.96% > 25.0%,0
TENNIND,NSE:TENNIND-EQ,Automobile and Auto Components,611.25,937909,548990628,60,508.96,653.98,145.01,28.49,0,0,0,False,False,,False,False,False,False,False,False,3.4345,1.89,0,0,0,0,0,0,0,0,0,0,0,0,0,0,0,RANGE_TOO_WIDE,NOT_EVALUATED,RANGE_TOO_WIDE,range width 28.49% > 25.0%,0
NIACL,NSE:NIACL-EQ,Financial Services,162.76,3112005,499448332,60,121.14,174.53,53.39,44.07,0,0,0,False,False,,False,False,False,False,False,False,0.8717,0.4775,0,0,0,0,0,0,0,0,0,0,0,0,0,0,0,RANGE_TOO_WIDE,NOT_EVALUATED,RANGE_TOO_WIDE,range width 44.07% > 25.0%,0
TITAGARH,NSE:TITAGARH-EQ,Capital Goods,816.55,1731595,1286760278,60,590.25,850.72,260.47,44.13,0,0,0,False,False,,False,False,False,False,False,False,4.5291,2.5481,0,0,0,0,0,0,0,0,0,0,0,0,0,0,0,RANGE_TOO_WIDE,NOT_EVALUATED,RANGE_TOO_WIDE,range width 44.13% > 25.0%,0
TORNTPOWER,NSE:TORNTPOWER-EQ,Power,1468.5,666021,1027207648,60,1331.73,1770.4,438.67,32.94,0,0,0,False,False,,False,False,False,False,False,False,8.2415,4.6204,0,0,0,0,0,0,0,0,0,0,0,0,0,0,0,RANGE_TOO_WIDE,NOT_EVALUATED,RANGE_TOO_WIDE,range width 32.94% > 25.0%,0
TARIL,NSE:TARIL-EQ,Capital Goods,321.0,4834547,1478831376,60,264.21,338.19,73.98,28.0,0,0,0,False,False,,False,False,False,False,False,False,1.7889,1.0032,0,0,0,0,0,0,0,0,0,0,0,0,0,0,0,RANGE_TOO_WIDE,NOT_EVALUATED,RANGE_TOO_WIDE,range width 28.00% > 25.0%,0
TRENT,NSE:TRENT-EQ,Consumer Services,4239.6,1104215,4353301027,60,3371.97,4366.12,994.15,29.48,0,0,0,False,False,,False,False,False,False,False,False,19.2949,10.715,0,0,0,0,0,0,0,0,0,0,0,0,0,0,0,RANGE_TOO_WIDE,NOT_EVALUATED,RANGE_TOO_WIDE,range width 29.48% > 25.0%,0
TRITURBINE,NSE:TRITURBINE-EQ,Capital Goods,690.45,3035778,1817313506,60,438.45,704.3,265.85,60.63,0,0,0,False,False,,False,False,False,False,False,False,5.9138,3.2448,0,0,0,0,0,0,0,0,0,0,0,0,0,0,0,RANGE_TOO_WIDE,NOT_EVALUATED,RANGE_TOO_WIDE,range width 60.63% > 25.0%,0
UPL,NSE:UPL-EQ,Chemicals,655.0,2500621,1577548924,60,584.64,670.67,86.04,14.72,1,6,0,False,False,,False,False,False,False,False,False,2.4833,1.3939,0,0,0,0,0,0,0,0,0,0,0,0,0,0,0,INVALID_RANGE_SUPPORT_TOUCHES,NOT_EVALUATED,INVALID_RANGE_SUPPORT_TOUCHES,support touches 1 < 2,0
UNIONBANK,NSE:UNIONBANK-EQ,Financial Services,167.56,17757019,3168223708,60,159.37,202.25,42.89,26.91,0,0,0,False,False,,False,False,False,False,False,False,0.7095,0.4103,0,0,0,0,0,0,0,0,0,0,0,0,0,0,0,RANGE_TOO_WIDE,NOT_EVALUATED,RANGE_TOO_WIDE,range width 26.91% > 25.0%,0
URBANCO,NSE:URBANCO-EQ,Consumer Services,123.36,9644120,1200046896,60,104.41,150.59,46.18,44.23,0,0,0,False,False,,False,False,False,False,False,False,0.7556,0.4178,0,0,0,0,0,0,0,0,0,0,0,0,0,0,0,RANGE_TOO_WIDE,NOT_EVALUATED,RANGE_TOO_WIDE,range width 44.23% > 25.0%,0
VBL,NSE:VBL-EQ,Fast Moving Consumer Goods,531.3,7117186,3307866966,60,387.71,534.72,147.0,37.92,0,0,0,False,False,,False,False,False,False,False,False,2.5556,1.4311,0,0,0,0,0,0,0,0,0,0,0,0,0,0,0,RANGE_TOO_WIDE,NOT_EVALUATED,RANGE_TOO_WIDE,range width 37.92% > 25.0%,0
VEDL,NSE:VEDL-EQ,Metals & Mining,344.9,26237153,7684175566,60,243.5,339.02,95.52,39.23,0,0,0,False,False,,False,False,False,False,False,False,1.8853,1.0502,0,0,0,0,0,0,0,0,0,0,0,0,0,0,0,RANGE_TOO_WIDE,NOT_EVALUATED,RANGE_TOO_WIDE,range width 39.23% > 25.0%,0
VMM,NSE:VMM-EQ,Consumer Services,121.08,27831621,3238300157,60,101.47,127.43,25.96,25.59,0,0,0,False,False,,False,False,False,False,False,False,0.6344,0.3492,0,0,0,0,0,0,0,0,0,0,0,0,0,0,0,RANGE_TOO_WIDE,NOT_EVALUATED,RANGE_TOO_WIDE,range width 25.59% > 25.0%,0
VOLTAS,NSE:VOLTAS-EQ,Consumer Durables,1271.4,1223239,1669082653,60,1212.56,1555.2,342.64,28.26,0,0,0,False,False,,False,False,False,False,False,False,6.516,3.6805,0,0,0,0,0,0,0,0,0,0,0,0,0,0,0,RANGE_TOO_WIDE,NOT_EVALUATED,RANGE_TOO_WIDE,range width 28.26% > 25.0%,0
WAAREEENER,NSE:WAAREEENER-EQ,Capital Goods,3088.1,2075783,6341101855,60,2581.39,3520.47,939.08,36.38,0,0,0,False,False,,False,False,False,False,False,False,13.0793,7.2344,0,0,0,0,0,0,0,0,0,0,0,0,0,0,0,RANGE_TOO_WIDE,NOT_EVALUATED,RANGE_TOO_WIDE,range width 36.38% > 25.0%,0
WELCORP,NSE:WELCORP-EQ,Capital Goods,1319.0,847497,928931730,60,769.85,1357.82,587.96,76.37,0,0,0,False,False,,False,False,False,False,False,False,8.344,4.6838,0,0,0,0,0,0,0,0,0,0,0,0,0,0,0,RANGE_TOO_WIDE,NOT_EVALUATED,RANGE_TOO_WIDE,range width 76.37% > 25.0%,0
WELSPUNLIV,NSE:WELSPUNLIV-EQ,Textiles,138.81,2028379,258279306,60,108.76,141.99,33.23,30.55,0,0,0,False,False,,False,False,False,False,False,False,0.7797,0.4348,0,0,0,0,0,0,0,0,0,0,0,0,0,0,0,RANGE_TOO_WIDE,NOT_EVALUATED,RANGE_TOO_WIDE,range width 30.55% > 25.0%,0
WOCKPHARMA,NSE:WOCKPHARMA-EQ,Healthcare,1700.2,1454450,2223703566,60,1161.23,1662.72,501.49,43.19,0,0,0,False,False,,False,False,False,False,False,False,12.0909,6.6353,0,0,0,0,0,0,0,0,0,0,0,0,0,0,0,RANGE_TOO_WIDE,NOT_EVALUATED,RANGE_TOO_WIDE,range width 43.19% > 25.0%,0
ZEEL,NSE:ZEEL-EQ,Media Entertainment & Publication,82.78,15243725,1273523920,60,71.59,94.45,22.86,31.93,0,0,0,False,False,,False,False,False,False,False,False,0.515,0.2799,0,0,0,0,0,0,0,0,0,0,0,0,0,0,0,RANGE_TOO_WIDE,NOT_EVALUATED,RANGE_TOO_WIDE,range width 31.93% > 25.0%,0
ZENTEC,NSE:ZENTEC-EQ,Capital Goods,1602.8,776128,1197084944,60,1296.8,1752.25,455.45,35.12,0,0,0,False,False,,False,False,False,False,False,False,9.2364,5.0864,0,0,0,0,0,0,0,0,0,0,0,0,0,0,0,RANGE_TOO_WIDE,NOT_EVALUATED,RANGE_TOO_WIDE,range width 35.12% > 25.0%,0
ZYDUSWELL,NSE:ZYDUSWELL-EQ,Fast Moving Consumer Goods,481.05,2773279,1280374696,60,374.1,528.32,154.21,41.22,0,0,0,False,False,,False,False,False,False,False,False,2.9342,1.5972,0,0,0,0,0,0,0,0,0,0,0,0,0,0,0,RANGE_TOO_WIDE,NOT_EVALUATED,RANGE_TOO_WIDE,range width 41.22% > 25.0%,0
