symbol,fyers_symbol,industry,cmp,avg_volume,avg_turnover,data_days,range_low,range_high,range_width_pts,range_width_pct,support_touches,resistance_touches,containment_pct,range_valid,range_reject,range_position,in_bottom_zone,below_range,breakdown,strong_downtrend,grid_gap_pts,total_levels,grids_to_bottom,order_qty,order_value,gross_profit,rt_cost,net_profit,init_buy_qty,cash_reserve,grid_viable,grid_reject,final_status,final_reason
TCS,NSE:TCS-EQ,Information Technology,2276.2,4121275,10098516719,60,2268.16,2647.84,379.68,16.74,5,5,96.7,True,,0.0212,True,False,False,False,19.0,20,1,7,15933.4,133.0,86.77,46.23,0,0,False,net profit ₹46 < min ₹50,GRID_FAIL,net profit ₹46 < min ₹50
HEROMOTOCO,NSE:HEROMOTOCO-EQ,Automobile and Auto Components,4967.5,583197,3058949453,60,4923.0,5767.7,844.7,17.16,12,4,96.7,True,,0.0527,True,False,False,False,42.25,21,2,3,14902.5,126.75,84.21,42.54,0,0,False,net profit ₹43 < min ₹50,GRID_FAIL,net profit ₹43 < min ₹50
POWERGRID,NSE:POWERGRID-EQ,Power,292.85,14231349,4302086836,60,288.82,323.09,34.27,11.86,8,11,96.7,True,,0.1176,False,False,False,False,1.7,21,3,72,21085.2,122.4,99.56,22.84,0,0,False,net profit ₹23 < min ₹50,NOT_IN_ZONE,pos=11.8%
BEL,NSE:BEL-EQ,Capital Goods,419.75,15962046,6966983406,60,406.85,467.99,61.14,15.03,5,6,96.7,True,,0.211,False,False,False,False,3.05,21,5,40,16790.0,122.0,88.9,33.1,0,0,False,net profit ₹33 < min ₹50,NOT_IN_ZONE,pos=21.1%
LUPIN,NSE:LUPIN-EQ,Healthcare,2259.7,1212797,2805162478,60,2224.45,2384.9,160.44,7.21,8,9,93.3,True,,0.2197,False,False,False,False,8.0,21,5,15,33895.5,120.0,131.38,-11.38,0,0,False,net profit ₹-11 < min ₹50,NOT_IN_ZONE,pos=22.0%
INFY,NSE:INFY-EQ,Information Technology,1168.7,13308068,16505935969,60,1120.85,1335.12,214.28,19.12,3,10,95.0,True,,0.2233,False,False,False,False,10.7,21,5,12,14024.4,128.4,82.03,46.37,0,0,False,net profit ₹46 < min ₹50,NOT_IN_ZONE,pos=22.3%
PATANJALI,NSE:PATANJALI-EQ,Fast Moving Consumer Goods,466.15,2118858,1001301056,60,448.14,518.27,70.13,15.65,7,2,93.3,True,,0.2568,False,False,False,False,3.5,21,6,0,0,0,0,0,0,0,False,grids_to_bottom 6 > 5,NOT_IN_ZONE,pos=25.7%
TVSMOTOR,NSE:TVSMOTOR-EQ,Automobile and Auto Components,3444.7,1035111,3671240338,60,3281.94,3909.09,627.15,19.11,4,2,93.3,True,,0.2595,False,False,False,False,31.35,21,6,0,0,0,0,0,0,0,False,grids_to_bottom 6 > 5,NOT_IN_ZONE,pos=26.0%
TITAN,NSE:TITAN-EQ,Consumer Durables,4099.5,1209571,5150561152,60,3939.18,4544.73,605.55,15.37,4,7,95.0,True,,0.2648,False,False,False,False,30.3,20,6,0,0,0,0,0,0,0,False,grids_to_bottom 6 > 5,NOT_IN_ZONE,pos=26.5%
JSL,NSE:JSL-EQ,Metals & Mining,726.35,756816,568199928,60,694.02,808.46,114.44,16.49,6,5,98.3,True,,0.2825,False,False,False,False,5.7,21,6,0,0,0,0,0,0,0,False,grids_to_bottom 6 > 5,NOT_IN_ZONE,pos=28.3%
CDSL,NSE:CDSL-EQ,Financial Services,1219.4,2163606,2693602025,60,1150.35,1373.98,223.63,19.44,5,3,91.7,True,,0.3088,False,False,False,False,11.2,20,7,0,0,0,0,0,0,0,False,grids_to_bottom 7 > 5,NOT_IN_ZONE,pos=30.9%
CIEINDIA,NSE:CIEINDIA-EQ,Automobile and Auto Components,457.3,550729,258658755,60,435.94,503.0,67.06,15.38,4,3,93.3,True,,0.3185,False,False,False,False,3.35,21,7,0,0,0,0,0,0,0,False,grids_to_bottom 7 > 5,NOT_IN_ZONE,pos=31.9%
CANHLIFE,NSE:CANHLIFE-EQ,Financial Services,140.15,1137481,163832132,60,134.53,152.03,17.49,13.0,8,9,98.3,True,,0.3213,False,False,False,False,0.9,20,7,0,0,0,0,0,0,0,False,grids_to_bottom 7 > 5,NOT_IN_ZONE,pos=32.1%
RELIANCE,NSE:RELIANCE-EQ,Oil Gas & Consumable Fuels,1358.0,19476669,26804222581,60,1309.85,1450.39,140.55,10.73,6,4,91.7,True,,0.3426,False,False,False,False,7.05,20,7,0,0,0,0,0,0,0,False,grids_to_bottom 7 > 5,NOT_IN_ZONE,pos=34.3%
SBILIFE,NSE:SBILIFE-EQ,Financial Services,1881.5,1304097,2445848021,60,1761.94,2094.28,332.34,18.86,5,3,96.7,True,,0.3598,False,False,False,False,16.6,21,8,0,0,0,0,0,0,0,False,grids_to_bottom 8 > 5,NOT_IN_ZONE,pos=36.0%
ICICIBANK,NSE:ICICIBANK-EQ,Financial Services,1281.2,18936055,24456007353,60,1209.53,1400.97,191.44,15.83,5,5,98.3,True,,0.3744,False,False,False,False,9.55,21,8,0,0,0,0,0,0,0,False,grids_to_bottom 8 > 5,NOT_IN_ZONE,pos=37.4%
MAXHEALTH,NSE:MAXHEALTH-EQ,Healthcare,992.55,2773337,2795905437,60,932.85,1091.81,158.96,17.04,7,3,91.7,True,,0.3756,False,False,False,False,7.95,21,8,0,0,0,0,0,0,0,False,grids_to_bottom 8 > 5,NOT_IN_ZONE,pos=37.6%
NAUKRI,NSE:NAUKRI-EQ,Consumer Services,975.7,2234986,2193734979,60,920.02,1066.49,146.46,15.92,9,5,93.3,True,,0.3802,False,False,False,False,7.3,21,8,0,0,0,0,0,0,0,False,grids_to_bottom 8 > 5,NOT_IN_ZONE,pos=38.0%
UNITDSPR,NSE:UNITDSPR-EQ,Fast Moving Consumer Goods,1291.8,1256586,1647317788,60,1213.31,1414.58,201.27,16.59,4,8,100.0,True,,0.39,False,False,False,False,10.05,21,8,0,0,0,0,0,0,0,False,grids_to_bottom 8 > 5,NOT_IN_ZONE,pos=39.0%
MUTHOOTFIN,NSE:MUTHOOTFIN-EQ,Financial Services,3331.2,944532,3172239183,60,3117.16,3642.11,524.94,16.84,3,6,95.0,True,,0.4077,False,False,False,False,26.25,21,9,0,0,0,0,0,0,0,False,grids_to_bottom 9 > 5,NOT_IN_ZONE,pos=40.8%
TATACAP,NSE:TATACAP-EQ,Financial Services,317.15,2149565,690734755,60,300.04,341.41,41.37,13.79,6,9,96.7,True,,0.4136,False,False,False,False,2.05,21,9,0,0,0,0,0,0,0,False,grids_to_bottom 9 > 5,NOT_IN_ZONE,pos=41.4%
ITC,NSE:ITC-EQ,Fast Moving Consumer Goods,301.4,20572941,6262465393,60,289.51,318.07,28.56,9.87,8,6,95.0,True,,0.4163,False,False,False,False,1.45,20,9,0,0,0,0,0,0,0,False,grids_to_bottom 9 > 5,NOT_IN_ZONE,pos=41.6%
HINDUNILVR,NSE:HINDUNILVR-EQ,Fast Moving Consumer Goods,2204.9,1982513,4390940105,60,2045.99,2387.37,341.38,16.69,6,9,98.3,True,,0.4655,False,False,False,False,17.05,21,10,0,0,0,0,0,0,0,False,grids_to_bottom 10 > 5,NOT_IN_ZONE,pos=46.5%
JIOFIN,NSE:JIOFIN-EQ,Financial Services,240.6,19345088,4658840463,60,226.06,257.28,31.22,13.81,6,6,96.7,True,,0.4657,False,False,False,False,1.55,21,10,0,0,0,0,0,0,0,False,grids_to_bottom 10 > 5,NOT_IN_ZONE,pos=46.6%
KOTAKBANK,NSE:KOTAKBANK-EQ,Financial Services,387.6,20146398,7619729082,60,354.83,422.57,67.74,19.09,4,2,93.3,True,,0.4838,False,False,False,False,3.4,20,10,0,0,0,0,0,0,0,False,grids_to_bottom 10 > 5,NOT_IN_ZONE,pos=48.4%
NHPC,NSE:NHPC-EQ,Power,78.57,16544230,1293693503,60,72.4,84.62,12.22,16.88,8,5,93.3,True,,0.5049,False,False,False,False,0.6,21,11,0,0,0,0,0,0,0,False,grids_to_bottom 11 > 5,NOT_IN_ZONE,pos=50.5%
BHARTIARTL,NSE:BHARTIARTL-EQ,Telecommunication,1853.9,10133708,18730455924,60,1755.78,1942.59,186.81,10.64,7,5,98.3,True,,0.5252,False,False,False,False,9.35,20,11,0,0,0,0,0,0,0,False,grids_to_bottom 11 > 5,NOT_IN_ZONE,pos=52.5%
LENSKART,NSE:LENSKART-EQ,Consumer Services,512.85,4826453,2419566319,60,473.17,548.1,74.93,15.83,4,8,95.0,True,,0.5296,False,False,False,False,3.75,20,11,0,0,0,0,0,0,0,False,grids_to_bottom 11 > 5,NOT_IN_ZONE,pos=53.0%
INDUSTOWER,NSE:INDUSTOWER-EQ,Telecommunication,432.0,5910072,2500525727,60,396.5,461.79,65.3,16.47,8,4,95.0,True,,0.5436,False,False,False,False,3.25,21,11,0,0,0,0,0,0,0,False,grids_to_bottom 11 > 5,NOT_IN_ZONE,pos=54.4%
ASTRAL,NSE:ASTRAL-EQ,Capital Goods,1587.8,785666,1253386929,60,1458.88,1694.47,235.59,16.15,3,7,93.3,True,,0.5472,False,False,False,False,11.8,20,11,0,0,0,0,0,0,0,False,grids_to_bottom 11 > 5,NOT_IN_ZONE,pos=54.7%
UNOMINDA,NSE:UNOMINDA-EQ,Automobile and Auto Components,1111.9,1056250,1158951641,60,1007.08,1195.71,188.63,18.73,7,2,93.3,True,,0.5557,False,False,False,False,9.45,20,12,0,0,0,0,0,0,0,False,grids_to_bottom 12 > 5,NOT_IN_ZONE,pos=55.6%
IRFC,NSE:IRFC-EQ,Financial Services,99.39,16940376,1690913307,60,89.34,106.99,17.64,19.75,4,10,95.0,True,,0.5697,False,False,False,False,0.9,20,12,0,0,0,0,0,0,0,False,grids_to_bottom 12 > 5,NOT_IN_ZONE,pos=57.0%
AXISBANK,NSE:AXISBANK-EQ,Financial Services,1298.7,7422523,9486631321,60,1169.37,1395.62,226.26,19.35,4,8,96.7,True,,0.5716,False,False,False,False,11.3,21,12,0,0,0,0,0,0,0,False,grids_to_bottom 12 > 5,NOT_IN_ZONE,pos=57.2%
IEX,NSE:IEX-EQ,Financial Services,126.98,6961156,869640029,60,115.97,134.83,18.85,16.26,3,3,93.3,True,,0.5841,False,False,False,False,0.95,20,12,0,0,0,0,0,0,0,False,grids_to_bottom 12 > 5,NOT_IN_ZONE,pos=58.4%
JINDALSTEL,NSE:JINDALSTEL-EQ,Metals & Mining,1218.0,1415968,1707739981,60,1106.63,1293.79,187.16,16.91,4,9,98.3,True,,0.5951,False,False,False,False,9.35,21,12,0,0,0,0,0,0,0,False,grids_to_bottom 12 > 5,NOT_IN_ZONE,pos=59.5%
ONGC,NSE:ONGC-EQ,Oil Gas & Consumable Fuels,287.4,21734202,6146907821,60,262.98,303.76,40.79,15.51,6,4,93.3,True,,0.5987,False,False,False,False,2.05,20,12,0,0,0,0,0,0,0,False,grids_to_bottom 12 > 5,NOT_IN_ZONE,pos=59.9%
NTPC,NSE:NTPC-EQ,Power,390.0,12154956,4674448168,60,362.21,407.39,45.18,12.47,4,8,93.3,True,,0.6151,False,False,False,False,2.25,21,13,0,0,0,0,0,0,0,False,grids_to_bottom 13 > 5,NOT_IN_ZONE,pos=61.5%
GMRAIRPORT,NSE:GMRAIRPORT-EQ,Services,96.14,14791472,1396925924,60,85.84,102.3,16.46,19.17,2,5,96.7,True,,0.6258,False,False,False,False,0.8,21,13,0,0,0,0,0,0,0,False,grids_to_bottom 13 > 5,NOT_IN_ZONE,pos=62.6%
LTFOODS,NSE:LTFOODS-EQ,Fast Moving Consumer Goods,412.15,2484763,1004890099,60,365.85,438.05,72.2,19.73,3,5,93.3,True,,0.6413,False,False,False,False,3.6,21,13,0,0,0,0,0,0,0,False,grids_to_bottom 13 > 5,NOT_IN_ZONE,pos=64.1%
OIL,NSE:OIL-EQ,Oil Gas & Consumable Fuels,491.85,6387854,3071377364,60,453.88,512.38,58.5,12.89,7,3,93.3,True,,0.6491,False,False,False,False,2.9,21,14,0,0,0,0,0,0,0,False,grids_to_bottom 14 > 5,NOT_IN_ZONE,pos=64.9%
COALINDIA,NSE:COALINDIA-EQ,Oil Gas & Consumable Fuels,461.8,12700701,5758817017,60,425.97,480.28,54.31,12.75,6,4,93.3,True,,0.6597,False,False,False,False,2.7,21,14,0,0,0,0,0,0,0,False,grids_to_bottom 14 > 5,NOT_IN_ZONE,pos=66.0%
TECHM,NSE:TECHM-EQ,Information Technology,1449.1,2453465,3463164348,60,1318.12,1510.93,192.81,14.63,12,5,96.7,True,,0.6793,False,False,False,False,9.65,20,14,0,0,0,0,0,0,0,False,grids_to_bottom 14 > 5,NOT_IN_ZONE,pos=67.9%
ICICIGI,NSE:ICICIGI-EQ,Financial Services,1864.0,703570,1266555730,60,1678.53,1944.24,265.71,15.83,4,4,98.3,True,,0.698,False,False,False,False,13.3,20,14,0,0,0,0,0,0,0,False,grids_to_bottom 14 > 5,NOT_IN_ZONE,pos=69.8%
CASTROLIND,NSE:CASTROLIND-EQ,Oil Gas & Consumable Fuels,184.0,1601933,292414437,60,173.77,188.2,14.43,8.31,5,21,98.3,True,,0.7089,False,False,False,False,0.7,21,15,0,0,0,0,0,0,0,False,grids_to_bottom 15 > 5,NOT_IN_ZONE,pos=70.9%
TATASTEEL,NSE:TATASTEEL-EQ,Metals & Mining,210.04,32080586,6544092416,60,186.83,219.29,32.45,17.37,6,4,93.3,True,,0.7153,False,False,False,False,1.6,21,15,0,0,0,0,0,0,0,False,grids_to_bottom 15 > 5,NOT_IN_ZONE,pos=71.5%
INDHOTEL,NSE:INDHOTEL-EQ,Consumer Services,654.15,2798589,1767060011,60,577.79,679.25,101.46,17.56,4,7,96.7,True,,0.7526,False,False,False,False,5.05,21,16,0,0,0,0,0,0,0,False,grids_to_bottom 16 > 5,NOT_IN_ZONE,pos=75.3%
SUNPHARMA,NSE:SUNPHARMA-EQ,Healthcare,1833.9,3930089,6909255869,60,1629.98,1899.77,269.79,16.55,4,7,98.3,True,,0.7558,False,False,False,False,13.5,20,16,0,0,0,0,0,0,0,False,grids_to_bottom 16 > 5,NOT_IN_ZONE,pos=75.6%
NYKAA,NSE:NYKAA-EQ,Consumer Services,266.45,4896831,1266777020,60,233.19,277.11,43.92,18.84,7,6,96.7,True,,0.7573,False,False,False,False,2.2,20,16,0,0,0,0,0,0,0,False,grids_to_bottom 16 > 5,NOT_IN_ZONE,pos=75.7%
FEDERALBNK,NSE:FEDERALBNK-EQ,Financial Services,290.7,8760519,2464345379,60,257.02,301.08,44.06,17.14,5,10,98.3,True,,0.7644,False,False,False,False,2.2,21,16,0,0,0,0,0,0,0,False,grids_to_bottom 16 > 5,NOT_IN_ZONE,pos=76.4%
GLENMARK,NSE:GLENMARK-EQ,Healthcare,2355.5,686846,1544168187,60,2036.42,2438.86,402.44,19.76,5,6,96.7,True,,0.7929,False,False,False,False,20.1,21,16,0,0,0,0,0,0,0,False,grids_to_bottom 16 > 5,NOT_IN_ZONE,pos=79.3%
IGL,NSE:IGL-EQ,Oil Gas & Consumable Fuels,166.89,4339360,693798642,60,146.46,171.86,25.4,17.34,5,8,95.0,True,,0.8043,False,False,False,False,1.25,21,17,0,0,0,0,0,0,0,False,grids_to_bottom 17 > 5,NOT_IN_ZONE,pos=80.4%
WIPRO,NSE:WIPRO-EQ,Information Technology,205.1,22276963,4446872673,60,187.29,209.03,21.73,11.6,13,5,98.3,True,,0.8196,False,False,False,False,1.1,20,17,0,0,0,0,0,0,0,False,grids_to_bottom 17 > 5,NOT_IN_ZONE,pos=82.0%
JSWINFRA,NSE:JSWINFRA-EQ,Services,279.5,1937006,511349744,60,239.6,286.98,47.37,19.77,5,5,95.0,True,,0.8423,False,False,False,False,2.35,21,17,0,0,0,0,0,0,0,False,grids_to_bottom 17 > 5,NOT_IN_ZONE,pos=84.2%
PIDILITIND,NSE:PIDILITIND-EQ,Chemicals,1472.2,927530,1300080133,60,1276.78,1508.73,231.95,18.17,3,5,96.7,True,,0.8425,False,False,False,False,11.6,21,17,0,0,0,0,0,0,0,False,grids_to_bottom 17 > 5,NOT_IN_ZONE,pos=84.3%
MARICO,NSE:MARICO-EQ,Fast Moving Consumer Goods,831.45,1871136,1460622095,60,731.66,845.86,114.2,15.61,6,10,98.3,True,,0.8738,False,False,False,False,5.7,21,18,0,0,0,0,0,0,0,False,grids_to_bottom 18 > 5,NOT_IN_ZONE,pos=87.4%
LICI,NSE:LICI-EQ,Financial Services,854.2,1891988,1522980389,60,732.72,871.16,138.44,18.89,4,2,93.3,True,,0.8775,False,False,False,False,6.9,21,18,0,0,0,0,0,0,0,False,grids_to_bottom 18 > 5,NOT_IN_ZONE,pos=87.7%
DRREDDY,NSE:DRREDDY-EQ,Healthcare,1331.3,2512687,3236616906,60,1188.82,1350.35,161.53,13.59,5,10,95.0,True,,0.8821,False,False,False,False,8.1,20,18,0,0,0,0,0,0,0,False,grids_to_bottom 18 > 5,NOT_IN_ZONE,pos=88.2%
SRF,NSE:SRF-EQ,Chemicals,2745.5,620843,1589210043,60,2380.53,2781.0,400.47,16.82,6,5,95.0,True,,0.9114,False,False,False,False,20.0,21,19,0,0,0,0,0,0,0,False,grids_to_bottom 19 > 5,NOT_IN_ZONE,pos=91.1%
CIPLA,NSE:CIPLA-EQ,Healthcare,1416.8,1873342,2443921270,60,1193.57,1427.37,233.8,19.59,4,5,91.7,True,,0.9548,False,False,False,False,11.7,20,20,0,0,0,0,0,0,0,False,grids_to_bottom 20 > 5,NOT_IN_ZONE,pos=95.5%
JSWSTEEL,NSE:JSWSTEEL-EQ,Metals & Mining,1296.1,2012423,2462192351,60,1113.9,1302.2,188.3,16.9,7,12,98.3,True,,0.9676,False,False,False,False,9.4,21,20,0,0,0,0,0,0,0,False,grids_to_bottom 20 > 5,NOT_IN_ZONE,pos=96.8%
RBLBANK,NSE:RBLBANK-EQ,Financial Services,344.75,5448076,1741998356,60,290.25,346.41,56.16,19.35,9,5,98.3,True,,0.9704,False,False,False,False,2.8,21,20,0,0,0,0,0,0,0,False,grids_to_bottom 20 > 5,NOT_IN_ZONE,pos=97.0%
CHAMBLFERT,NSE:CHAMBLFERT-EQ,Chemicals,479.1,937480,417094702,60,410.79,469.51,58.72,14.29,6,4,96.7,True,,1.1633,False,False,False,False,2.95,20,24,0,0,0,0,0,0,0,False,grids_to_bottom 24 > 5,NOT_IN_ZONE,pos=116.3%
SAMMAANCAP,NSE:SAMMAANCAP-EQ,Financial Services,168.4,18699961,2784673286,60,136.03,162.03,26.0,19.11,5,2,93.3,True,,1.245,False,False,False,False,1.3,20,25,0,0,0,0,0,0,0,False,grids_to_bottom 25 > 5,NOT_IN_ZONE,pos=124.5%
360ONE,NSE:360ONE-EQ,Financial Services,1134.1,1075436,1126204357,60,931.42,1137.58,206.16,22.13,0,0,0,False,range too wide: 22.13% > 20.0%,,False,False,False,False,0,0,0,0,0,0,0,0,0,0,False,,RANGE_FAIL,range too wide: 22.13% > 20.0%
ACMESOLAR,NSE:ACMESOLAR-EQ,Power,302.75,2036135,559544221,60,220.89,314.02,93.13,42.16,0,0,0,False,range too wide: 42.16% > 20.0%,,False,False,False,False,0,0,0,0,0,0,0,0,0,0,False,,RANGE_FAIL,range too wide: 42.16% > 20.0%
APLAPOLLO,NSE:APLAPOLLO-EQ,Capital Goods,1876.0,702993,1403904590,60,1839.98,2234.12,394.13,21.42,0,0,0,False,range too wide: 21.42% > 20.0%,,False,False,False,False,0,0,0,0,0,0,0,0,0,0,False,,RANGE_FAIL,range too wide: 21.42% > 20.0%
AUBANK,NSE:AUBANK-EQ,Financial Services,1010.8,2726277,2620167059,60,855.87,1059.24,203.37,23.76,0,0,0,False,range too wide: 23.76% > 20.0%,,False,False,False,False,0,0,0,0,0,0,0,0,0,0,False,,RANGE_FAIL,range too wide: 23.76% > 20.0%
AWL,NSE:AWL-EQ,Fast Moving Consumer Goods,194.34,4440133,834900576,60,173.02,210.05,37.03,21.4,0,0,0,False,range too wide: 21.40% > 20.0%,,False,False,False,False,0,0,0,0,0,0,0,0,0,0,False,,RANGE_FAIL,range too wide: 21.40% > 20.0%
AARTIIND,NSE:AARTIIND-EQ,Chemicals,491.0,1139298,519421392,60,399.28,510.17,110.89,27.77,0,0,0,False,range too wide: 27.77% > 20.0%,,False,False,False,False,0,0,0,0,0,0,0,0,0,0,False,,RANGE_FAIL,range too wide: 27.77% > 20.0%
ACUTAAS,NSE:ACUTAAS-EQ,Healthcare,3031.2,531885,1311045978,60,2072.9,2965.18,892.28,43.05,0,0,0,False,range too wide: 43.05% > 20.0%,,False,False,False,False,0,0,0,0,0,0,0,0,0,0,False,,RANGE_FAIL,range too wide: 43.05% > 20.0%
ADANIENSOL,NSE:ADANIENSOL-EQ,Power,1407.7,2973718,3656031531,60,935.69,1438.76,503.07,53.77,0,0,0,False,range too wide: 53.77% > 20.0%,,False,False,False,False,0,0,0,0,0,0,0,0,0,0,False,,RANGE_FAIL,range too wide: 53.77% > 20.0%
ADANIENT,NSE:ADANIENT-EQ,Metals & Mining,2953.8,2525156,5736901719,60,1803.71,2775.93,972.21,53.9,0,0,0,False,range too wide: 53.90% > 20.0%,,False,False,False,False,0,0,0,0,0,0,0,0,0,0,False,,RANGE_FAIL,range too wide: 53.90% > 20.0%
ADANIGREEN,NSE:ADANIGREEN-EQ,Power,1446.0,4570665,5067862249,60,814.53,1425.04,610.51,74.95,0,0,0,False,range too wide: 74.95% > 20.0%,,False,False,False,False,0,0,0,0,0,0,0,0,0,0,False,,RANGE_FAIL,range too wide: 74.95% > 20.0%
ADANIPORTS,NSE:ADANIPORTS-EQ,Services,1808.9,3232022,5022220419,60,1329.27,1805.41,476.14,35.82,0,0,0,False,range too wide: 35.82% > 20.0%,,False,False,False,False,0,0,0,0,0,0,0,0,0,0,False,,RANGE_FAIL,range too wide: 35.82% > 20.0%
ADANIPOWER,NSE:ADANIPOWER-EQ,Power,244.76,45113968,8632701871,60,137.38,234.02,96.64,70.35,0,0,0,False,range too wide: 70.35% > 20.0%,,False,False,False,False,0,0,0,0,0,0,0,0,0,0,False,,RANGE_FAIL,range too wide: 70.35% > 20.0%
ATGL,NSE:ATGL-EQ,Oil Gas & Consumable Fuels,712.6,6494940,3831236325,60,476.89,667.55,190.66,39.98,0,0,0,False,range too wide: 39.98% > 20.0%,,False,False,False,False,0,0,0,0,0,0,0,0,0,0,False,,RANGE_FAIL,range too wide: 39.98% > 20.0%
ABCAPITAL,NSE:ABCAPITAL-EQ,Financial Services,362.9,6746531,2293108476,60,295.05,366.48,71.43,24.21,0,0,0,False,range too wide: 24.21% > 20.0%,,False,False,False,False,0,0,0,0,0,0,0,0,0,0,False,,RANGE_FAIL,range too wide: 24.21% > 20.0%
ABFRL,NSE:ABFRL-EQ,Consumer Services,65.0,5654982,351488481,60,55.32,69.12,13.8,24.94,0,0,0,False,range too wide: 24.94% > 20.0%,,False,False,False,False,0,0,0,0,0,0,0,0,0,0,False,,RANGE_FAIL,range too wide: 24.94% > 20.0%
ABLBL,NSE:ABLBL-EQ,Consumer Services,102.0,2266987,235139415,60,90.1,110.95,20.84,23.13,0,0,0,False,range too wide: 23.13% > 20.0%,,False,False,False,False,0,0,0,0,0,0,0,0,0,0,False,,RANGE_FAIL,range too wide: 23.13% > 20.0%
ABSLAMC,NSE:ABSLAMC-EQ,Financial Services,1002.0,569328,567502263,60,867.01,1088.95,221.94,25.6,0,0,0,False,range too wide: 25.60% > 20.0%,,False,False,False,False,0,0,0,0,0,0,0,0,0,0,False,,RANGE_FAIL,range too wide: 25.60% > 20.0%
AEGISLOG,NSE:AEGISLOG-EQ,Oil Gas & Consumable Fuels,718.25,1099692,733390692,60,585.58,750.11,164.53,28.1,0,0,0,False,range too wide: 28.10% > 20.0%,,False,False,False,False,0,0,0,0,0,0,0,0,0,0,False,,RANGE_FAIL,range too wide: 28.10% > 20.0%
AEGISVOPAK,NSE:AEGISVOPAK-EQ,Oil Gas & Consumable Fuels,208.38,959249,188203012,60,163.24,230.89,67.65,41.44,0,0,0,False,range too wide: 41.44% > 20.0%,,False,False,False,False,0,0,0,0,0,0,0,0,0,0,False,,RANGE_FAIL,range too wide: 41.44% > 20.0%
AFCONS,NSE:AFCONS-EQ,Construction,317.65,1718143,561283123,60,271.43,356.5,85.08,31.35,0,0,0,False,range too wide: 31.35% > 20.0%,,False,False,False,False,0,0,0,0,0,0,0,0,0,0,False,,RANGE_FAIL,range too wide: 31.35% > 20.0%
ARE&M,NSE:ARE&M-EQ,Automobile and Auto Components,889.7,1666733,1453026093,60,697.88,923.62,225.74,32.35,0,0,0,False,range too wide: 32.35% > 20.0%,,False,False,False,False,0,0,0,0,0,0,0,0,0,0,False,,RANGE_FAIL,range too wide: 32.35% > 20.0%
AMBUJACEM,NSE:AMBUJACEM-EQ,Construction Materials,445.65,3406751,1501055922,60,406.33,512.24,105.9,26.06,0,0,0,False,range too wide: 26.06% > 20.0%,,False,False,False,False,0,0,0,0,0,0,0,0,0,0,False,,RANGE_FAIL,range too wide: 26.06% > 20.0%
ANANTRAJ,NSE:ANANTRAJ-EQ,Realty,503.7,2448226,1200678030,60,427.15,559.76,132.61,31.05,0,0,0,False,range too wide: 31.05% > 20.0%,,False,False,False,False,0,0,0,0,0,0,0,0,0,0,False,,RANGE_FAIL,range too wide: 31.05% > 20.0%
ANGELONE,NSE:ANGELONE-EQ,Financial Services,343.3,10555199,3000518722,60,212.27,343.42,131.14,61.78,0,0,0,False,range too wide: 61.78% > 20.0%,,False,False,False,False,0,0,0,0,0,0,0,0,0,0,False,,RANGE_FAIL,range too wide: 61.78% > 20.0%
APOLLOTYRE,NSE:APOLLOTYRE-EQ,Automobile and Auto Components,394.2,1348255,554700948,60,370.38,458.82,88.44,23.88,0,0,0,False,range too wide: 23.88% > 20.0%,,False,False,False,False,0,0,0,0,0,0,0,0,0,0,False,,RANGE_FAIL,range too wide: 23.88% > 20.0%
APTUS,NSE:APTUS-EQ,Financial Services,260.4,2431856,575559565,60,195.46,285.71,90.25,46.18,0,0,0,False,range too wide: 46.18% > 20.0%,,False,False,False,False,0,0,0,0,0,0,0,0,0,0,False,,RANGE_FAIL,range too wide: 46.18% > 20.0%
ASHOKLEY,NSE:ASHOKLEY-EQ,Capital Goods,160.78,24586735,4157627688,60,147.91,212.89,64.98,43.94,0,0,0,False,range too wide: 43.94% > 20.0%,,False,False,False,False,0,0,0,0,0,0,0,0,0,0,False,,RANGE_FAIL,range too wide: 43.94% > 20.0%
ASIANPAINT,NSE:ASIANPAINT-EQ,Consumer Durables,2647.0,1253686,2983326477,60,2145.86,2664.32,518.47,24.16,0,0,0,False,range too wide: 24.16% > 20.0%,,False,False,False,False,0,0,0,0,0,0,0,0,0,0,False,,RANGE_FAIL,range too wide: 24.16% > 20.0%
ASTERDM,NSE:ASTERDM-EQ,Healthcare,760.85,921230,645258634,60,622.58,769.38,146.8,23.58,0,0,0,False,range too wide: 23.58% > 20.0%,,False,False,False,False,0,0,0,0,0,0,0,0,0,0,False,,RANGE_FAIL,range too wide: 23.58% > 20.0%
ATHERENERG,NSE:ATHERENERG-EQ,Automobile and Auto Components,960.3,4288923,3709151656,60,673.76,975.32,301.56,44.76,0,0,0,False,range too wide: 44.76% > 20.0%,,False,False,False,False,0,0,0,0,0,0,0,0,0,0,False,,RANGE_FAIL,range too wide: 44.76% > 20.0%
AUROPHARMA,NSE:AUROPHARMA-EQ,Healthcare,1454.8,1552799,2106440229,60,1181.98,1528.1,346.12,29.28,0,0,0,False,range too wide: 29.28% > 20.0%,,False,False,False,False,0,0,0,0,0,0,0,0,0,0,False,,RANGE_FAIL,range too wide: 29.28% > 20.0%
AIIL,NSE:AIIL-EQ,Financial Services,495.0,702791,332405900,60,410.91,523.12,112.21,27.31,0,0,0,False,range too wide: 27.31% > 20.0%,,False,False,False,False,0,0,0,0,0,0,0,0,0,0,False,,RANGE_FAIL,range too wide: 27.31% > 20.0%
DMART,NSE:DMART-EQ,Consumer Services,4065.1,584770,2459915026,60,3725.27,4629.17,903.9,24.26,0,0,0,False,range too wide: 24.26% > 20.0%,,False,False,False,False,0,0,0,0,0,0,0,0,0,0,False,,RANGE_FAIL,range too wide: 24.26% > 20.0%
BLS,NSE:BLS-EQ,Consumer Services,266.0,4794329,1291270127,60,238.28,302.87,64.59,27.11,0,0,0,False,range too wide: 27.11% > 20.0%,,False,False,False,False,0,0,0,0,0,0,0,0,0,0,False,,RANGE_FAIL,range too wide: 27.11% > 20.0%
BSE,NSE:BSE-EQ,Financial Services,4357.0,4366075,14471957323,60,2655.65,4294.06,1638.41,61.7,0,0,0,False,range too wide: 61.70% > 20.0%,,False,False,False,False,0,0,0,0,0,0,0,0,0,0,False,,RANGE_FAIL,range too wide: 61.70% > 20.0%
BAJFINANCE,NSE:BAJFINANCE-EQ,Financial Services,935.3,9225352,8302462235,60,813.49,1015.59,202.11,24.84,0,0,0,False,range too wide: 24.84% > 20.0%,,False,False,False,False,0,0,0,0,0,0,0,0,0,0,False,,RANGE_FAIL,range too wide: 24.84% > 20.0%
BAJAJFINSV,NSE:BAJAJFINSV-EQ,Financial Services,1803.3,1347303,2389542220,60,1626.9,2040.12,413.22,25.4,0,0,0,False,range too wide: 25.40% > 20.0%,,False,False,False,False,0,0,0,0,0,0,0,0,0,0,False,,RANGE_FAIL,range too wide: 25.40% > 20.0%
BAJAJHFL,NSE:BAJAJHFL-EQ,Financial Services,85.29,6686218,556320674,60,74.99,91.9,16.91,22.55,0,0,0,False,range too wide: 22.55% > 20.0%,,False,False,False,False,0,0,0,0,0,0,0,0,0,0,False,,RANGE_FAIL,range too wide: 22.55% > 20.0%
BALRAMCHIN,NSE:BALRAMCHIN-EQ,Fast Moving Consumer Goods,529.4,1029795,522385842,60,452.9,553.12,100.22,22.13,0,0,0,False,range too wide: 22.13% > 20.0%,,False,False,False,False,0,0,0,0,0,0,0,0,0,0,False,,RANGE_FAIL,range too wide: 22.13% > 20.0%
BANDHANBNK,NSE:BANDHANBNK-EQ,Financial Services,199.86,13498963,2460627780,60,144.41,208.07,63.66,44.08,0,0,0,False,range too wide: 44.08% > 20.0%,,False,False,False,False,0,0,0,0,0,0,0,0,0,0,False,,RANGE_FAIL,range too wide: 44.08% > 20.0%
BANKBARODA,NSE:BANKBARODA-EQ,Financial Services,270.05,11211775,3094476107,60,251.83,316.64,64.8,25.73,0,0,0,False,range too wide: 25.73% > 20.0%,,False,False,False,False,0,0,0,0,0,0,0,0,0,0,False,,RANGE_FAIL,range too wide: 25.73% > 20.0%
BANKINDIA,NSE:BANKINDIA-EQ,Financial Services,144.16,11222721,1662757799,60,136.49,176.43,39.94,29.27,0,0,0,False,range too wide: 29.27% > 20.0%,,False,False,False,False,0,0,0,0,0,0,0,0,0,0,False,,RANGE_FAIL,range too wide: 29.27% > 20.0%
MAHABANK,NSE:MAHABANK-EQ,Financial Services,80.04,24511767,1808306693,60,61.5,82.58,21.08,34.27,0,0,0,False,range too wide: 34.27% > 20.0%,,False,False,False,False,0,0,0,0,0,0,0,0,0,0,False,,RANGE_FAIL,range too wide: 34.27% > 20.0%
BELRISE,NSE:BELRISE-EQ,Automobile and Auto Components,218.29,5176886,1035432720,60,176.12,224.48,48.36,27.46,0,0,0,False,range too wide: 27.46% > 20.0%,,False,False,False,False,0,0,0,0,0,0,0,0,0,0,False,,RANGE_FAIL,range too wide: 27.46% > 20.0%
BERGEPAINT,NSE:BERGEPAINT-EQ,Consumer Durables,515.3,585171,280937700,60,404.44,529.22,124.77,30.85,0,0,0,False,range too wide: 30.85% > 20.0%,,False,False,False,False,0,0,0,0,0,0,0,0,0,0,False,,RANGE_FAIL,range too wide: 30.85% > 20.0%
BDL,NSE:BDL-EQ,Capital Goods,1333.2,1494869,1953240574,60,1150.01,1439.59,289.58,25.18,0,0,0,False,range too wide: 25.18% > 20.0%,,False,False,False,False,0,0,0,0,0,0,0,0,0,0,False,,RANGE_FAIL,range too wide: 25.18% > 20.0%
BHARATFORG,NSE:BHARATFORG-EQ,Automobile and Auto Components,1914.9,1394870,2576062474,60,1633.13,1999.42,366.29,22.43,0,0,0,False,range too wide: 22.43% > 20.0%,,False,False,False,False,0,0,0,0,0,0,0,0,0,0,False,,RANGE_FAIL,range too wide: 22.43% > 20.0%
BHEL,NSE:BHEL-EQ,Capital Goods,418.25,16788067,5523686384,60,243.91,415.76,171.85,70.46,0,0,0,False,range too wide: 70.46% > 20.0%,,False,False,False,False,0,0,0,0,0,0,0,0,0,0,False,,RANGE_FAIL,range too wide: 70.46% > 20.0%
BPCL,NSE:BPCL-EQ,Oil Gas & Consumable Fuels,302.4,13433604,4119350117,60,270.99,377.2,106.21,39.19,0,0,0,False,range too wide: 39.19% > 20.0%,,False,False,False,False,0,0,0,0,0,0,0,0,0,0,False,,RANGE_FAIL,range too wide: 39.19% > 20.0%
GROWW,NSE:GROWW-EQ,Financial Services,188.44,47656192,9130504334,60,151.3,223.7,72.4,47.86,0,0,0,False,range too wide: 47.86% > 20.0%,,False,False,False,False,0,0,0,0,0,0,0,0,0,0,False,,RANGE_FAIL,range too wide: 47.86% > 20.0%
BIOCON,NSE:BIOCON-EQ,Healthcare,437.45,4239102,1626770067,60,344.14,435.8,91.66,26.63,0,0,0,False,range too wide: 26.63% > 20.0%,,False,False,False,False,0,0,0,0,0,0,0,0,0,0,False,,RANGE_FAIL,range too wide: 26.63% > 20.0%
BSOFT,NSE:BSOFT-EQ,Information Technology,325.85,1291592,463689974,60,311.94,395.89,83.94,26.91,0,0,0,False,range too wide: 26.91% > 20.0%,,False,False,False,False,0,0,0,0,0,0,0,0,0,0,False,,RANGE_FAIL,range too wide: 26.91% > 20.0%
BLUEJET,NSE:BLUEJET-EQ,Healthcare,499.1,738873,306180264,60,335.76,497.9,162.14,48.29,0,0,0,False,range too wide: 48.29% > 20.0%,,False,False,False,False,0,0,0,0,0,0,0,0,0,0,False,,RANGE_FAIL,range too wide: 48.29% > 20.0%
BLUESTARCO,NSE:BLUESTARCO-EQ,Consumer Durables,1625.7,672686,1173267402,60,1519.57,1975.06,455.49,29.98,0,0,0,False,range too wide: 29.98% > 20.0%,,False,False,False,False,0,0,0,0,0,0,0,0,0,0,False,,RANGE_FAIL,range too wide: 29.98% > 20.0%
FIRSTCRY,NSE:FIRSTCRY-EQ,Consumer Services,235.45,5887049,1395264767,60,208.65,259.24,50.59,24.25,0,0,0,False,range too wide: 24.25% > 20.0%,,False,False,False,False,0,0,0,0,0,0,0,0,0,0,False,,RANGE_FAIL,range too wide: 24.25% > 20.0%
BRIGADE,NSE:BRIGADE-EQ,Realty,673.5,794497,557554906,60,637.52,808.52,171.0,26.82,0,0,0,False,range too wide: 26.82% > 20.0%,,False,False,False,False,0,0,0,0,0,0,0,0,0,0,False,,RANGE_FAIL,range too wide: 26.82% > 20.0%
CESC,NSE:CESC-EQ,Power,182.88,3521966,618091512,60,148.03,193.39,45.36,30.64,0,0,0,False,range too wide: 30.64% > 20.0%,,False,False,False,False,0,0,0,0,0,0,0,0,0,0,False,,RANGE_FAIL,range too wide: 30.64% > 20.0%
CGPOWER,NSE:CGPOWER-EQ,Capital Goods,877.75,3364149,2598294701,60,658.59,876.23,217.64,33.05,0,0,0,False,range too wide: 33.05% > 20.0%,,False,False,False,False,0,0,0,0,0,0,0,0,0,0,False,,RANGE_FAIL,range too wide: 33.05% > 20.0%
CANBK,NSE:CANBK-EQ,Financial Services,132.95,24361136,3344943821,60,123.98,158.14,34.16,27.55,0,0,0,False,range too wide: 27.55% > 20.0%,,False,False,False,False,0,0,0,0,0,0,0,0,0,0,False,,RANGE_FAIL,range too wide: 27.55% > 20.0%
CGCL,NSE:CGCL-EQ,Financial Services,191.0,2308658,414433794,60,154.0,197.63,43.63,28.33,0,0,0,False,range too wide: 28.33% > 20.0%,,False,False,False,False,0,0,0,0,0,0,0,0,0,0,False,,RANGE_FAIL,range too wide: 28.33% > 20.0%
CARTRADE,NSE:CARTRADE-EQ,Consumer Services,1712.4,527683,952393754,60,1617.18,1975.25,358.06,22.14,0,0,0,False,range too wide: 22.14% > 20.0%,,False,False,False,False,0,0,0,0,0,0,0,0,0,0,False,,RANGE_FAIL,range too wide: 22.14% > 20.0%
CEMPRO,NSE:CEMPRO-EQ,Construction,936.5,1339686,1129743214,60,510.49,968.73,458.24,89.76,0,0,0,False,range too wide: 89.76% > 20.0%,,False,False,False,False,0,0,0,0,0,0,0,0,0,0,False,,RANGE_FAIL,range too wide: 89.76% > 20.0%
CHENNPETRO,NSE:CHENNPETRO-EQ,Oil Gas & Consumable Fuels,1019.0,2655964,2707003560,60,899.08,1125.51,226.43,25.18,0,0,0,False,range too wide: 25.18% > 20.0%,,False,False,False,False,0,0,0,0,0,0,0,0,0,0,False,,RANGE_FAIL,range too wide: 25.18% > 20.0%
CHOICEIN,NSE:CHOICEIN-EQ,Financial Services,687.1,668192,448624486,60,605.77,750.47,144.7,23.89,0,0,0,False,range too wide: 23.89% > 20.0%,,False,False,False,False,0,0,0,0,0,0,0,0,0,0,False,,RANGE_FAIL,range too wide: 23.89% > 20.0%
CHOLAFIN,NSE:CHOLAFIN-EQ,Financial Services,1566.9,2106564,3283402386,60,1362.08,1740.62,378.55,27.79,0,0,0,False,range too wide: 27.79% > 20.0%,,False,False,False,False,0,0,0,0,0,0,0,0,0,0,False,,RANGE_FAIL,range too wide: 27.79% > 20.0%
CUB,NSE:CUB-EQ,Financial Services,253.6,2975721,766289907,60,230.71,291.36,60.64,26.29,0,0,0,False,range too wide: 26.29% > 20.0%,,False,False,False,False,0,0,0,0,0,0,0,0,0,0,False,,RANGE_FAIL,range too wide: 26.29% > 20.0%
COCHINSHIP,NSE:COCHINSHIP-EQ,Capital Goods,1519.7,1957544,3009843276,60,1259.74,1777.06,517.31,41.06,0,0,0,False,range too wide: 41.06% > 20.0%,,False,False,False,False,0,0,0,0,0,0,0,0,0,0,False,,RANGE_FAIL,range too wide: 41.06% > 20.0%
COFORGE,NSE:COFORGE-EQ,Information Technology,1420.9,3962273,4895724683,60,1072.88,1423.74,350.87,32.7,0,0,0,False,range too wide: 32.70% > 20.0%,,False,False,False,False,0,0,0,0,0,0,0,0,0,0,False,,RANGE_FAIL,range too wide: 32.70% > 20.0%
COHANCE,NSE:COHANCE-EQ,Healthcare,434.25,3942530,1650406034,60,282.12,502.48,220.36,78.11,0,0,0,False,range too wide: 78.11% > 20.0%,,False,False,False,False,0,0,0,0,0,0,0,0,0,0,False,,RANGE_FAIL,range too wide: 78.11% > 20.0%
CAMS,NSE:CAMS-EQ,Financial Services,761.0,1812062,1310734160,60,623.21,822.09,198.88,31.91,0,0,0,False,range too wide: 31.91% > 20.0%,,False,False,False,False,0,0,0,0,0,0,0,0,0,0,False,,RANGE_FAIL,range too wide: 31.91% > 20.0%
CONCOR,NSE:CONCOR-EQ,Services,474.25,1618833,776953499,60,428.73,528.94,100.21,23.37,0,0,0,False,range too wide: 23.37% > 20.0%,,False,False,False,False,0,0,0,0,0,0,0,0,0,0,False,,RANGE_FAIL,range too wide: 23.37% > 20.0%
CREDITACC,NSE:CREDITACC-EQ,Financial Services,1306.1,592447,812236563,60,1143.44,1511.82,368.38,32.22,0,0,0,False,range too wide: 32.22% > 20.0%,,False,False,False,False,0,0,0,0,0,0,0,0,0,0,False,,RANGE_FAIL,range too wide: 32.22% > 20.0%
CROMPTON,NSE:CROMPTON-EQ,Consumer Durables,288.65,3949140,1060940175,60,227.93,298.82,70.88,31.1,0,0,0,False,range too wide: 31.10% > 20.0%,,False,False,False,False,0,0,0,0,0,0,0,0,0,0,False,,RANGE_FAIL,range too wide: 31.10% > 20.0%
CUMMINSIND,NSE:CUMMINSIND-EQ,Capital Goods,5425.0,683342,3338325469,60,4477.7,5430.6,952.9,21.28,0,0,0,False,range too wide: 21.28% > 20.0%,,False,False,False,False,0,0,0,0,0,0,0,0,0,0,False,,RANGE_FAIL,range too wide: 21.28% > 20.0%
DLF,NSE:DLF-EQ,Realty,589.35,4567994,2593088884,60,511.8,619.95,108.16,21.13,0,0,0,False,range too wide: 21.13% > 20.0%,,False,False,False,False,0,0,0,0,0,0,0,0,0,0,False,,RANGE_FAIL,range too wide: 21.13% > 20.0%
DABUR,NSE:DABUR-EQ,Fast Moving Consumer Goods,447.1,2055737,935654916,60,408.49,519.95,111.46,27.29,0,0,0,False,range too wide: 27.29% > 20.0%,,False,False,False,False,0,0,0,0,0,0,0,0,0,0,False,,RANGE_FAIL,range too wide: 27.29% > 20.0%
DATAPATTNS,NSE:DATAPATTNS-EQ,Capital Goods,4107.7,1273811,4645732154,60,3014.97,4280.35,1265.38,41.97,0,0,0,False,range too wide: 41.97% > 20.0%,,False,False,False,False,0,0,0,0,0,0,0,0,0,0,False,,RANGE_FAIL,range too wide: 41.97% > 20.0%
DEEPAKFERT,NSE:DEEPAKFERT-EQ,Chemicals,1454.5,618765,705728781,60,903.24,1399.42,496.18,54.93,0,0,0,False,range too wide: 54.93% > 20.0%,,False,False,False,False,0,0,0,0,0,0,0,0,0,0,False,,RANGE_FAIL,range too wide: 54.93% > 20.0%
DELHIVERY,NSE:DELHIVERY-EQ,Services,458.3,2675737,1207224477,60,401.32,483.55,82.23,20.49,0,0,0,False,range too wide: 20.49% > 20.0%,,False,False,False,False,0,0,0,0,0,0,0,0,0,0,False,,RANGE_FAIL,range too wide: 20.49% > 20.0%
DEVYANI,NSE:DEVYANI-EQ,Consumer Services,117.17,4083703,466267844,60,95.5,130.07,34.57,36.21,0,0,0,False,range too wide: 36.21% > 20.0%,,False,False,False,False,0,0,0,0,0,0,0,0,0,0,False,,RANGE_FAIL,range too wide: 36.21% > 20.0%
EIHOTEL,NSE:EIHOTEL-EQ,Consumer Services,320.55,967863,299286373,60,281.91,339.41,57.49,20.39,0,0,0,False,range too wide: 20.39% > 20.0%,,False,False,False,False,0,0,0,0,0,0,0,0,0,0,False,,RANGE_FAIL,range too wide: 20.39% > 20.0%
EICHERMOT,NSE:EICHERMOT-EQ,Automobile and Auto Components,7389.5,604028,4306791870,60,6584.38,8060.62,1476.25,22.42,0,0,0,False,range too wide: 22.42% > 20.0%,,False,False,False,False,0,0,0,0,0,0,0,0,0,0,False,,RANGE_FAIL,range too wide: 22.42% > 20.0%
ELECON,NSE:ELECON-EQ,Capital Goods,526.8,882005,414274927,60,367.48,555.59,188.11,51.19,0,0,0,False,range too wide: 51.19% > 20.0%,,False,False,False,False,0,0,0,0,0,0,0,0,0,0,False,,RANGE_FAIL,range too wide: 51.19% > 20.0%
EMAMILTD,NSE:EMAMILTD-EQ,Fast Moving Consumer Goods,402.7,572053,246522491,60,389.44,477.14,87.69,22.52,0,0,0,False,range too wide: 22.52% > 20.0%,,False,False,False,False,0,0,0,0,0,0,0,0,0,0,False,,RANGE_FAIL,range too wide: 22.52% > 20.0%
EMMVEE,NSE:EMMVEE-EQ,Capital Goods,294.25,3930257,1003657083,60,186.94,290.91,103.97,55.62,0,0,0,False,range too wide: 55.62% > 20.0%,,False,False,False,False,0,0,0,0,0,0,0,0,0,0,False,,RANGE_FAIL,range too wide: 55.62% > 20.0%
ENGINERSIN,NSE:ENGINERSIN-EQ,Construction,229.05,5104173,1159865975,60,184.91,263.32,78.41,42.41,0,0,0,False,range too wide: 42.41% > 20.0%,,False,False,False,False,0,0,0,0,0,0,0,0,0,0,False,,RANGE_FAIL,range too wide: 42.41% > 20.0%
ETERNAL,NSE:ETERNAL-EQ,Consumer Services,249.97,48500370,11730566099,60,219.52,262.24,42.71,19.46,1,7,0,False,support touches 1 < 2,,False,False,False,False,0,0,0,0,0,0,0,0,0,0,False,,RANGE_FAIL,support touches 1 < 2
EXIDEIND,NSE:EXIDEIND-EQ,Automobile and Auto Components,358.05,2722930,922106256,60,290.9,366.98,76.07,26.15,0,0,0,False,range too wide: 26.15% > 20.0%,,False,False,False,False,0,0,0,0,0,0,0,0,0,0,False,,RANGE_FAIL,range too wide: 26.15% > 20.0%
FACT,NSE:FACT-EQ,Chemicals,901.4,1247403,1066734911,60,667.04,935.5,268.46,40.25,0,0,0,False,range too wide: 40.25% > 20.0%,,False,False,False,False,0,0,0,0,0,0,0,0,0,0,False,,RANGE_FAIL,range too wide: 40.25% > 20.0%
FINCABLES,NSE:FINCABLES-EQ,Capital Goods,1082.65,692402,660417558,60,791.22,1109.84,318.62,40.27,0,0,0,False,range too wide: 40.27% > 20.0%,,False,False,False,False,0,0,0,0,0,0,0,0,0,0,False,,RANGE_FAIL,range too wide: 40.27% > 20.0%
FSL,NSE:FSL-EQ,Services,276.38,5497943,1359517326,60,204.74,272.84,68.1,33.26,0,0,0,False,range too wide: 33.26% > 20.0%,,False,False,False,False,0,0,0,0,0,0,0,0,0,0,False,,RANGE_FAIL,range too wide: 33.26% > 20.0%
FIVESTAR,NSE:FIVESTAR-EQ,Financial Services,456.4,1547213,670080744,60,347.93,515.22,167.3,48.08,0,0,0,False,range too wide: 48.08% > 20.0%,,False,False,False,False,0,0,0,0,0,0,0,0,0,0,False,,RANGE_FAIL,range too wide: 48.08% > 20.0%
FORTIS,NSE:FORTIS-EQ,Healthcare,962.75,1551662,1385789646,60,784.11,981.05,196.94,25.12,0,0,0,False,range too wide: 25.12% > 20.0%,,False,False,False,False,0,0,0,0,0,0,0,0,0,0,False,,RANGE_FAIL,range too wide: 25.12% > 20.0%
GAIL,NSE:GAIL-EQ,Oil Gas & Consumable Fuels,168.08,13843091,2142179917,60,136.48,170.33,33.85,24.8,0,0,0,False,range too wide: 24.80% > 20.0%,,False,False,False,False,0,0,0,0,0,0,0,0,0,0,False,,RANGE_FAIL,range too wide: 24.80% > 20.0%
GVT&D,NSE:GVT&D-EQ,Capital Goods,4834.3,724043,3001616754,60,3486.38,4879.72,1393.35,39.97,0,0,0,False,range too wide: 39.97% > 20.0%,,False,False,False,False,0,0,0,0,0,0,0,0,0,0,False,,RANGE_FAIL,range too wide: 39.97% > 20.0%
GALLANTT,NSE:GALLANTT-EQ,Capital Goods,692.85,3172256,2501335849,60,519.71,910.75,391.04,75.24,0,0,0,False,range too wide: 75.24% > 20.0%,,False,False,False,False,0,0,0,0,0,0,0,0,0,0,False,,RANGE_FAIL,range too wide: 75.24% > 20.0%
GRSE,NSE:GRSE-EQ,Capital Goods,2665.6,2047807,5451537207,60,2101.89,3114.79,1012.89,48.19,0,0,0,False,range too wide: 48.19% > 20.0%,,False,False,False,False,0,0,0,0,0,0,0,0,0,0,False,,RANGE_FAIL,range too wide: 48.19% > 20.0%
GPIL,NSE:GPIL-EQ,Capital Goods,285.6,3604742,1043026629,60,244.07,309.79,65.72,26.93,0,0,0,False,range too wide: 26.93% > 20.0%,,False,False,False,False,0,0,0,0,0,0,0,0,0,0,False,,RANGE_FAIL,range too wide: 26.93% > 20.0%
GODFRYPHLP,NSE:GODFRYPHLP-EQ,Fast Moving Consumer Goods,2316.7,1085481,2334648127,60,1865.78,2478.1,612.32,32.82,0,0,0,False,range too wide: 32.82% > 20.0%,,False,False,False,False,0,0,0,0,0,0,0,0,0,0,False,,RANGE_FAIL,range too wide: 32.82% > 20.0%
GODREJCP,NSE:GODREJCP-EQ,Fast Moving Consumer Goods,1030.9,1778714,1883189563,60,989.09,1237.95,248.86,25.16,0,0,0,False,range too wide: 25.16% > 20.0%,,False,False,False,False,0,0,0,0,0,0,0,0,0,0,False,,RANGE_FAIL,range too wide: 25.16% > 20.0%
GODREJPROP,NSE:GODREJPROP-EQ,Realty,1756.1,1137821,1936786631,60,1493.41,1889.24,395.83,26.51,0,0,0,False,range too wide: 26.51% > 20.0%,,False,False,False,False,0,0,0,0,0,0,0,0,0,0,False,,RANGE_FAIL,range too wide: 26.51% > 20.0%
GRANULES,NSE:GRANULES-EQ,Healthcare,757.0,1127057,753398259,60,555.71,771.51,215.8,38.83,0,0,0,False,range too wide: 38.83% > 20.0%,,False,False,False,False,0,0,0,0,0,0,0,0,0,0,False,,RANGE_FAIL,range too wide: 38.83% > 20.0%
GRAPHITE,NSE:GRAPHITE-EQ,Capital Goods,754.75,2025580,1408985334,60,589.13,768.05,178.92,30.37,0,0,0,False,range too wide: 30.37% > 20.0%,,False,False,False,False,0,0,0,0,0,0,0,0,0,0,False,,RANGE_FAIL,range too wide: 30.37% > 20.0%
GRASIM,NSE:GRASIM-EQ,Construction Materials,3160.0,1076597,2994588722,60,2532.5,3180.38,647.88,25.58,0,0,0,False,range too wide: 25.58% > 20.0%,,False,False,False,False,0,0,0,0,0,0,0,0,0,0,False,,RANGE_FAIL,range too wide: 25.58% > 20.0%
GESHIP,NSE:GESHIP-EQ,Services,1649.9,1247144,1954224187,60,1312.39,1730.17,417.78,31.83,0,0,0,False,range too wide: 31.83% > 20.0%,,False,False,False,False,0,0,0,0,0,0,0,0,0,0,False,,RANGE_FAIL,range too wide: 31.83% > 20.0%
GMDCLTD,NSE:GMDCLTD-EQ,Metals & Mining,684.15,5002199,3305167377,60,527.0,752.39,225.4,42.77,0,0,0,False,range too wide: 42.77% > 20.0%,,False,False,False,False,0,0,0,0,0,0,0,0,0,0,False,,RANGE_FAIL,range too wide: 42.77% > 20.0%
HEG,NSE:HEG-EQ,Capital Goods,585.35,2815577,1644070097,60,486.78,678.2,191.42,39.32,0,0,0,False,range too wide: 39.32% > 20.0%,,False,False,False,False,0,0,0,0,0,0,0,0,0,0,False,,RANGE_FAIL,range too wide: 39.32% > 20.0%
HBLENGINE,NSE:HBLENGINE-EQ,Capital Goods,795.6,1575611,1172565465,60,638.22,850.48,212.25,33.26,0,0,0,False,range too wide: 33.26% > 20.0%,,False,False,False,False,0,0,0,0,0,0,0,0,0,0,False,,RANGE_FAIL,range too wide: 33.26% > 20.0%
HCLTECH,NSE:HCLTECH-EQ,Information Technology,1162.0,4341079,5653029947,60,1136.33,1466.13,329.8,29.02,0,0,0,False,range too wide: 29.02% > 20.0%,,False,False,False,False,0,0,0,0,0,0,0,0,0,0,False,,RANGE_FAIL,range too wide: 29.02% > 20.0%
HDBFS,NSE:HDBFS-EQ,Financial Services,679.7,947691,618177006,60,569.94,723.95,154.01,27.02,0,0,0,False,range too wide: 27.02% > 20.0%,,False,False,False,False,0,0,0,0,0,0,0,0,0,0,False,,RANGE_FAIL,range too wide: 27.02% > 20.0%
HDFCAMC,NSE:HDFCAMC-EQ,Financial Services,2737.7,1156301,2965131848,60,2273.5,2845.49,571.99,25.16,0,0,0,False,range too wide: 25.16% > 20.0%,,False,False,False,False,0,0,0,0,0,0,0,0,0,0,False,,RANGE_FAIL,range too wide: 25.16% > 20.0%
HDFCBANK,NSE:HDFCBANK-EQ,Financial Services,780.25,45199965,35967431947,60,740.95,899.6,158.65,21.41,0,0,0,False,range too wide: 21.41% > 20.0%,,False,False,False,False,0,0,0,0,0,0,0,0,0,0,False,,RANGE_FAIL,range too wide: 21.41% > 20.0%
HDFCLIFE,NSE:HDFCLIFE-EQ,Financial Services,620.4,4731654,2920815055,60,573.37,737.05,163.68,28.55,0,0,0,False,range too wide: 28.55% > 20.0%,,False,False,False,False,0,0,0,0,0,0,0,0,0,0,False,,RANGE_FAIL,range too wide: 28.55% > 20.0%
HFCL,NSE:HFCL-EQ,Telecommunication,163.41,48957774,5683419342,60,66.17,154.73,88.56,133.82,0,0,0,False,range too wide: 133.82% > 20.0%,,False,False,False,False,0,0,0,0,0,0,0,0,0,0,False,,RANGE_FAIL,range too wide: 133.82% > 20.0%
HAVELLS,NSE:HAVELLS-EQ,Consumer Durables,1199.0,1130147,1440158379,60,1176.26,1417.04,240.78,20.47,0,0,0,False,range too wide: 20.47% > 20.0%,,False,False,False,False,0,0,0,0,0,0,0,0,0,0,False,,RANGE_FAIL,range too wide: 20.47% > 20.0%
HEXT,NSE:HEXT-EQ,Information Technology,505.75,866797,398230668,60,407.9,517.34,109.44,26.83,0,0,0,False,range too wide: 26.83% > 20.0%,,False,False,False,False,0,0,0,0,0,0,0,0,0,0,False,,RANGE_FAIL,range too wide: 26.83% > 20.0%
HSCL,NSE:HSCL-EQ,Chemicals,609.25,7094157,3992195829,60,424.99,642.79,217.8,51.25,0,0,0,False,range too wide: 51.25% > 20.0%,,False,False,False,False,0,0,0,0,0,0,0,0,0,0,False,,RANGE_FAIL,range too wide: 51.25% > 20.0%
HINDALCO,NSE:HINDALCO-EQ,Metals & Mining,1107.3,6223288,6099894426,60,861.92,1111.11,249.18,28.91,0,0,0,False,range too wide: 28.91% > 20.0%,,False,False,False,False,0,0,0,0,0,0,0,0,0,0,False,,RANGE_FAIL,range too wide: 28.91% > 20.0%
HAL,NSE:HAL-EQ,Capital Goods,4408.7,1497663,6177310920,60,3574.84,4796.62,1221.78,34.18,0,0,0,False,range too wide: 34.18% > 20.0%,,False,False,False,False,0,0,0,0,0,0,0,0,0,0,False,,RANGE_FAIL,range too wide: 34.18% > 20.0%
HINDCOPPER,NSE:HINDCOPPER-EQ,Metals & Mining,551.2,9359316,4976554970,60,461.22,592.58,131.37,28.48,0,0,0,False,range too wide: 28.48% > 20.0%,,False,False,False,False,0,0,0,0,0,0,0,0,0,0,False,,RANGE_FAIL,range too wide: 28.48% > 20.0%
HINDPETRO,NSE:HINDPETRO-EQ,Oil Gas & Consumable Fuels,397.8,9656858,3561615783,60,319.49,444.12,124.63,39.01,0,0,0,False,range too wide: 39.01% > 20.0%,,False,False,False,False,0,0,0,0,0,0,0,0,0,0,False,,RANGE_FAIL,range too wide: 39.01% > 20.0%
HINDZINC,NSE:HINDZINC-EQ,Metals & Mining,643.45,6569400,3859724214,60,503.05,653.59,150.53,29.92,0,0,0,False,range too wide: 29.92% > 20.0%,,False,False,False,False,0,0,0,0,0,0,0,0,0,0,False,,RANGE_FAIL,range too wide: 29.92% > 20.0%
HONASA,NSE:HONASA-EQ,Fast Moving Consumer Goods,397.3,2122284,767683421,60,267.32,366.16,98.84,36.97,0,0,0,False,range too wide: 36.97% > 20.0%,,False,False,False,False,0,0,0,0,0,0,0,0,0,0,False,,RANGE_FAIL,range too wide: 36.97% > 20.0%
HUDCO,NSE:HUDCO-EQ,Financial Services,206.3,4897905,964848254,60,164.83,230.54,65.71,39.87,0,0,0,False,range too wide: 39.87% > 20.0%,,False,False,False,False,0,0,0,0,0,0,0,0,0,0,False,,RANGE_FAIL,range too wide: 39.87% > 20.0%
HYUNDAI,NSE:HYUNDAI-EQ,Automobile and Auto Components,1874.0,1033802,1917390577,60,1698.11,2180.93,482.82,28.43,0,0,0,False,range too wide: 28.43% > 20.0%,,False,False,False,False,0,0,0,0,0,0,0,0,0,0,False,,RANGE_FAIL,range too wide: 28.43% > 20.0%
ICICIPRULI,NSE:ICICIPRULI-EQ,Financial Services,521.9,1534082,846305654,60,503.8,665.58,161.78,32.11,0,0,0,False,range too wide: 32.11% > 20.0%,,False,False,False,False,0,0,0,0,0,0,0,0,0,0,False,,RANGE_FAIL,range too wide: 32.11% > 20.0%
IDBI,NSE:IDBI-EQ,Financial Services,73.02,18083984,1463468406,60,64.94,115.33,50.4,77.61,0,0,0,False,range too wide: 77.61% > 20.0%,,False,False,False,False,0,0,0,0,0,0,0,0,0,0,False,,RANGE_FAIL,range too wide: 77.61% > 20.0%
IDFCFIRSTB,NSE:IDFCFIRSTB-EQ,Financial Services,70.02,37053272,2509666473,60,59.86,72.29,12.42,20.75,0,0,0,False,range too wide: 20.75% > 20.0%,,False,False,False,False,0,0,0,0,0,0,0,0,0,0,False,,RANGE_FAIL,range too wide: 20.75% > 20.0%
IFCI,NSE:IFCI-EQ,Financial Services,64.05,21887355,1286526274,60,49.93,65.62,15.69,31.43,0,0,0,False,range too wide: 31.43% > 20.0%,,False,False,False,False,0,0,0,0,0,0,0,0,0,0,False,,RANGE_FAIL,range too wide: 31.43% > 20.0%
IIFL,NSE:IIFL-EQ,Financial Services,479.65,2678229,1225490938,60,420.85,505.05,84.2,20.01,0,0,0,False,range too wide: 20.01% > 20.0%,,False,False,False,False,0,0,0,0,0,0,0,0,0,0,False,,RANGE_FAIL,range too wide: 20.01% > 20.0%
IRCON,NSE:IRCON-EQ,Construction,139.97,5506692,786371656,60,118.64,161.5,42.86,36.13,0,0,0,False,range too wide: 36.13% > 20.0%,,False,False,False,False,0,0,0,0,0,0,0,0,0,0,False,,RANGE_FAIL,range too wide: 36.13% > 20.0%
ITCHOTELS,NSE:ITCHOTELS-EQ,Consumer Services,154.7,5499460,853186417,60,139.96,178.47,38.52,27.52,0,0,0,False,range too wide: 27.52% > 20.0%,,False,False,False,False,0,0,0,0,0,0,0,0,0,0,False,,RANGE_FAIL,range too wide: 27.52% > 20.0%
ITI,NSE:ITI-EQ,Telecommunication,300.35,5696475,1627823137,60,244.8,310.87,66.07,26.99,0,0,0,False,range too wide: 26.99% > 20.0%,,False,False,False,False,0,0,0,0,0,0,0,0,0,0,False,,RANGE_FAIL,range too wide: 26.99% > 20.0%
INDIACEM,NSE:INDIACEM-EQ,Construction Materials,404.25,750768,315968990,60,347.39,429.8,82.42,23.72,0,0,0,False,range too wide: 23.72% > 20.0%,,False,False,False,False,0,0,0,0,0,0,0,0,0,0,False,,RANGE_FAIL,range too wide: 23.72% > 20.0%
INDIANB,NSE:INDIANB-EQ,Financial Services,832.85,2260062,2006580506,60,806.84,990.78,183.94,22.8,0,0,0,False,range too wide: 22.80% > 20.0%,,False,False,False,False,0,0,0,0,0,0,0,0,0,0,False,,RANGE_FAIL,range too wide: 22.80% > 20.0%
IOC,NSE:IOC-EQ,Oil Gas & Consumable Fuels,141.98,20090561,2998389015,60,131.64,182.47,50.83,38.61,0,0,0,False,range too wide: 38.61% > 20.0%,,False,False,False,False,0,0,0,0,0,0,0,0,0,0,False,,RANGE_FAIL,range too wide: 38.61% > 20.0%
IRCTC,NSE:IRCTC-EQ,Consumer Services,538.25,2126389,1175769234,60,504.75,595.15,90.41,17.91,6,1,0,False,resistance touches 1 < 2,,False,False,False,False,0,0,0,0,0,0,0,0,0,0,False,,RANGE_FAIL,resistance touches 1 < 2
IREDA,NSE:IREDA-EQ,Financial Services,128.96,9875159,1242118417,60,111.26,139.75,28.48,25.6,0,0,0,False,range too wide: 25.60% > 20.0%,,False,False,False,False,0,0,0,0,0,0,0,0,0,0,False,,RANGE_FAIL,range too wide: 25.60% > 20.0%
INDUSINDBK,NSE:INDUSINDBK-EQ,Financial Services,927.7,3226940,2776893220,60,765.47,956.05,190.57,24.9,0,0,0,False,range too wide: 24.90% > 20.0%,,False,False,False,False,0,0,0,0,0,0,0,0,0,0,False,,RANGE_FAIL,range too wide: 24.90% > 20.0%
INOXWIND,NSE:INOXWIND-EQ,Capital Goods,96.27,14878120,1379644154,60,76.77,106.82,30.06,39.15,0,0,0,False,range too wide: 39.15% > 20.0%,,False,False,False,False,0,0,0,0,0,0,0,0,0,0,False,,RANGE_FAIL,range too wide: 39.15% > 20.0%
INTELLECT,NSE:INTELLECT-EQ,Information Technology,710.6,611637,437173643,60,625.51,790.03,164.52,26.3,0,0,0,False,range too wide: 26.30% > 20.0%,,False,False,False,False,0,0,0,0,0,0,0,0,0,0,False,,RANGE_FAIL,range too wide: 26.30% > 20.0%
INDIGO,NSE:INDIGO-EQ,Services,4489.0,1667480,7282738542,60,4018.45,4865.09,846.64,21.07,0,0,0,False,range too wide: 21.07% > 20.0%,,False,False,False,False,0,0,0,0,0,0,0,0,0,0,False,,RANGE_FAIL,range too wide: 21.07% > 20.0%
IGIL,NSE:IGIL-EQ,Services,383.4,664225,228473698,60,309.76,381.86,72.1,23.28,0,0,0,False,range too wide: 23.28% > 20.0%,,False,False,False,False,0,0,0,0,0,0,0,0,0,0,False,,RANGE_FAIL,range too wide: 23.28% > 20.0%
JBMA,NSE:JBMA-EQ,Automobile and Auto Components,638.6,2931898,1743940997,60,495.94,672.33,176.39,35.57,0,0,0,False,range too wide: 35.57% > 20.0%,,False,False,False,False,0,0,0,0,0,0,0,0,0,0,False,,RANGE_FAIL,range too wide: 35.57% > 20.0%
JKTYRE,NSE:JKTYRE-EQ,Automobile and Auto Components,393.5,1359511,575897258,60,362.47,532.01,169.54,46.77,0,0,0,False,range too wide: 46.77% > 20.0%,,False,False,False,False,0,0,0,0,0,0,0,0,0,0,False,,RANGE_FAIL,range too wide: 46.77% > 20.0%
JMFINANCIL,NSE:JMFINANCIL-EQ,Financial Services,132.4,2795817,361262304,60,115.38,144.55,29.17,25.28,0,0,0,False,range too wide: 25.28% > 20.0%,,False,False,False,False,0,0,0,0,0,0,0,0,0,0,False,,RANGE_FAIL,range too wide: 25.28% > 20.0%
JSWCEMENT,NSE:JSWCEMENT-EQ,Construction Materials,131.88,4911036,641733889,60,112.38,137.4,25.02,22.26,0,0,0,False,range too wide: 22.26% > 20.0%,,False,False,False,False,0,0,0,0,0,0,0,0,0,0,False,,RANGE_FAIL,range too wide: 22.26% > 20.0%
JSWENERGY,NSE:JSWENERGY-EQ,Power,579.75,4042381,2113462315,60,466.29,579.0,112.71,24.17,0,0,0,False,range too wide: 24.17% > 20.0%,,False,False,False,False,0,0,0,0,0,0,0,0,0,0,False,,RANGE_FAIL,range too wide: 24.17% > 20.0%
JAINREC,NSE:JAINREC-EQ,Metals & Mining,401.7,2608313,1183972539,60,372.9,580.86,207.96,55.77,0,0,0,False,range too wide: 55.77% > 20.0%,,False,False,False,False,0,0,0,0,0,0,0,0,0,0,False,,RANGE_FAIL,range too wide: 55.77% > 20.0%
J&KBANK,NSE:J&KBANK-EQ,Financial Services,140.29,7288489,902696955,60,109.3,142.17,32.87,30.07,0,0,0,False,range too wide: 30.07% > 20.0%,,False,False,False,False,0,0,0,0,0,0,0,0,0,0,False,,RANGE_FAIL,range too wide: 30.07% > 20.0%
JINDALSAW,NSE:JINDALSAW-EQ,Capital Goods,231.3,6831251,1392874540,60,165.84,247.09,81.25,48.99,0,0,0,False,range too wide: 48.99% > 20.0%,,False,False,False,False,0,0,0,0,0,0,0,0,0,0,False,,RANGE_FAIL,range too wide: 48.99% > 20.0%
JUBLFOOD,NSE:JUBLFOOD-EQ,Consumer Services,429.05,3326728,1517331293,60,425.5,525.03,99.53,23.39,0,0,0,False,range too wide: 23.39% > 20.0%,,False,False,False,False,0,0,0,0,0,0,0,0,0,0,False,,RANGE_FAIL,range too wide: 23.39% > 20.0%
JWL,NSE:JWL-EQ,Capital Goods,290.2,4861744,1378706454,60,246.58,305.62,59.04,23.94,0,0,0,False,range too wide: 23.94% > 20.0%,,False,False,False,False,0,0,0,0,0,0,0,0,0,0,False,,RANGE_FAIL,range too wide: 23.94% > 20.0%
JYOTICNC,NSE:JYOTICNC-EQ,Capital Goods,661.15,1096652,806477121,60,664.14,845.17,181.04,27.26,0,0,0,False,range too wide: 27.26% > 20.0%,,False,False,False,False,0,0,0,0,0,0,0,0,0,0,False,,RANGE_FAIL,range too wide: 27.26% > 20.0%
KPITTECH,NSE:KPITTECH-EQ,Information Technology,768.65,2336728,1683187220,60,643.83,805.17,161.34,25.06,0,0,0,False,range too wide: 25.06% > 20.0%,,False,False,False,False,0,0,0,0,0,0,0,0,0,0,False,,RANGE_FAIL,range too wide: 25.06% > 20.0%
KALYANKJIL,NSE:KALYANKJIL-EQ,Consumer Durables,353.6,5980758,2344606998,60,342.0,448.48,106.48,31.13,0,0,0,False,range too wide: 31.13% > 20.0%,,False,False,False,False,0,0,0,0,0,0,0,0,0,0,False,,RANGE_FAIL,range too wide: 31.13% > 20.0%
KARURVYSYA,NSE:KARURVYSYA-EQ,Financial Services,292.85,3603145,1054089499,60,262.71,338.05,75.34,28.68,0,0,0,False,range too wide: 28.68% > 20.0%,,False,False,False,False,0,0,0,0,0,0,0,0,0,0,False,,RANGE_FAIL,range too wide: 28.68% > 20.0%
KAYNES,NSE:KAYNES-EQ,Capital Goods,3273.4,1672141,6166589559,60,3098.6,4451.31,1352.71,43.66,0,0,0,False,range too wide: 43.66% > 20.0%,,False,False,False,False,0,0,0,0,0,0,0,0,0,0,False,,RANGE_FAIL,range too wide: 43.66% > 20.0%
KEC,NSE:KEC-EQ,Construction,499.25,1362464,751424334,60,481.25,601.37,120.12,24.96,0,0,0,False,range too wide: 24.96% > 20.0%,,False,False,False,False,0,0,0,0,0,0,0,0,0,0,False,,RANGE_FAIL,range too wide: 24.96% > 20.0%
KFINTECH,NSE:KFINTECH-EQ,Financial Services,826.5,1132894,1022505282,60,808.86,1004.2,195.34,24.15,0,0,0,False,range too wide: 24.15% > 20.0%,,False,False,False,False,0,0,0,0,0,0,0,0,0,0,False,,RANGE_FAIL,range too wide: 24.15% > 20.0%
LTF,NSE:LTF-EQ,Financial Services,281.25,6966003,1927421481,60,242.85,305.01,62.16,25.6,0,0,0,False,range too wide: 25.60% > 20.0%,,False,False,False,False,0,0,0,0,0,0,0,0,0,0,False,,RANGE_FAIL,range too wide: 25.60% > 20.0%
LGEINDIA,NSE:LGEINDIA-EQ,Consumer Durables,1515.1,785447,1195372089,60,1379.12,1634.78,255.66,18.54,1,4,0,False,support touches 1 < 2,,False,False,False,False,0,0,0,0,0,0,0,0,0,0,False,,RANGE_FAIL,support touches 1 < 2
LICHSGFIN,NSE:LICHSGFIN-EQ,Financial Services,542.0,1860578,988975994,60,483.0,587.96,104.96,21.73,0,0,0,False,range too wide: 21.73% > 20.0%,,False,False,False,False,0,0,0,0,0,0,0,0,0,0,False,,RANGE_FAIL,range too wide: 21.73% > 20.0%
LT,NSE:LT-EQ,Construction,4029.3,3672770,14085480379,60,3409.33,4306.47,897.14,26.31,0,0,0,False,range too wide: 26.31% > 20.0%,,False,False,False,False,0,0,0,0,0,0,0,0,0,0,False,,RANGE_FAIL,range too wide: 26.31% > 20.0%
LATENTVIEW,NSE:LATENTVIEW-EQ,Information Technology,317.75,2554990,782192649,60,256.48,344.38,87.89,34.27,0,0,0,False,range too wide: 34.27% > 20.0%,,False,False,False,False,0,0,0,0,0,0,0,0,0,0,False,,RANGE_FAIL,range too wide: 34.27% > 20.0%
LAURUSLABS,NSE:LAURUSLABS-EQ,Healthcare,1373.1,2029920,2287507389,60,957.18,1363.43,406.25,42.44,0,0,0,False,range too wide: 42.44% > 20.0%,,False,False,False,False,0,0,0,0,0,0,0,0,0,0,False,,RANGE_FAIL,range too wide: 42.44% > 20.0%
LEMONTREE,NSE:LEMONTREE-EQ,Consumer Services,117.25,5613322,646917426,60,100.8,122.93,22.13,21.95,0,0,0,False,range too wide: 21.95% > 20.0%,,False,False,False,False,0,0,0,0,0,0,0,0,0,0,False,,RANGE_FAIL,range too wide: 21.95% > 20.0%
LLOYDSME,NSE:LLOYDSME-EQ,Metals & Mining,1851.2,732281,1092559360,60,1135.62,1815.96,680.34,59.91,0,0,0,False,range too wide: 59.91% > 20.0%,,False,False,False,False,0,0,0,0,0,0,0,0,0,0,False,,RANGE_FAIL,range too wide: 59.91% > 20.0%
LODHA,NSE:LODHA-EQ,Realty,903.1,2978827,2453960346,60,686.19,1013.89,327.71,47.76,0,0,0,False,range too wide: 47.76% > 20.0%,,False,False,False,False,0,0,0,0,0,0,0,0,0,0,False,,RANGE_FAIL,range too wide: 47.76% > 20.0%
MMTC,NSE:MMTC-EQ,Services,65.08,6736948,428445902,60,52.09,69.02,16.93,32.5,0,0,0,False,range too wide: 32.50% > 20.0%,,False,False,False,False,0,0,0,0,0,0,0,0,0,0,False,,RANGE_FAIL,range too wide: 32.50% > 20.0%
M&MFIN,NSE:M&MFIN-EQ,Financial Services,307.7,2949054,931015608,60,283.65,380.54,96.89,34.16,0,0,0,False,range too wide: 34.16% > 20.0%,,False,False,False,False,0,0,0,0,0,0,0,0,0,0,False,,RANGE_FAIL,range too wide: 34.16% > 20.0%
M&M,NSE:M&M-EQ,Automobile and Auto Components,3111.0,3271811,10313656409,60,2934.66,3443.36,508.7,17.33,6,1,0,False,resistance touches 1 < 2,,False,False,False,False,0,0,0,0,0,0,0,0,0,0,False,,RANGE_FAIL,resistance touches 1 < 2
MANAPPURAM,NSE:MANAPPURAM-EQ,Financial Services,328.45,5140247,1452893739,60,248.61,324.57,75.97,30.56,0,0,0,False,range too wide: 30.56% > 20.0%,,False,False,False,False,0,0,0,0,0,0,0,0,0,0,False,,RANGE_FAIL,range too wide: 30.56% > 20.0%
MRPL,NSE:MRPL-EQ,Oil Gas & Consumable Fuels,150.53,14706146,2749233123,60,147.95,210.0,62.06,41.94,0,0,0,False,range too wide: 41.94% > 20.0%,,False,False,False,False,0,0,0,0,0,0,0,0,0,0,False,,RANGE_FAIL,range too wide: 41.94% > 20.0%
MANKIND,NSE:MANKIND-EQ,Healthcare,2418.1,681433,1542757741,60,1964.29,2552.2,587.91,29.93,0,0,0,False,range too wide: 29.93% > 20.0%,,False,False,False,False,0,0,0,0,0,0,0,0,0,0,False,,RANGE_FAIL,range too wide: 29.93% > 20.0%
MFSL,NSE:MFSL-EQ,Financial Services,1724.7,794267,1302432922,60,1467.82,1854.74,386.92,26.36,0,0,0,False,range too wide: 26.36% > 20.0%,,False,False,False,False,0,0,0,0,0,0,0,0,0,0,False,,RANGE_FAIL,range too wide: 26.36% > 20.0%
MAZDOCK,NSE:MAZDOCK-EQ,Capital Goods,2451.6,2162446,5311186256,60,2154.49,2742.85,588.36,27.31,0,0,0,False,range too wide: 27.31% > 20.0%,,False,False,False,False,0,0,0,0,0,0,0,0,0,0,False,,RANGE_FAIL,range too wide: 27.31% > 20.0%
MEESHO,NSE:MEESHO-EQ,Consumer Services,193.19,20424819,3854491535,60,135.41,210.07,74.66,55.14,0,0,0,False,range too wide: 55.14% > 20.0%,,False,False,False,False,0,0,0,0,0,0,0,0,0,0,False,,RANGE_FAIL,range too wide: 55.14% > 20.0%
MOTILALOFS,NSE:MOTILALOFS-EQ,Financial Services,865.3,1138870,878027539,60,651.15,894.3,243.14,37.34,0,0,0,False,range too wide: 37.34% > 20.0%,,False,False,False,False,0,0,0,0,0,0,0,0,0,0,False,,RANGE_FAIL,range too wide: 37.34% > 20.0%
MPHASIS,NSE:MPHASIS-EQ,Information Technology,2259.2,607456,1351111636,60,2038.93,2441.41,402.48,19.74,4,1,0,False,resistance touches 1 < 2,,False,False,False,False,0,0,0,0,0,0,0,0,0,0,False,,RANGE_FAIL,resistance touches 1 < 2
MCX,NSE:MCX-EQ,Financial Services,3297.7,3344316,9203491226,60,2359.25,3424.22,1064.97,45.14,0,0,0,False,range too wide: 45.14% > 20.0%,,False,False,False,False,0,0,0,0,0,0,0,0,0,0,False,,RANGE_FAIL,range too wide: 45.14% > 20.0%
NATCOPHARM,NSE:NATCOPHARM-EQ,Healthcare,1177.0,1123540,1156953745,60,925.15,1215.15,290.0,31.35,0,0,0,False,range too wide: 31.35% > 20.0%,,False,False,False,False,0,0,0,0,0,0,0,0,0,0,False,,RANGE_FAIL,range too wide: 31.35% > 20.0%
NBCC,NSE:NBCC-EQ,Construction,95.44,12207812,1104086326,60,79.96,99.51,19.55,24.45,0,0,0,False,range too wide: 24.45% > 20.0%,,False,False,False,False,0,0,0,0,0,0,0,0,0,0,False,,RANGE_FAIL,range too wide: 24.45% > 20.0%
NCC,NSE:NCC-EQ,Construction,150.13,3095233,470995054,60,134.19,169.73,35.55,26.49,0,0,0,False,range too wide: 26.49% > 20.0%,,False,False,False,False,0,0,0,0,0,0,0,0,0,0,False,,RANGE_FAIL,range too wide: 26.49% > 20.0%
NLCINDIA,NSE:NLCINDIA-EQ,Power,343.55,5942602,1896800913,60,243.09,363.99,120.91,49.74,0,0,0,False,range too wide: 49.74% > 20.0%,,False,False,False,False,0,0,0,0,0,0,0,0,0,0,False,,RANGE_FAIL,range too wide: 49.74% > 20.0%
NMDC,NSE:NMDC-EQ,Metals & Mining,89.71,24064125,2029949343,60,75.98,92.1,16.12,21.22,0,0,0,False,range too wide: 21.22% > 20.0%,,False,False,False,False,0,0,0,0,0,0,0,0,0,0,False,,RANGE_FAIL,range too wide: 21.22% > 20.0%
NTPCGREEN,NSE:NTPCGREEN-EQ,Power,103.25,16912316,1722757277,60,85.31,115.3,29.99,35.15,0,0,0,False,range too wide: 35.15% > 20.0%,,False,False,False,False,0,0,0,0,0,0,0,0,0,0,False,,RANGE_FAIL,range too wide: 35.15% > 20.0%
NATIONALUM,NSE:NATIONALUM-EQ,Metals & Mining,411.45,12752906,5053126482,60,346.98,441.82,94.84,27.33,0,0,0,False,range too wide: 27.33% > 20.0%,,False,False,False,False,0,0,0,0,0,0,0,0,0,0,False,,RANGE_FAIL,range too wide: 27.33% > 20.0%
NAVA,NSE:NAVA-EQ,Power,609.45,945824,630873659,60,536.13,733.93,197.8,36.89,0,0,0,False,range too wide: 36.89% > 20.0%,,False,False,False,False,0,0,0,0,0,0,0,0,0,0,False,,RANGE_FAIL,range too wide: 36.89% > 20.0%
NESTLEIND,NSE:NESTLEIND-EQ,Fast Moving Consumer Goods,1426.7,1829467,2463422778,60,1166.98,1491.1,324.12,27.77,0,0,0,False,range too wide: 27.77% > 20.0%,,False,False,False,False,0,0,0,0,0,0,0,0,0,0,False,,RANGE_FAIL,range too wide: 27.77% > 20.0%
NETWEB,NSE:NETWEB-EQ,Information Technology,3863.0,1728892,6347124435,60,3069.88,4430.62,1360.74,44.33,0,0,0,False,range too wide: 44.33% > 20.0%,,False,False,False,False,0,0,0,0,0,0,0,0,0,0,False,,RANGE_FAIL,range too wide: 44.33% > 20.0%
NEWGEN,NSE:NEWGEN-EQ,Information Technology,434.0,1936072,928902933,60,415.0,534.05,119.05,28.69,0,0,0,False,range too wide: 28.69% > 20.0%,,False,False,False,False,0,0,0,0,0,0,0,0,0,0,False,,RANGE_FAIL,range too wide: 28.69% > 20.0%
NAM-INDIA,NSE:NAM-INDIA-EQ,Financial Services,1092.6,1067941,1041043091,60,811.05,1114.18,303.14,37.38,0,0,0,False,range too wide: 37.38% > 20.0%,,False,False,False,False,0,0,0,0,0,0,0,0,0,0,False,,RANGE_FAIL,range too wide: 37.38% > 20.0%
NIVABUPA,NSE:NIVABUPA-EQ,Financial Services,84.12,2569861,204088517,60,68.35,85.54,17.19,25.15,0,0,0,False,range too wide: 25.15% > 20.0%,,False,False,False,False,0,0,0,0,0,0,0,0,0,0,False,,RANGE_FAIL,range too wide: 25.15% > 20.0%
NUVAMA,NSE:NUVAMA-EQ,Financial Services,1498.9,522005,720852629,60,1124.22,1565.32,441.09,39.24,0,0,0,False,range too wide: 39.24% > 20.0%,,False,False,False,False,0,0,0,0,0,0,0,0,0,0,False,,RANGE_FAIL,range too wide: 39.24% > 20.0%
NUVOCO,NSE:NUVOCO-EQ,Construction Materials,325.9,507283,156915193,60,279.89,336.27,56.38,20.15,0,0,0,False,range too wide: 20.15% > 20.0%,,False,False,False,False,0,0,0,0,0,0,0,0,0,0,False,,RANGE_FAIL,range too wide: 20.15% > 20.0%
OBEROIRLTY,NSE:OBEROIRLTY-EQ,Realty,1691.6,578827,910270374,60,1413.7,1737.06,323.36,22.87,0,0,0,False,range too wide: 22.87% > 20.0%,,False,False,False,False,0,0,0,0,0,0,0,0,0,0,False,,RANGE_FAIL,range too wide: 22.87% > 20.0%
OLECTRA,NSE:OLECTRA-EQ,Automobile and Auto Components,1229.2,1153938,1306484524,60,877.86,1310.35,432.49,49.27,0,0,0,False,range too wide: 49.27% > 20.0%,,False,False,False,False,0,0,0,0,0,0,0,0,0,0,False,,RANGE_FAIL,range too wide: 49.27% > 20.0%
PAYTM,NSE:PAYTM-EQ,Financial Services,1123.1,2844700,3128786873,60,971.83,1196.95,225.12,23.16,0,0,0,False,range too wide: 23.16% > 20.0%,,False,False,False,False,0,0,0,0,0,0,0,0,0,0,False,,RANGE_FAIL,range too wide: 23.16% > 20.0%
ONESOURCE,NSE:ONESOURCE-EQ,Healthcare,1783.0,518205,827472667,60,1275.94,1874.61,598.66,46.92,0,0,0,False,range too wide: 46.92% > 20.0%,,False,False,False,False,0,0,0,0,0,0,0,0,0,0,False,,RANGE_FAIL,range too wide: 46.92% > 20.0%
POLICYBZR,NSE:POLICYBZR-EQ,Financial Services,1787.2,1700883,2694071070,60,1409.83,1831.5,421.66,29.91,0,0,0,False,range too wide: 29.91% > 20.0%,,False,False,False,False,0,0,0,0,0,0,0,0,0,0,False,,RANGE_FAIL,range too wide: 29.91% > 20.0%
PCBL,NSE:PCBL-EQ,Chemicals,290.05,2984657,820083025,60,239.75,312.57,72.82,30.37,0,0,0,False,range too wide: 30.37% > 20.0%,,False,False,False,False,0,0,0,0,0,0,0,0,0,0,False,,RANGE_FAIL,range too wide: 30.37% > 20.0%
PGEL,NSE:PGEL-EQ,Consumer Durables,468.05,3766047,1937945860,60,451.17,621.03,169.86,37.65,0,0,0,False,range too wide: 37.65% > 20.0%,,False,False,False,False,0,0,0,0,0,0,0,0,0,0,False,,RANGE_FAIL,range too wide: 37.65% > 20.0%
PNBHOUSING,NSE:PNBHOUSING-EQ,Financial Services,1086.5,1439292,1347482078,60,749.48,1091.77,342.29,45.67,0,0,0,False,range too wide: 45.67% > 20.0%,,False,False,False,False,0,0,0,0,0,0,0,0,0,0,False,,RANGE_FAIL,range too wide: 45.67% > 20.0%
PARADEEP,NSE:PARADEEP-EQ,Chemicals,127.95,6621840,802689963,60,105.74,137.83,32.09,30.35,0,0,0,False,range too wide: 30.35% > 20.0%,,False,False,False,False,0,0,0,0,0,0,0,0,0,0,False,,RANGE_FAIL,range too wide: 30.35% > 20.0%
PERSISTENT,NSE:PERSISTENT-EQ,Information Technology,5094.7,777171,3832970299,60,4550.68,5505.36,954.68,20.98,0,0,0,False,range too wide: 20.98% > 20.0%,,False,False,False,False,0,0,0,0,0,0,0,0,0,0,False,,RANGE_FAIL,range too wide: 20.98% > 20.0%
PETRONET,NSE:PETRONET-EQ,Oil Gas & Consumable Fuels,278.45,4938597,1363701770,60,244.36,316.32,71.96,29.45,0,0,0,False,range too wide: 29.45% > 20.0%,,False,False,False,False,0,0,0,0,0,0,0,0,0,0,False,,RANGE_FAIL,range too wide: 29.45% > 20.0%
PHOENIXLTD,NSE:PHOENIXLTD-EQ,Realty,1779.4,510451,852071594,60,1474.66,1842.72,368.05,24.96,0,0,0,False,range too wide: 24.96% > 20.0%,,False,False,False,False,0,0,0,0,0,0,0,0,0,0,False,,RANGE_FAIL,range too wide: 24.96% > 20.0%
PWL,NSE:PWL-EQ,Consumer Services,112.2,7079218,663481668,60,79.37,115.03,35.66,44.93,0,0,0,False,range too wide: 44.93% > 20.0%,,False,False,False,False,0,0,0,0,0,0,0,0,0,0,False,,RANGE_FAIL,range too wide: 44.93% > 20.0%
PINELABS,NSE:PINELABS-EQ,Financial Services,139.19,5501501,874926568,60,143.19,207.8,64.61,45.12,0,0,0,False,range too wide: 45.12% > 20.0%,,False,False,False,False,0,0,0,0,0,0,0,0,0,0,False,,RANGE_FAIL,range too wide: 45.12% > 20.0%
PIRAMALFIN,NSE:PIRAMALFIN-EQ,Financial Services,1953.2,551929,1051437984,60,1674.62,2030.05,355.42,21.22,0,0,0,False,range too wide: 21.22% > 20.0%,,False,False,False,False,0,0,0,0,0,0,0,0,0,0,False,,RANGE_FAIL,range too wide: 21.22% > 20.0%
PPLPHARMA,NSE:PPLPHARMA-EQ,Healthcare,178.1,5289784,863384067,60,135.11,184.74,49.63,36.73,0,0,0,False,range too wide: 36.73% > 20.0%,,False,False,False,False,0,0,0,0,0,0,0,0,0,0,False,,RANGE_FAIL,range too wide: 36.73% > 20.0%
POLYCAB,NSE:POLYCAB-EQ,Capital Goods,9588.0,529826,4255556112,60,6798.73,9309.85,2511.12,36.94,0,0,0,False,range too wide: 36.94% > 20.0%,,False,False,False,False,0,0,0,0,0,0,0,0,0,0,False,,RANGE_FAIL,range too wide: 36.94% > 20.0%
POONAWALLA,NSE:POONAWALLA-EQ,Financial Services,399.85,2021894,850469575,60,371.67,468.5,96.83,26.05,0,0,0,False,range too wide: 26.05% > 20.0%,,False,False,False,False,0,0,0,0,0,0,0,0,0,0,False,,RANGE_FAIL,range too wide: 26.05% > 20.0%
PFC,NSE:PFC-EQ,Financial Services,431.65,8399104,3613308706,60,386.29,477.92,91.63,23.72,0,0,0,False,range too wide: 23.72% > 20.0%,,False,False,False,False,0,0,0,0,0,0,0,0,0,0,False,,RANGE_FAIL,range too wide: 23.72% > 20.0%
PREMIERENE,NSE:PREMIERENE-EQ,Capital Goods,1014.5,2498634,2257228421,60,698.44,1045.1,346.66,49.63,0,0,0,False,range too wide: 49.63% > 20.0%,,False,False,False,False,0,0,0,0,0,0,0,0,0,0,False,,RANGE_FAIL,range too wide: 49.63% > 20.0%
PRESTIGE,NSE:PRESTIGE-EQ,Realty,1397.7,947205,1243743202,60,1137.12,1483.38,346.26,30.45,0,0,0,False,range too wide: 30.45% > 20.0%,,False,False,False,False,0,0,0,0,0,0,0,0,0,0,False,,RANGE_FAIL,range too wide: 30.45% > 20.0%
PNB,NSE:PNB-EQ,Financial Services,105.7,21067735,2324935665,60,100.01,130.89,30.88,30.88,0,0,0,False,range too wide: 30.88% > 20.0%,,False,False,False,False,0,0,0,0,0,0,0,0,0,0,False,,RANGE_FAIL,range too wide: 30.88% > 20.0%
RRKABEL,NSE:RRKABEL-EQ,Capital Goods,1979.3,527487,896441001,60,1305.7,2008.8,703.1,53.85,0,0,0,False,range too wide: 53.85% > 20.0%,,False,False,False,False,0,0,0,0,0,0,0,0,0,0,False,,RANGE_FAIL,range too wide: 53.85% > 20.0%
RECLTD,NSE:RECLTD-EQ,Financial Services,337.2,7685085,2656191229,60,312.01,384.63,72.62,23.27,0,0,0,False,range too wide: 23.27% > 20.0%,,False,False,False,False,0,0,0,0,0,0,0,0,0,0,False,,RANGE_FAIL,range too wide: 23.27% > 20.0%
RITES,NSE:RITES-EQ,Construction,205.3,753612,155746590,60,182.39,228.84,46.44,25.46,0,0,0,False,range too wide: 25.46% > 20.0%,,False,False,False,False,0,0,0,0,0,0,0,0,0,0,False,,RANGE_FAIL,range too wide: 25.46% > 20.0%
RVNL,NSE:RVNL-EQ,Construction,260.95,7871436,2243211861,60,253.55,320.9,67.36,26.57,0,0,0,False,range too wide: 26.57% > 20.0%,,False,False,False,False,0,0,0,0,0,0,0,0,0,0,False,,RANGE_FAIL,range too wide: 26.57% > 20.0%
RAILTEL,NSE:RAILTEL-EQ,Telecommunication,324.4,3008418,970127944,60,253.15,345.99,92.83,36.67,0,0,0,False,range too wide: 36.67% > 20.0%,,False,False,False,False,0,0,0,0,0,0,0,0,0,0,False,,RANGE_FAIL,range too wide: 36.67% > 20.0%
RKFORGE,NSE:RKFORGE-EQ,Automobile and Auto Components,571.65,617054,350902508,60,477.77,628.57,150.79,31.56,0,0,0,False,range too wide: 31.56% > 20.0%,,False,False,False,False,0,0,0,0,0,0,0,0,0,0,False,,RANGE_FAIL,range too wide: 31.56% > 20.0%
REDINGTON,NSE:REDINGTON-EQ,Services,226.09,7095097,1729049638,60,198.39,265.51,67.12,33.83,0,0,0,False,range too wide: 33.83% > 20.0%,,False,False,False,False,0,0,0,0,0,0,0,0,0,0,False,,RANGE_FAIL,range too wide: 33.83% > 20.0%
SBFC,NSE:SBFC-EQ,Financial Services,91.87,1774556,161981002,60,81.56,99.26,17.7,21.71,0,0,0,False,range too wide: 21.71% > 20.0%,,False,False,False,False,0,0,0,0,0,0,0,0,0,0,False,,RANGE_FAIL,range too wide: 21.71% > 20.0%
SBICARD,NSE:SBICARD-EQ,Financial Services,629.0,1476278,996638590,60,616.4,784.05,167.65,27.2,0,0,0,False,range too wide: 27.20% > 20.0%,,False,False,False,False,0,0,0,0,0,0,0,0,0,0,False,,RANGE_FAIL,range too wide: 27.20% > 20.0%
SJVN,NSE:SJVN-EQ,Power,74.07,5525227,406347960,60,65.8,81.48,15.68,23.84,0,0,0,False,range too wide: 23.84% > 20.0%,,False,False,False,False,0,0,0,0,0,0,0,0,0,0,False,,RANGE_FAIL,range too wide: 23.84% > 20.0%
SAILIFE,NSE:SAILIFE-EQ,Healthcare,1150.4,755055,787265494,60,934.6,1151.12,216.51,23.17,0,0,0,False,range too wide: 23.17% > 20.0%,,False,False,False,False,0,0,0,0,0,0,0,0,0,0,False,,RANGE_FAIL,range too wide: 23.17% > 20.0%
MOTHERSON,NSE:MOTHERSON-EQ,Automobile and Auto Components,135.17,22493138,2761156919,60,105.43,137.69,32.26,30.6,0,0,0,False,range too wide: 30.60% > 20.0%,,False,False,False,False,0,0,0,0,0,0,0,0,0,0,False,,RANGE_FAIL,range too wide: 30.60% > 20.0%
SAPPHIRE,NSE:SAPPHIRE-EQ,Consumer Services,186.51,1984837,371555385,60,150.23,212.85,62.63,41.69,0,0,0,False,range too wide: 41.69% > 20.0%,,False,False,False,False,0,0,0,0,0,0,0,0,0,0,False,,RANGE_FAIL,range too wide: 41.69% > 20.0%
SARDAEN,NSE:SARDAEN-EQ,Metals & Mining,529.15,746897,416736202,60,498.87,605.98,107.11,21.47,0,0,0,False,range too wide: 21.47% > 20.0%,,False,False,False,False,0,0,0,0,0,0,0,0,0,0,False,,RANGE_FAIL,range too wide: 21.47% > 20.0%
SAREGAMA,NSE:SAREGAMA-EQ,Media Entertainment & Publication,400.35,3093512,1230872637,60,312.95,415.0,102.05,32.61,0,0,0,False,range too wide: 32.61% > 20.0%,,False,False,False,False,0,0,0,0,0,0,0,0,0,0,False,,RANGE_FAIL,range too wide: 32.61% > 20.0%
SCI,NSE:SCI-EQ,Services,307.4,10139291,3040740214,60,222.2,350.87,128.67,57.91,0,0,0,False,range too wide: 57.91% > 20.0%,,False,False,False,False,0,0,0,0,0,0,0,0,0,0,False,,RANGE_FAIL,range too wide: 57.91% > 20.0%
SHRIRAMFIN,NSE:SHRIRAMFIN-EQ,Financial Services,953.35,7801664,7607224988,60,884.88,1078.76,193.88,21.91,0,0,0,False,range too wide: 21.91% > 20.0%,,False,False,False,False,0,0,0,0,0,0,0,0,0,0,False,,RANGE_FAIL,range too wide: 21.91% > 20.0%
SHYAMMETL,NSE:SHYAMMETL-EQ,Capital Goods,969.1,516736,448094496,60,753.05,938.72,185.67,24.66,0,0,0,False,range too wide: 24.66% > 20.0%,,False,False,False,False,0,0,0,0,0,0,0,0,0,0,False,,RANGE_FAIL,range too wide: 24.66% > 20.0%
ENRIN,NSE:ENRIN-EQ,Capital Goods,3498.0,501739,1566432238,60,2584.66,3585.4,1000.74,38.72,0,0,0,False,range too wide: 38.72% > 20.0%,,False,False,False,False,0,0,0,0,0,0,0,0,0,0,False,,RANGE_FAIL,range too wide: 38.72% > 20.0%
SONACOMS,NSE:SONACOMS-EQ,Automobile and Auto Components,603.6,2317741,1282243535,60,479.58,605.89,126.31,26.34,0,0,0,False,range too wide: 26.34% > 20.0%,,False,False,False,False,0,0,0,0,0,0,0,0,0,0,False,,RANGE_FAIL,range too wide: 26.34% > 20.0%
SONATSOFTW,NSE:SONATSOFTW-EQ,Information Technology,270.0,1704820,464310155,60,215.98,291.72,75.74,35.07,0,0,0,False,range too wide: 35.07% > 20.0%,,False,False,False,False,0,0,0,0,0,0,0,0,0,0,False,,RANGE_FAIL,range too wide: 35.07% > 20.0%
STARHEALTH,NSE:STARHEALTH-EQ,Financial Services,529.15,615776,305314093,60,442.48,534.53,92.05,20.8,0,0,0,False,range too wide: 20.80% > 20.0%,,False,False,False,False,0,0,0,0,0,0,0,0,0,0,False,,RANGE_FAIL,range too wide: 20.80% > 20.0%
SBIN,NSE:SBIN-EQ,Financial Services,964.0,17874802,18889405025,60,946.15,1211.98,265.83,28.1,0,0,0,False,range too wide: 28.10% > 20.0%,,False,False,False,False,0,0,0,0,0,0,0,0,0,0,False,,RANGE_FAIL,range too wide: 28.10% > 20.0%
SAIL,NSE:SAIL-EQ,Metals & Mining,202.6,28283643,4921793125,60,144.2,202.4,58.2,40.36,0,0,0,False,range too wide: 40.36% > 20.0%,,False,False,False,False,0,0,0,0,0,0,0,0,0,0,False,,RANGE_FAIL,range too wide: 40.36% > 20.0%
SUZLON,NSE:SUZLON-EQ,Capital Goods,54.6,95018906,4640419930,60,39.22,56.55,17.33,44.2,0,0,0,False,range too wide: 44.20% > 20.0%,,False,False,False,False,0,0,0,0,0,0,0,0,0,0,False,,RANGE_FAIL,range too wide: 44.20% > 20.0%
SWANCORP,NSE:SWANCORP-EQ,Chemicals,319.9,1498282,511218757,60,304.99,382.42,77.43,25.39,0,0,0,False,range too wide: 25.39% > 20.0%,,False,False,False,False,0,0,0,0,0,0,0,0,0,0,False,,RANGE_FAIL,range too wide: 25.39% > 20.0%
SWIGGY,NSE:SWIGGY-EQ,Consumer Services,252.75,10825481,2997850380,60,249.29,308.67,59.38,23.82,0,0,0,False,range too wide: 23.82% > 20.0%,,False,False,False,False,0,0,0,0,0,0,0,0,0,0,False,,RANGE_FAIL,range too wide: 23.82% > 20.0%
SYNGENE,NSE:SYNGENE-EQ,Healthcare,464.8,2436978,1089976380,60,387.57,486.47,98.9,25.52,0,0,0,False,range too wide: 25.52% > 20.0%,,False,False,False,False,0,0,0,0,0,0,0,0,0,0,False,,RANGE_FAIL,range too wide: 25.52% > 20.0%
SYRMA,NSE:SYRMA-EQ,Capital Goods,1042.1,1517931,1406983788,60,726.81,1106.24,379.43,52.21,0,0,0,False,range too wide: 52.21% > 20.0%,,False,False,False,False,0,0,0,0,0,0,0,0,0,0,False,,RANGE_FAIL,range too wide: 52.21% > 20.0%
TATACHEM,NSE:TATACHEM-EQ,Chemicals,781.6,1827413,1357120681,60,595.22,828.46,233.24,39.19,0,0,0,False,range too wide: 39.19% > 20.0%,,False,False,False,False,0,0,0,0,0,0,0,0,0,0,False,,RANGE_FAIL,range too wide: 39.19% > 20.0%
TATACOMM,NSE:TATACOMM-EQ,Telecommunication,2029.8,550637,905125434,60,1362.07,1932.45,570.38,41.88,0,0,0,False,range too wide: 41.88% > 20.0%,,False,False,False,False,0,0,0,0,0,0,0,0,0,0,False,,RANGE_FAIL,range too wide: 41.88% > 20.0%
TATACONSUM,NSE:TATACONSUM-EQ,Fast Moving Consumer Goods,1189.8,1922933,2219593600,60,1019.27,1256.24,236.97,23.25,0,0,0,False,range too wide: 23.25% > 20.0%,,False,False,False,False,0,0,0,0,0,0,0,0,0,0,False,,RANGE_FAIL,range too wide: 23.25% > 20.0%
TATAINVEST,NSE:TATAINVEST-EQ,Financial Services,693.25,1006211,684323639,60,563.12,737.98,174.86,31.05,0,0,0,False,range too wide: 31.05% > 20.0%,,False,False,False,False,0,0,0,0,0,0,0,0,0,0,False,,RANGE_FAIL,range too wide: 31.05% > 20.0%
TMCV,NSE:TMCV-EQ,Capital Goods,386.2,12318631,5233687840,60,371.51,492.29,120.78,32.51,0,0,0,False,range too wide: 32.51% > 20.0%,,False,False,False,False,0,0,0,0,0,0,0,0,0,0,False,,RANGE_FAIL,range too wide: 32.51% > 20.0%
TMPV,NSE:TMPV-EQ,Automobile and Auto Components,385.6,11034882,3793599394,60,300.99,385.64,84.65,28.12,0,0,0,False,range too wide: 28.12% > 20.0%,,False,False,False,False,0,0,0,0,0,0,0,0,0,0,False,,RANGE_FAIL,range too wide: 28.12% > 20.0%
TATAPOWER,NSE:TATAPOWER-EQ,Power,421.65,8434262,3450085283,60,366.19,450.3,84.1,22.97,0,0,0,False,range too wide: 22.97% > 20.0%,,False,False,False,False,0,0,0,0,0,0,0,0,0,0,False,,RANGE_FAIL,range too wide: 22.97% > 20.0%
TATATECH,NSE:TATATECH-EQ,Information Technology,702.7,1680314,1005357295,60,518.9,678.23,159.33,30.71,0,0,0,False,range too wide: 30.71% > 20.0%,,False,False,False,False,0,0,0,0,0,0,0,0,0,0,False,,RANGE_FAIL,range too wide: 30.71% > 20.0%
TEJASNET,NSE:TEJASNET-EQ,Telecommunication,499.7,15311129,7042449884,60,379.31,527.1,147.78,38.96,0,0,0,False,range too wide: 38.96% > 20.0%,,False,False,False,False,0,0,0,0,0,0,0,0,0,0,False,,RANGE_FAIL,range too wide: 38.96% > 20.0%
TENNIND,NSE:TENNIND-EQ,Automobile and Auto Components,612.35,936071,547874867,60,508.96,653.98,145.01,28.49,0,0,0,False,range too wide: 28.49% > 20.0%,,False,False,False,False,0,0,0,0,0,0,0,0,0,0,False,,RANGE_FAIL,range too wide: 28.49% > 20.0%
NIACL,NSE:NIACL-EQ,Financial Services,163.52,3109536,499053296,60,121.14,174.53,53.39,44.07,0,0,0,False,range too wide: 44.07% > 20.0%,,False,False,False,False,0,0,0,0,0,0,0,0,0,0,False,,RANGE_FAIL,range too wide: 44.07% > 20.0%
TITAGARH,NSE:TITAGARH-EQ,Capital Goods,824.4,1728046,1283991513,60,590.25,850.72,260.47,44.13,0,0,0,False,range too wide: 44.13% > 20.0%,,False,False,False,False,0,0,0,0,0,0,0,0,0,0,False,,RANGE_FAIL,range too wide: 44.13% > 20.0%
TORNTPOWER,NSE:TORNTPOWER-EQ,Power,1469.3,664462,1024922208,60,1331.73,1770.4,438.67,32.94,0,0,0,False,range too wide: 32.94% > 20.0%,,False,False,False,False,0,0,0,0,0,0,0,0,0,0,False,,RANGE_FAIL,range too wide: 32.94% > 20.0%
TARIL,NSE:TARIL-EQ,Capital Goods,320.7,4826906,1476364195,60,264.21,338.19,73.98,28.0,0,0,0,False,range too wide: 28.00% > 20.0%,,False,False,False,False,0,0,0,0,0,0,0,0,0,0,False,,RANGE_FAIL,range too wide: 28.00% > 20.0%
TRENT,NSE:TRENT-EQ,Consumer Services,4243.4,1102247,4344979134,60,3371.97,4366.12,994.15,29.48,0,0,0,False,range too wide: 29.48% > 20.0%,,False,False,False,False,0,0,0,0,0,0,0,0,0,0,False,,RANGE_FAIL,range too wide: 29.48% > 20.0%
TRITURBINE,NSE:TRITURBINE-EQ,Capital Goods,692.0,3031988,1814717729,60,438.45,704.3,265.85,60.63,0,0,0,False,range too wide: 60.63% > 20.0%,,False,False,False,False,0,0,0,0,0,0,0,0,0,0,False,,RANGE_FAIL,range too wide: 60.63% > 20.0%
UPL,NSE:UPL-EQ,Chemicals,656.05,2490950,1571235946,60,584.64,670.67,86.04,14.72,1,6,0,False,support touches 1 < 2,,False,False,False,False,0,0,0,0,0,0,0,0,0,0,False,,RANGE_FAIL,support touches 1 < 2
UNIONBANK,NSE:UNIONBANK-EQ,Financial Services,166.87,17685051,3156037977,60,159.37,202.25,42.89,26.91,0,0,0,False,range too wide: 26.91% > 20.0%,,False,False,False,False,0,0,0,0,0,0,0,0,0,0,False,,RANGE_FAIL,range too wide: 26.91% > 20.0%
URBANCO,NSE:URBANCO-EQ,Consumer Services,123.73,9634326,1198860644,60,104.41,150.59,46.18,44.23,0,0,0,False,range too wide: 44.23% > 20.0%,,False,False,False,False,0,0,0,0,0,0,0,0,0,0,False,,RANGE_FAIL,range too wide: 44.23% > 20.0%
USHAMART,NSE:USHAMART-EQ,Capital Goods,480.85,725695,320372568,60,390.0,485.05,95.05,24.37,0,0,0,False,range too wide: 24.37% > 20.0%,,False,False,False,False,0,0,0,0,0,0,0,0,0,0,False,,RANGE_FAIL,range too wide: 24.37% > 20.0%
VTL,NSE:VTL-EQ,Textiles,598.6,613926,347936995,60,513.42,633.71,120.28,23.43,0,0,0,False,range too wide: 23.43% > 20.0%,,False,False,False,False,0,0,0,0,0,0,0,0,0,0,False,,RANGE_FAIL,range too wide: 23.43% > 20.0%
VBL,NSE:VBL-EQ,Fast Moving Consumer Goods,531.25,7102049,3299818119,60,387.71,534.72,147.0,37.92,0,0,0,False,range too wide: 37.92% > 20.0%,,False,False,False,False,0,0,0,0,0,0,0,0,0,0,False,,RANGE_FAIL,range too wide: 37.92% > 20.0%
VEDL,NSE:VEDL-EQ,Metals & Mining,346.8,26101674,7638427032,60,243.5,339.02,95.52,39.23,0,0,0,False,range too wide: 39.23% > 20.0%,,False,False,False,False,0,0,0,0,0,0,0,0,0,0,False,,RANGE_FAIL,range too wide: 39.23% > 20.0%
VMM,NSE:VMM-EQ,Consumer Services,120.84,27795325,3233894765,60,101.47,127.43,25.96,25.59,0,0,0,False,range too wide: 25.59% > 20.0%,,False,False,False,False,0,0,0,0,0,0,0,0,0,0,False,,RANGE_FAIL,range too wide: 25.59% > 20.0%
VOLTAS,NSE:VOLTAS-EQ,Consumer Durables,1274.0,1218104,1662565824,60,1212.56,1555.2,342.64,28.26,0,0,0,False,range too wide: 28.26% > 20.0%,,False,False,False,False,0,0,0,0,0,0,0,0,0,0,False,,RANGE_FAIL,range too wide: 28.26% > 20.0%
WAAREEENER,NSE:WAAREEENER-EQ,Capital Goods,3084.4,2071983,6329268354,60,2581.39,3520.47,939.08,36.38,0,0,0,False,range too wide: 36.38% > 20.0%,,False,False,False,False,0,0,0,0,0,0,0,0,0,0,False,,RANGE_FAIL,range too wide: 36.38% > 20.0%
WELCORP,NSE:WELCORP-EQ,Capital Goods,1314.4,846141,927109338,60,769.85,1357.82,587.96,76.37,0,0,0,False,range too wide: 76.37% > 20.0%,,False,False,False,False,0,0,0,0,0,0,0,0,0,0,False,,RANGE_FAIL,range too wide: 76.37% > 20.0%
WELSPUNLIV,NSE:WELSPUNLIV-EQ,Textiles,138.82,2026069,257958696,60,108.76,141.99,33.23,30.55,0,0,0,False,range too wide: 30.55% > 20.0%,,False,False,False,False,0,0,0,0,0,0,0,0,0,0,False,,RANGE_FAIL,range too wide: 30.55% > 20.0%
WOCKPHARMA,NSE:WOCKPHARMA-EQ,Healthcare,1698.7,1448230,2213073882,60,1161.23,1662.72,501.49,43.19,0,0,0,False,range too wide: 43.19% > 20.0%,,False,False,False,False,0,0,0,0,0,0,0,0,0,0,False,,RANGE_FAIL,range too wide: 43.19% > 20.0%
ZENTEC,NSE:ZENTEC-EQ,Capital Goods,1608.0,775212,1195634072,60,1296.8,1752.25,455.45,35.12,0,0,0,False,range too wide: 35.12% > 20.0%,,False,False,False,False,0,0,0,0,0,0,0,0,0,0,False,,RANGE_FAIL,range too wide: 35.12% > 20.0%
ZYDUSLIFE,NSE:ZYDUSLIFE-EQ,Healthcare,1080.2,1175369,1139633483,60,856.97,1055.05,198.08,23.11,0,0,0,False,range too wide: 23.11% > 20.0%,,False,False,False,False,0,0,0,0,0,0,0,0,0,0,False,,RANGE_FAIL,range too wide: 23.11% > 20.0%
ZYDUSWELL,NSE:ZYDUSWELL-EQ,Fast Moving Consumer Goods,482.3,2772015,1279771346,60,374.1,528.32,154.21,41.22,0,0,0,False,range too wide: 41.22% > 20.0%,,False,False,False,False,0,0,0,0,0,0,0,0,0,0,False,,RANGE_FAIL,range too wide: 41.22% > 20.0%
