timestamp,equity,cash,inventory_qty,inventory_value,realized_pnl,unrealized_pnl
2026-03-24 03:45:00,999664.0,700276.5,125,299387.5,0.0,193.75
2026-03-24 04:00:00,998404.4,401379.4,250,597025.0,0.0,-537.5
2026-03-24 04:15:00,998229.4,401379.4,250,596850.0,0.0,-712.5
2026-03-24 04:30:00,997458.69,103308.69,375,894150.0,0.0,-956.25
2026-03-24 04:45:00,999475.89,700350.89,125,299125.0,74.39,-68.75
2026-03-24 05:00:00,997453.79,401453.79,250,596000.0,74.39,-1562.5
2026-03-24 05:15:00,997753.79,401453.79,250,596300.0,74.39,-1262.5
2026-03-24 05:30:00,1000739.96,401489.96,250,599250.0,110.56,1687.5
2026-03-24 05:45:00,1003929.66,701279.66,125,302650.0,176.76,4281.25
2026-03-24 06:00:00,1004305.59,701305.59,125,303000.0,202.69,4631.25
2026-03-24 06:15:00,1005329.47,701329.47,125,304000.0,226.57,5631.25
2026-03-24 06:30:00,1003548.99,397473.99,250,606075.0,226.57,4387.5
2026-03-24 06:45:00,1003222.87,397497.87,250,605725.0,250.45,4037.5
2026-03-24 07:00:00,1002606.29,94468.79,375,908137.5,250.45,3956.25
2026-03-24 07:15:00,1001931.29,94468.79,375,907462.5,250.45,3281.25
2026-03-24 07:30:00,999831.29,94468.79,375,905362.5,250.45,1181.25
2026-03-24 07:45:00,1002306.29,94468.79,375,907837.5,250.45,3656.25
2026-03-24 08:00:00,1003618.79,94468.79,375,909150.0,250.45,4968.75
2026-03-24 08:15:00,1000307.21,94494.71,375,905812.5,276.38,1631.25
2026-03-24 08:30:00,1000757.21,94494.71,375,906262.5,276.38,2081.25
2026-03-24 08:45:00,995019.71,94494.71,375,900525.0,276.38,-3656.25
2026-03-24 09:00:00,994457.21,94494.71,375,899962.5,276.38,-4218.75
2026-03-24 09:15:00,995282.21,94494.71,375,900787.5,276.38,-3393.75
2026-03-24 09:30:00,993557.21,94494.71,375,899062.5,276.38,-5118.75
2026-03-24 09:45:00,994794.71,94494.71,375,900300.0,276.38,-3881.25
2026-03-25 03:45:00,992991.99,93704.49,375,899287.5,312.55,-5718.75
2026-03-25 04:00:00,992916.99,93704.49,375,899212.5,312.55,-5793.75
2026-03-25 04:15:00,997337.11,393462.11,250,603875.0,346.67,-1937.5
2026-03-25 04:30:00,996712.11,393462.11,250,603250.0,346.67,-2562.5
2026-03-25 04:45:00,997240.09,393490.09,250,603750.0,374.65,-2062.5
2026-03-25 05:00:00,998765.09,393490.09,250,605275.0,374.65,-537.5
2026-03-25 05:15:00,997665.09,393490.09,250,604175.0,374.65,-1637.5
2026-03-25 05:30:00,998490.09,393490.09,250,605000.0,374.65,-812.5
2026-03-25 05:45:00,997740.09,393490.09,250,604250.0,374.65,-1562.5
2026-03-25 06:00:00,996012.4,91287.4,375,904725.0,374.65,-2756.25
2026-03-25 06:15:00,996162.4,91287.4,375,904875.0,374.65,-2606.25
2026-03-25 06:30:00,995937.4,91287.4,375,904650.0,374.65,-2831.25
2026-03-25 06:45:00,996612.4,91287.4,375,905325.0,374.65,-2156.25
2026-03-25 07:00:00,997287.4,91287.4,375,906000.0,374.65,-1481.25
2026-03-25 07:15:00,994249.9,91287.4,375,902962.5,374.65,-4518.75
2026-03-25 07:30:00,995712.4,91287.4,375,904425.0,374.65,-3056.25
2026-03-25 07:45:00,994549.9,91287.4,375,903262.5,374.65,-4218.75
2026-03-25 08:00:00,994249.9,91287.4,375,902962.5,374.65,-4518.75
2026-03-25 08:15:00,990949.9,91287.4,375,899662.5,374.65,-7818.75
2026-03-25 08:30:00,990012.4,91287.4,375,898725.0,374.65,-8756.25
2026-03-25 08:45:00,987049.9,91287.4,375,895762.5,374.65,-11718.75
2026-03-25 09:00:00,987049.9,91287.4,375,895762.5,374.65,-11718.75
2026-03-25 09:15:00,984799.9,91287.4,375,893512.5,374.65,-13968.75
2026-03-25 09:30:00,983299.9,91287.4,375,892012.5,374.65,-15468.75
2026-03-25 09:45:00,983712.4,91287.4,375,892425.0,374.65,-15056.25
2026-03-27 03:45:00,994737.4,91287.4,375,903450.0,374.65,-4031.25
2026-03-27 04:00:00,995712.4,91287.4,375,904425.0,374.65,-3056.25
2026-03-27 04:15:00,991287.4,91287.4,375,900000.0,374.65,-7481.25
2026-03-27 04:30:00,994287.4,91287.4,375,903000.0,374.65,-4481.25
2026-03-27 04:45:00,997249.9,91287.4,375,905962.5,374.65,-1518.75
2026-03-27 05:00:00,995187.4,91287.4,375,903900.0,374.65,-3581.25
2026-03-27 05:15:00,994924.9,91287.4,375,903637.5,374.65,-3843.75
2026-03-27 05:30:00,996424.9,91287.4,375,905137.5,374.65,-2343.75
2026-03-27 05:45:00,993349.9,91287.4,375,902062.5,374.65,-5418.75
2026-03-27 06:00:00,994137.4,91287.4,375,902850.0,374.65,-4631.25
2026-03-27 06:15:00,996912.4,91287.4,375,905625.0,374.65,-1856.25
2026-03-27 06:30:00,997099.9,91287.4,375,905812.5,374.65,-1668.75
2026-03-27 06:45:00,996687.4,91287.4,375,905400.0,374.65,-2081.25
2026-03-27 07:00:00,998543.06,393518.06,250,605025.0,402.62,-787.5
2026-03-27 07:15:00,997268.06,393518.06,250,603750.0,402.62,-2062.5
2026-03-27 07:30:00,998568.06,393518.06,250,605050.0,402.62,-762.5
2026-03-27 07:45:00,995927.88,91315.38,375,904612.5,402.62,-2868.75
2026-03-27 08:00:00,995815.38,91315.38,375,904500.0,402.62,-2981.25
2026-03-27 08:15:00,995252.88,91315.38,375,903937.5,402.62,-3543.75
2026-03-27 08:30:00,990715.38,91315.38,375,899400.0,402.62,-8081.25
2026-03-27 08:45:00,990077.88,91315.38,375,898762.5,402.62,-8718.75
2026-03-27 09:00:00,988502.88,91315.38,375,897187.5,402.62,-10293.75
2026-03-27 09:15:00,987377.88,91315.38,375,896062.5,402.62,-11418.75
2026-03-27 09:30:00,986777.88,91315.38,375,895462.5,402.62,-12018.75
2026-03-27 09:45:00,986627.88,91315.38,375,895312.5,402.62,-12168.75
2026-03-30 03:45:00,987190.38,91315.38,375,895875.0,402.62,-11606.25
2026-03-30 04:00:00,988915.38,91315.38,375,897600.0,402.62,-9881.25
2026-03-30 04:15:00,987565.38,91315.38,375,896250.0,402.62,-11231.25
2026-03-30 04:30:00,983740.38,91315.38,375,892425.0,402.62,-15056.25
2026-03-30 04:45:00,979277.88,91315.38,375,887962.5,402.62,-19518.75
2026-03-30 05:00:00,977477.88,91315.38,375,886162.5,402.62,-21318.75
2026-03-30 05:15:00,979352.88,91315.38,375,888037.5,402.62,-19443.75
2026-03-30 05:30:00,978527.88,91315.38,375,887212.5,402.62,-20268.75
2026-03-30 05:45:00,979202.88,91315.38,375,887887.5,402.62,-19593.75
2026-03-30 06:00:00,980740.38,91315.38,375,889425.0,402.62,-18056.25
2026-03-30 06:15:00,982877.88,91315.38,375,891562.5,402.62,-15918.75
2026-03-30 06:30:00,988840.38,91315.38,375,897525.0,402.62,-9956.25
2026-03-30 06:45:00,987790.38,91315.38,375,896475.0,402.62,-11006.25
2026-03-30 07:00:00,987790.38,91315.38,375,896475.0,402.62,-11006.25
2026-03-30 07:15:00,986027.88,91315.38,375,894712.5,402.62,-12768.75
2026-03-30 07:30:00,985165.38,91315.38,375,893850.0,402.62,-13631.25
2026-03-30 07:45:00,981677.88,91315.38,375,890362.5,402.62,-17118.75
2026-03-30 08:00:00,978452.88,91315.38,375,887137.5,402.62,-20343.75
2026-03-30 08:15:00,974627.88,91315.38,375,883312.5,402.62,-24168.75
2026-03-30 08:30:00,973427.88,91315.38,375,882112.5,402.62,-25368.75
2026-03-30 08:45:00,971590.38,91315.38,375,880275.0,402.62,-27206.25
2026-03-30 09:00:00,973315.38,91315.38,375,882000.0,402.62,-25481.25
2026-03-30 09:15:00,974477.88,91315.38,375,883162.5,402.62,-24318.75
2026-03-30 09:30:00,976165.38,91315.38,375,884850.0,402.62,-22631.25
2026-03-30 09:45:00,978190.38,91315.38,375,886875.0,402.62,-20606.25
2026-04-01 03:45:00,1000480.41,1000480.41,0,0.0,480.41,0.0
2026-04-01 04:00:00,1000500.19,1000500.19,0,0.0,500.19,0.0
2026-04-01 04:15:00,1000515.87,1000515.87,0,0.0,515.87,0.0
2026-04-01 04:30:00,1000228.42,692528.42,125,307700.0,515.87,256.25
2026-04-01 04:45:00,999880.99,385380.99,250,614500.0,529.51,437.5
2026-04-01 05:00:00,999307.74,692557.74,125,306750.0,545.19,-693.75
2026-04-01 05:15:00,999032.74,692557.74,125,306475.0,545.19,-968.75
2026-04-01 05:30:00,997848.07,386223.07,250,611625.0,545.19,-1612.5
2026-04-01 05:45:00,998240.8,386240.8,250,612000.0,562.92,-1237.5
2026-04-01 06:00:00,997681.14,79906.14,375,917775.0,562.92,-1256.25
2026-04-01 06:15:00,997793.64,79906.14,375,917887.5,562.92,-1143.75
2026-04-01 06:30:00,998656.14,79906.14,375,918750.0,562.92,-281.25
2026-04-01 06:45:00,993893.64,79906.14,375,913987.5,562.92,-5043.75
2026-04-01 07:00:00,993631.14,79906.14,375,913725.0,562.92,-5306.25
2026-04-01 07:15:00,992993.64,79906.14,375,913087.5,562.92,-5943.75
2026-04-01 07:30:00,992693.64,79906.14,375,912787.5,562.92,-6243.75
2026-04-01 07:45:00,989356.14,79906.14,375,909450.0,562.92,-9581.25
2026-04-01 08:00:00,983843.64,79906.14,375,903937.5,562.92,-15093.75
2026-04-01 08:15:00,985306.14,79906.14,375,905400.0,562.92,-13631.25
2026-04-01 08:30:00,985793.64,79906.14,375,905887.5,562.92,-13143.75
2026-04-01 08:45:00,983056.14,79906.14,375,903150.0,562.92,-15881.25
2026-04-01 09:00:00,981256.14,79906.14,375,901350.0,562.92,-17681.25
2026-04-01 09:15:00,981331.14,79906.14,375,901425.0,562.92,-17606.25
2026-04-01 09:30:00,983731.14,79906.14,375,903825.0,562.92,-15206.25
2026-04-01 09:45:00,984031.14,79906.14,375,904125.0,562.92,-14906.25
2026-04-02 03:45:00,981293.64,79906.14,375,901387.5,562.92,-17643.75
2026-04-02 04:00:00,984631.14,79906.14,375,904725.0,562.92,-14306.25
2026-04-02 04:15:00,981706.14,79906.14,375,901800.0,562.92,-17231.25
2026-04-02 04:30:00,981706.14,79906.14,375,901800.0,562.92,-17231.25
2026-04-02 04:45:00,986581.14,79906.14,375,906675.0,562.92,-12356.25
2026-04-02 05:00:00,984106.14,79906.14,375,904200.0,562.92,-14831.25
2026-04-02 05:15:00,983468.64,79906.14,375,903562.5,562.92,-15468.75
2026-04-02 05:30:00,982081.14,79906.14,375,902175.0,562.92,-16856.25
2026-04-02 05:45:00,983656.14,79906.14,375,903750.0,562.92,-15281.25
2026-04-02 06:00:00,983506.14,79906.14,375,903600.0,562.92,-15431.25
2026-04-02 06:15:00,983356.14,79906.14,375,903450.0,562.92,-15581.25
2026-04-02 06:30:00,982381.14,79906.14,375,902475.0,562.92,-16556.25
2026-04-02 06:45:00,984031.14,79906.14,375,904125.0,562.92,-14906.25
2026-04-02 07:00:00,984706.14,79906.14,375,904800.0,562.92,-14231.25
2026-04-02 07:15:00,984106.14,79906.14,375,904200.0,562.92,-14831.25
2026-04-02 07:30:00,987218.64,79906.14,375,907312.5,562.92,-11718.75
2026-04-02 07:45:00,997156.14,79906.14,375,917250.0,562.92,-1781.25
2026-04-02 08:00:00,999708.54,386258.54,250,613450.0,580.66,212.5
2026-04-02 08:15:00,997802.66,387102.66,250,610700.0,598.39,-1712.5
2026-04-02 08:30:00,1000372.45,387122.45,250,613250.0,618.17,837.5
2026-04-02 08:45:00,1002488.13,387138.13,250,615350.0,633.85,2937.5
2026-04-02 09:00:00,999490.7,79990.7,375,919500.0,647.49,468.75
2026-04-02 09:15:00,1000053.2,79990.7,375,920062.5,647.49,1031.25
2026-04-02 09:30:00,1000878.2,79990.7,375,920887.5,647.49,1856.25
2026-04-02 09:45:00,996359.09,79184.09,375,917175.0,667.27,-2681.25
2026-04-06 03:45:00,1001990.81,385565.81,250,616425.0,714.32,2362.5
2026-04-06 04:00:00,1000482.58,693582.58,125,306900.0,743.64,281.25
2026-04-06 04:15:00,1000532.58,693582.58,125,306950.0,743.64,331.25
2026-04-06 04:30:00,1000759.32,1000759.32,0,0.0,759.32,0.0
2026-04-06 04:45:00,1000759.32,1000759.32,0,0.0,759.32,0.0
2026-04-06 05:00:00,1000759.32,1000759.32,0,0.0,759.32,0.0
2026-04-06 05:15:00,1000684.37,692771.87,125,307912.5,759.32,468.75
2026-04-06 05:30:00,998435.81,385610.81,250,612825.0,759.32,-1237.5
2026-04-06 05:45:00,999074.75,78449.75,375,920625.0,759.32,-56.25
2026-04-06 06:00:00,999712.25,78449.75,375,921262.5,759.32,581.25
2026-04-06 06:15:00,999412.25,78449.75,375,920962.5,759.32,281.25
2026-04-06 06:30:00,999801.49,385626.49,250,614175.0,775.01,112.5
2026-04-06 06:45:00,1001091.87,692816.87,125,308275.0,804.33,831.25
2026-04-06 07:00:00,999304.41,384829.41,250,614475.0,804.33,-412.5
2026-04-06 07:15:00,1003193.05,384843.05,250,618350.0,817.96,3462.5
2026-04-06 07:30:00,1004852.59,384852.59,250,620000.0,827.5,5112.5
2026-04-06 07:45:00,1002549.84,75212.34,375,927337.5,827.5,3356.25
2026-04-06 08:00:00,1002062.34,75212.34,375,926850.0,827.5,2868.75
2026-04-06 08:15:00,1001874.84,75212.34,375,926662.5,827.5,2681.25
2026-04-06 08:30:00,1002062.34,75212.34,375,926850.0,827.5,2868.75
2026-04-06 08:45:00,1001724.84,75212.34,375,926512.5,827.5,2531.25
2026-04-06 09:00:00,1001687.34,75212.34,375,926475.0,827.5,2493.75
2026-04-06 09:15:00,1002549.84,75212.34,375,927337.5,827.5,3356.25
2026-04-06 09:30:00,1003562.34,75212.34,375,928350.0,827.5,4368.75
2026-04-06 09:45:00,1003262.34,75212.34,375,928050.0,827.5,4068.75
2026-04-07 03:45:00,1003638.21,692863.21,125,310775.0,850.67,3331.25
2026-04-07 04:00:00,1000085.21,382410.21,250,617675.0,864.3,312.5
2026-04-07 04:15:00,1003070.18,691245.18,125,311825.0,885.43,2731.25
2026-04-07 04:30:00,1003723.57,691248.57,125,312475.0,888.82,3381.25
2026-04-07 04:45:00,1004212.41,691249.91,125,312962.5,890.16,3868.75
2026-04-07 05:00:00,1005088.76,691251.26,125,313837.5,891.5,4743.75
2026-04-07 05:15:00,1004527.63,376652.63,250,627875.0,891.5,4737.5
2026-04-07 05:30:00,1007624.88,376649.88,250,630975.0,888.75,7837.5
2026-04-07 05:45:00,1009768.03,376643.03,250,633125.0,881.89,9987.5
2026-04-07 06:00:00,1010459.12,376634.12,250,633825.0,872.99,10687.5
2026-04-07 06:15:00,1011450.22,376625.22,250,634825.0,864.09,11687.5
2026-04-07 06:30:00,1010622.41,59547.41,375,951075.0,864.09,11418.75
2026-04-07 06:45:00,1008297.41,59547.41,375,948750.0,864.09,9093.75
2026-04-07 07:00:00,1008784.91,59547.41,375,949237.5,864.09,9581.25
2026-04-07 07:15:00,1005372.41,59547.41,375,945825.0,864.09,6168.75
2026-04-07 07:30:00,1007059.91,59547.41,375,947512.5,864.09,7856.25
2026-04-07 07:45:00,1008597.41,59547.41,375,949050.0,864.09,9393.75
2026-04-07 08:00:00,1009722.41,59547.41,375,950175.0,864.09,10518.75
2026-04-07 08:15:00,1007997.41,59547.41,375,948450.0,864.09,8793.75
2026-04-07 08:30:00,1008297.41,59547.41,375,948750.0,864.09,9093.75
2026-04-07 08:45:00,1008634.91,59547.41,375,949087.5,864.09,9431.25
2026-04-07 09:00:00,1010809.91,59547.41,375,951262.5,864.09,11606.25
2026-04-07 09:15:00,1011766.32,376616.32,250,635150.0,855.19,12012.5
2026-04-07 09:30:00,1011212.12,58712.12,375,952500.0,855.19,12018.75
2026-04-07 09:45:00,1011699.62,58712.12,375,952987.5,855.19,12506.25
2026-04-08 03:45:00,1012549.77,57874.77,375,954675.0,844.24,13368.75
2026-04-08 04:00:00,1015492.37,376592.37,250,638900.0,831.24,15762.5
2026-04-08 04:15:00,1014747.87,57035.37,375,957712.5,831.24,15581.25
2026-04-08 04:30:00,1013547.87,57035.37,375,956512.5,831.24,14381.25
2026-04-08 04:45:00,1011635.37,57035.37,375,954600.0,831.24,12468.75
2026-04-08 05:00:00,1016727.32,376577.32,250,640150.0,816.19,17012.5
2026-04-08 05:15:00,1017393.93,56193.93,375,961200.0,816.19,18243.75
2026-04-08 05:30:00,1016251.83,56176.83,375,960075.0,799.09,17118.75
2026-04-08 05:45:00,1017718.12,376543.12,250,641175.0,781.99,18037.5
2026-04-08 06:00:00,1018276.03,376526.03,250,641750.0,764.9,18612.5
2026-04-08 06:15:00,1017117.64,56142.64,375,960975.0,764.9,18018.75
2026-04-08 06:30:00,1017758.93,376508.93,250,641250.0,747.8,18112.5
2026-04-08 06:45:00,1017511.64,55299.14,375,962212.5,747.8,18431.25
2026-04-08 07:00:00,1014099.14,55299.14,375,958800.0,747.8,15018.75
2026-04-08 07:15:00,1013724.14,55299.14,375,958425.0,747.8,14643.75
2026-04-08 07:30:00,1014324.14,55299.14,375,959025.0,747.8,15243.75
2026-04-08 07:45:00,1012636.64,55299.14,375,957337.5,747.8,13556.25
2026-04-08 08:00:00,1013724.14,55299.14,375,958425.0,747.8,14643.75
2026-04-08 08:15:00,1014061.64,55299.14,375,958762.5,747.8,14981.25
2026-04-08 08:30:00,1012036.64,55299.14,375,956737.5,747.8,12956.25
2026-04-08 08:45:00,1014061.64,55299.14,375,958762.5,747.8,14981.25
2026-04-08 09:00:00,1013461.64,55299.14,375,958162.5,747.8,14381.25
2026-04-08 09:15:00,1015299.14,55299.14,375,960000.0,747.8,16218.75
2026-04-08 09:30:00,1015336.64,55299.14,375,960037.5,747.8,16256.25
2026-04-08 09:45:00,1015711.64,55299.14,375,960412.5,747.8,16631.25
2026-04-09 03:45:00,1019514.78,376489.78,250,643025.0,728.65,19887.5
2026-04-09 04:00:00,1015093.89,56106.39,375,958987.5,728.65,16031.25
2026-04-09 04:15:00,1017522.69,376472.69,250,641050.0,711.55,17912.5
2026-04-09 04:30:00,1017364.3,56089.3,375,961275.0,711.55,18318.75
2026-04-09 04:45:00,1017122.2,56072.2,375,961050.0,694.46,18093.75
2026-04-09 05:00:00,1017513.49,376438.49,250,641075.0,677.36,17937.5
2026-04-09 05:15:00,1017513.49,376438.49,250,641075.0,677.36,17937.5
2026-04-09 05:30:00,1017478.71,55228.71,375,962250.0,677.36,18468.75
2026-04-09 05:45:00,1020919.35,376419.35,250,644500.0,658.21,21362.5
2026-04-09 06:00:00,1022821.1,376396.1,250,646425.0,634.97,23287.5
2026-04-09 06:15:00,1024545.81,376370.81,250,648175.0,609.68,25037.5
2026-04-09 06:30:00,1022580.44,51855.44,375,970725.0,609.68,23643.75
2026-04-09 06:45:00,1023292.94,51855.44,375,971437.5,609.68,24356.25
2026-04-09 07:00:00,1023442.94,51855.44,375,971587.5,609.68,24506.25
2026-04-09 07:15:00,1027093.47,376343.47,250,650750.0,582.33,27612.5
2026-04-09 07:30:00,1025439.2,51001.7,375,974437.5,582.33,26531.25
2026-04-09 07:45:00,1021276.7,51001.7,375,970275.0,582.33,22368.75
2026-04-09 08:00:00,1020451.7,51001.7,375,969450.0,582.33,21543.75
2026-04-09 08:15:00,1019364.2,51001.7,375,968362.5,582.33,20456.25
2026-04-09 08:30:00,1018501.7,51001.7,375,967500.0,582.33,19593.75
2026-04-09 08:45:00,1015876.7,51001.7,375,964875.0,582.33,16968.75
2026-04-09 09:00:00,1017414.2,51001.7,375,966412.5,582.33,18506.25
2026-04-09 09:15:00,1018726.7,51001.7,375,967725.0,582.33,19818.75
2026-04-09 09:30:00,1021726.7,51001.7,375,970725.0,582.33,22818.75
2026-04-09 09:45:00,1022214.2,51001.7,375,971212.5,582.33,23306.25
2026-04-10 03:45:00,1003914.2,51001.7,375,952912.5,582.33,5006.25
2026-04-10 04:00:00,992248.95,50998.95,375,941250.0,579.58,-6656.25
2026-04-10 04:15:00,994669.81,365594.81,250,629075.0,576.82,-4787.5
2026-04-10 04:30:00,993344.81,365594.81,250,627750.0,576.82,-6112.5
2026-04-10 04:45:00,995058.69,50996.19,375,944062.5,576.82,-3843.75
2026-04-10 05:00:00,991608.69,50996.19,375,940612.5,576.82,-7293.75
2026-04-10 05:15:00,990333.69,50996.19,375,939337.5,576.82,-8568.75
2026-04-10 05:30:00,991346.19,50996.19,375,940350.0,576.82,-7556.25
2026-04-10 05:45:00,991196.19,50996.19,375,940200.0,576.82,-7706.25
2026-04-10 06:00:00,990371.19,50996.19,375,939375.0,576.82,-8531.25
2026-04-10 06:15:00,991008.69,50996.19,375,940012.5,576.82,-7893.75
2026-04-10 06:30:00,992621.19,50996.19,375,941625.0,576.82,-6281.25
2026-04-10 06:45:00,991421.19,50996.19,375,940425.0,576.82,-7481.25
2026-04-10 07:00:00,992958.69,50996.19,375,941962.5,576.82,-5943.75
2026-04-10 07:15:00,993446.19,50996.19,375,942450.0,576.82,-5456.25
2026-04-10 07:30:00,993221.19,50996.19,375,942225.0,576.82,-5681.25
2026-04-10 07:45:00,993708.69,50996.19,375,942712.5,576.82,-5193.75
2026-04-10 08:00:00,997717.06,365592.06,250,632125.0,574.07,-1737.5
2026-04-10 08:15:00,996215.64,49340.64,375,946875.0,574.07,-2681.25
2026-04-10 08:30:00,993553.14,49340.64,375,944212.5,574.07,-5343.75
2026-04-10 08:45:00,992353.14,49340.64,375,943012.5,574.07,-6543.75
2026-04-10 09:00:00,993065.64,49340.64,375,943725.0,574.07,-5831.25
2026-04-10 09:15:00,993703.14,49340.64,375,944362.5,574.07,-5193.75
2026-04-10 09:30:00,996965.64,49340.64,375,947625.0,574.07,-1931.25
2026-04-10 09:45:00,995465.64,49340.64,375,946125.0,574.07,-3431.25
2026-04-13 03:45:00,979723.79,48523.79,375,931200.0,583.61,-19181.25
2026-04-13 04:00:00,978523.79,48523.79,375,930000.0,583.61,-20381.25
2026-04-13 04:15:00,978711.29,48523.79,375,930187.5,583.61,-20193.75
2026-04-13 04:30:00,978748.79,48523.79,375,930225.0,583.61,-20156.25
2026-04-13 04:45:00,980272.92,358997.92,250,621275.0,591.09,-19187.5
2026-04-13 05:00:00,980647.92,358997.92,250,621650.0,591.09,-18812.5
2026-04-13 05:15:00,981229.88,47704.88,375,933525.0,591.09,-17681.25
2026-04-13 05:30:00,980067.38,47704.88,375,932362.5,591.09,-18843.75
2026-04-13 05:45:00,980704.88,47704.88,375,933000.0,591.09,-18206.25
2026-04-13 06:00:00,978642.38,47704.88,375,930937.5,591.09,-20268.75
2026-04-13 06:15:00,977479.88,47704.88,375,929775.0,591.09,-21431.25
2026-04-13 06:30:00,978454.88,47704.88,375,930750.0,591.09,-20456.25
2026-04-13 06:45:00,979129.88,47704.88,375,931425.0,591.09,-19781.25
2026-04-13 07:00:00,977329.88,47704.88,375,929625.0,591.09,-21581.25
2026-04-13 07:15:00,976579.88,47704.88,375,928875.0,591.09,-22331.25
2026-04-13 07:30:00,976654.88,47704.88,375,928950.0,591.09,-22256.25
2026-04-13 07:45:00,976804.88,47704.88,375,929100.0,591.09,-22106.25
2026-04-13 08:00:00,976279.88,47704.88,375,928575.0,591.09,-22631.25
2026-04-13 08:15:00,978267.38,47704.88,375,930562.5,591.09,-20643.75
2026-04-13 08:30:00,976542.38,47704.88,375,928837.5,591.09,-22368.75
2026-04-13 08:45:00,975117.38,47704.88,375,927412.5,591.09,-23793.75
2026-04-13 09:00:00,976129.88,47704.88,375,928425.0,591.09,-22781.25
2026-04-13 09:15:00,976992.38,47704.88,375,929287.5,591.09,-21918.75
2026-04-13 09:30:00,975192.38,47704.88,375,927487.5,591.09,-23718.75
2026-04-13 09:45:00,974217.38,47704.88,375,926512.5,591.09,-24693.75
2026-04-15 03:45:00,1000899.44,363949.44,250,636950.0,584.24,1437.5
2026-04-15 04:00:00,1001415.54,363940.54,250,637475.0,575.34,1962.5
2026-04-15 04:15:00,1001140.54,363940.54,250,637200.0,575.34,1687.5
2026-04-15 04:30:00,1001197.44,45209.94,375,955987.5,575.34,2306.25
2026-04-15 04:45:00,998746.94,45196.94,375,953550.0,562.34,-131.25
2026-04-15 05:00:00,997021.94,45196.94,375,951825.0,562.34,-1856.25
2026-04-15 05:15:00,996571.94,45196.94,375,951375.0,562.34,-2306.25
2026-04-15 05:30:00,996946.94,45196.94,375,951750.0,562.34,-1931.25
2026-04-15 05:45:00,996609.44,45196.94,375,951412.5,562.34,-2268.75
2026-04-15 06:00:00,999571.94,45196.94,375,954375.0,562.34,693.75
2026-04-15 06:15:00,999909.44,45196.94,375,954712.5,562.34,1031.25
2026-04-15 06:30:00,999534.44,45196.94,375,954337.5,562.34,656.25
2026-04-15 06:45:00,999121.94,45196.94,375,953925.0,562.34,243.75
2026-04-15 07:00:00,1000471.94,45196.94,375,955275.0,562.34,1593.75
2026-04-15 07:15:00,998784.44,45196.94,375,953587.5,562.34,-93.75
2026-04-15 07:30:00,999759.44,45196.94,375,954562.5,562.34,881.25
2026-04-15 07:45:00,998671.94,45196.94,375,953475.0,562.34,-206.25
2026-04-15 08:00:00,999946.94,45196.94,375,954750.0,562.34,1068.75
2026-04-15 08:15:00,999946.94,45196.94,375,954750.0,562.34,1068.75
2026-04-15 08:30:00,1000434.44,45196.94,375,955237.5,562.34,1556.25
2026-04-15 08:45:00,1001671.94,45196.94,375,956475.0,562.34,2793.75
2026-04-15 09:00:00,1001239.54,363914.54,250,637325.0,549.34,1812.5
2026-04-15 09:15:00,1001764.54,363914.54,250,637850.0,549.34,2337.5
2026-04-15 09:30:00,1002295.04,44357.54,375,957937.5,549.34,3431.25
2026-04-15 09:45:00,1002099.49,363899.49,250,638200.0,534.29,2687.5
2026-04-16 03:45:00,1010553.29,363878.29,250,646675.0,513.09,11162.5
2026-04-16 04:00:00,1009415.71,41015.71,375,968400.0,513.09,10593.75
2026-04-16 04:15:00,1007592.47,40992.47,375,966600.0,489.85,8793.75
2026-04-16 04:30:00,1005304.97,40992.47,375,964312.5,489.85,6506.25
2026-04-16 04:45:00,1006167.47,40992.47,375,965175.0,489.85,7368.75
2026-04-16 05:00:00,1007254.97,40992.47,375,966262.5,489.85,8456.25
2026-04-16 05:15:00,1006054.97,40992.47,375,965062.5,489.85,7256.25
2026-04-16 05:30:00,1008079.97,40992.47,375,967087.5,489.85,9281.25
2026-04-16 05:45:00,1008604.97,40992.47,375,967612.5,489.85,9806.25
2026-04-16 06:00:00,1006842.47,40992.47,375,965850.0,489.85,8043.75
2026-04-16 06:15:00,1003617.47,40992.47,375,962625.0,489.85,4818.75
2026-04-16 06:30:00,1002979.97,40992.47,375,961987.5,489.85,4181.25
2026-04-16 06:45:00,1002754.97,40992.47,375,961762.5,489.85,3956.25
2026-04-16 07:00:00,1002529.97,40992.47,375,961537.5,489.85,3731.25
2026-04-16 07:15:00,1003917.47,40992.47,375,962925.0,489.85,5118.75
2026-04-16 07:30:00,1004254.97,40992.47,375,963262.5,489.85,5456.25
2026-04-16 07:45:00,1003692.47,40992.47,375,962700.0,489.85,4893.75
2026-04-16 08:00:00,1004329.97,40992.47,375,963337.5,489.85,5531.25
2026-04-16 08:15:00,1005642.47,40992.47,375,964650.0,489.85,6843.75
2026-04-16 08:30:00,1004742.47,40992.47,375,963750.0,489.85,5943.75
2026-04-16 08:45:00,1004967.47,40992.47,375,963975.0,489.85,6168.75
2026-04-16 09:00:00,1006729.97,40992.47,375,965737.5,489.85,7931.25
2026-04-16 09:15:00,1006992.47,40992.47,375,966000.0,489.85,8193.75
2026-04-16 09:30:00,1006804.97,40992.47,375,965812.5,489.85,8006.25
2026-04-16 09:45:00,1005867.47,40992.47,375,964875.0,489.85,7068.75
2026-04-17 03:45:00,1009456.8,363831.8,250,645625.0,466.61,10112.5
2026-04-17 04:00:00,1005247.02,42622.02,375,962625.0,466.61,6468.75
2026-04-17 04:15:00,1007687.66,363812.66,250,643875.0,447.46,8362.5
2026-04-17 04:30:00,1009012.66,363812.66,250,645200.0,447.46,9687.5
2026-04-17 04:45:00,1008687.66,363812.66,250,644875.0,447.46,9362.5
2026-04-17 05:00:00,1008525.08,40950.08,375,967575.0,447.46,9768.75
2026-04-17 05:15:00,1007887.58,40950.08,375,966937.5,447.46,9131.25
2026-04-17 05:30:00,1006987.58,40950.08,375,966037.5,447.46,8231.25
2026-04-17 05:45:00,1005412.58,40950.08,375,964462.5,447.46,6656.25
2026-04-17 06:00:00,1006237.58,40950.08,375,965287.5,447.46,7481.25
2026-04-17 06:15:00,1006612.58,40950.08,375,965662.5,447.46,7856.25
2026-04-17 06:30:00,1009012.58,40950.08,375,968062.5,447.46,10256.25
2026-04-17 06:45:00,1008075.08,40950.08,375,967125.0,447.46,9318.75
2026-04-17 07:00:00,1008075.08,40950.08,375,967125.0,447.46,9318.75
2026-04-17 07:15:00,1007812.58,40950.08,375,966862.5,447.46,9056.25
2026-04-17 07:30:00,1008600.08,40950.08,375,967650.0,447.46,9843.75
2026-04-17 07:45:00,1008037.58,40950.08,375,967087.5,447.46,9281.25
2026-04-17 08:00:00,1007175.08,40950.08,375,966225.0,447.46,8418.75
2026-04-17 08:15:00,1008637.58,40950.08,375,967687.5,447.46,9881.25
2026-04-17 08:30:00,1009500.08,40950.08,375,968550.0,447.46,10743.75
2026-04-17 08:45:00,1008075.08,40950.08,375,967125.0,447.46,9318.75
2026-04-17 09:00:00,1006762.58,40950.08,375,965812.5,447.46,8006.25
2026-04-17 09:15:00,1006762.58,40950.08,375,965812.5,447.46,8006.25
2026-04-17 09:30:00,1009200.08,40950.08,375,968250.0,447.46,10443.75
2026-04-17 09:45:00,1009800.08,40950.08,375,968850.0,447.46,11043.75
2026-04-20 03:45:00,1006029.63,42579.63,375,963450.0,424.22,7293.75
2026-04-20 04:00:00,1007020.27,363770.27,250,643250.0,405.07,7737.5
2026-04-20 04:15:00,1007145.27,363770.27,250,643375.0,405.07,7862.5
2026-04-20 04:30:00,1007495.27,363770.27,250,643725.0,405.07,8212.5
2026-04-20 04:45:00,1006534.09,41734.09,375,964800.0,405.07,7818.75
2026-04-20 05:00:00,1007499.07,363749.07,250,643750.0,383.88,8237.5
2026-04-20 05:15:00,1006625.39,41712.89,375,964912.5,383.88,7931.25
2026-04-20 05:30:00,1007877.88,363727.88,250,644150.0,362.68,8637.5
2026-04-20 05:45:00,1011204.63,363704.63,250,647500.0,339.44,11987.5
2026-04-20 06:00:00,1011404.34,363679.34,250,647725.0,314.14,12212.5
2026-04-20 06:15:00,1011479.34,363679.34,250,647800.0,314.14,12287.5
2026-04-20 06:30:00,1010754.34,363679.34,250,647075.0,314.14,11562.5
2026-04-20 06:45:00,1011429.34,363679.34,250,647750.0,314.14,12237.5
2026-04-20 07:00:00,1011238.97,39163.97,375,972075.0,314.14,12618.75
2026-04-20 07:15:00,1010976.47,39163.97,375,971812.5,314.14,12356.25
2026-04-20 07:30:00,1007788.97,39163.97,375,968625.0,314.14,9168.75
2026-04-20 07:45:00,1008876.47,39163.97,375,969712.5,314.14,10256.25
2026-04-20 08:00:00,1008088.97,39163.97,375,968925.0,314.14,9468.75
2026-04-20 08:15:00,1008088.97,39163.97,375,968925.0,314.14,9468.75
2026-04-20 08:30:00,1008276.47,39163.97,375,969112.5,314.14,9656.25
2026-04-20 08:45:00,1009813.97,39163.97,375,970650.0,314.14,11193.75
2026-04-20 09:00:00,1009251.47,39163.97,375,970087.5,314.14,10631.25
2026-04-20 09:15:00,1010076.47,39163.97,375,970912.5,314.14,11456.25
2026-04-20 09:30:00,1007038.97,39163.97,375,967875.0,314.14,8418.75
2026-04-20 09:45:00,1005126.47,39163.97,375,965962.5,314.14,6506.25
2026-04-21 03:45:00,1003588.97,39163.97,375,964425.0,314.14,4968.75
2026-04-21 04:00:00,1004713.97,39163.97,375,965550.0,314.14,6093.75
2026-04-21 04:15:00,1007488.97,39163.97,375,968325.0,314.14,8868.75
2026-04-21 04:30:00,1010226.47,39163.97,375,971062.5,314.14,11606.25
2026-04-21 04:45:00,1009401.47,39163.97,375,970237.5,314.14,10781.25
2026-04-21 05:00:00,1008388.97,39163.97,375,969225.0,314.14,9768.75
2026-04-21 05:15:00,1009401.47,39163.97,375,970237.5,314.14,10781.25
2026-04-21 05:30:00,1009026.47,39163.97,375,969862.5,314.14,10406.25
2026-04-21 05:45:00,1009813.97,39163.97,375,970650.0,314.14,11193.75
2026-04-21 06:00:00,1013376.47,39163.97,375,974212.5,314.14,14756.25
2026-04-21 06:15:00,1013902.0,363652.0,250,650250.0,286.8,14737.5
2026-04-21 06:30:00,1014689.37,688964.37,125,325725.0,257.41,14981.25
2026-04-21 06:45:00,1014214.37,688964.37,125,325250.0,257.41,14506.25
2026-04-21 07:00:00,1014101.87,688964.37,125,325137.5,257.41,14393.75
2026-04-21 07:15:00,1013397.61,363622.61,250,649775.0,257.41,14262.5
2026-04-21 07:30:00,1013355.84,38280.84,375,975075.0,257.41,14793.75
2026-04-21 07:45:00,1014543.22,363593.22,250,650950.0,228.02,15437.5
2026-04-21 08:00:00,1014318.09,688905.59,125,325412.5,198.63,14668.75
2026-04-21 08:15:00,1014543.09,688905.59,125,325637.5,198.63,14893.75
2026-04-21 08:30:00,1014193.09,688905.59,125,325287.5,198.63,14543.75
2026-04-21 08:45:00,1014443.09,688905.59,125,325537.5,198.63,14793.75
2026-04-21 09:00:00,1014368.09,688905.59,125,325462.5,198.63,14718.75
2026-04-21 09:15:00,1014737.43,362737.43,250,652000.0,198.63,15662.5
2026-04-21 09:30:00,1015111.65,688874.15,125,326237.5,167.19,15493.75
2026-04-21 09:45:00,1015111.65,688874.15,125,326237.5,167.19,15493.75
2026-04-22 03:45:00,1007505.98,47280.98,375,960225.0,167.19,9018.75
2026-04-22 04:00:00,1010700.41,688837.91,125,321862.5,130.95,11118.75
2026-04-22 04:15:00,1009151.73,366801.73,250,642350.0,130.95,10137.5
2026-04-22 04:30:00,1007466.94,45591.94,375,961875.0,130.95,9018.75
2026-04-22 04:45:00,1006641.94,45591.94,375,961050.0,130.95,8193.75
2026-04-22 05:00:00,1006604.44,45591.94,375,961012.5,130.95,8156.25
2026-04-22 05:15:00,1006379.44,45591.94,375,960787.5,130.95,7931.25
2026-04-22 05:30:00,1003566.94,45591.94,375,957975.0,130.95,5118.75
2026-04-22 05:45:00,1003379.44,45591.94,375,957787.5,130.95,4931.25
2026-04-22 06:00:00,996854.44,45591.94,375,951262.5,130.95,-1593.75
2026-04-22 06:15:00,996179.44,45591.94,375,950587.5,130.95,-2268.75
2026-04-22 06:30:00,989691.94,45591.94,375,944100.0,130.95,-8756.25
2026-04-22 06:45:00,986016.94,45591.94,375,940425.0,130.95,-12431.25
2026-04-22 07:00:00,986729.44,45591.94,375,941137.5,130.95,-11718.75
2026-04-22 07:15:00,988866.94,45591.94,375,943275.0,130.95,-9581.25
2026-04-22 07:30:00,991829.44,45591.94,375,946237.5,130.95,-6618.75
2026-04-22 07:45:00,994229.44,45591.94,375,948637.5,130.95,-4218.75
2026-04-22 08:00:00,994341.94,45591.94,375,948750.0,130.95,-4106.25
2026-04-22 08:15:00,1001916.94,45591.94,375,956325.0,130.95,3468.75
2026-04-22 08:30:00,999441.94,45591.94,375,953850.0,130.95,993.75
2026-04-22 08:45:00,999029.44,45591.94,375,953437.5,130.95,581.25
2026-04-22 09:00:00,999816.94,45591.94,375,954225.0,130.95,1368.75
2026-04-22 09:15:00,999966.94,45591.94,375,954375.0,130.95,1518.75
2026-04-22 09:30:00,997529.44,45591.94,375,951937.5,130.95,-918.75
2026-04-22 09:45:00,996329.44,45591.94,375,950737.5,130.95,-2118.75
2026-04-23 03:45:00,996854.44,45591.94,375,951262.5,130.95,-1593.75
2026-04-23 04:00:00,996591.94,45591.94,375,951000.0,130.95,-1856.25
2026-04-23 04:15:00,998804.44,45591.94,375,953212.5,130.95,356.25
2026-04-23 04:30:00,1000716.94,45591.94,375,955125.0,130.95,2268.75
2026-04-23 04:45:00,1002329.44,45591.94,375,956737.5,130.95,3881.25
2026-04-23 05:00:00,1003679.44,45591.94,375,958087.5,130.95,5231.25
2026-04-23 05:15:00,1004804.44,45591.94,375,959212.5,130.95,6356.25
2026-04-23 05:30:00,1002779.44,45591.94,375,957187.5,130.95,4331.25
2026-04-23 05:45:00,1003454.44,45591.94,375,957862.5,130.95,5006.25
2026-04-23 06:00:00,1003454.44,45591.94,375,957862.5,130.95,5006.25
2026-04-23 06:15:00,1002366.94,45591.94,375,956775.0,130.95,3918.75
2026-04-23 06:30:00,1001579.44,45591.94,375,955987.5,130.95,3131.25
2026-04-23 06:45:00,1000041.94,45591.94,375,954450.0,130.95,1593.75
2026-04-23 07:00:00,998954.44,45591.94,375,953362.5,130.95,506.25
2026-04-23 07:15:00,996779.44,45591.94,375,951187.5,130.95,-1668.75
2026-04-23 07:30:00,995916.94,45591.94,375,950325.0,130.95,-2531.25
2026-04-23 07:45:00,998166.94,45591.94,375,952575.0,130.95,-281.25
2026-04-23 08:00:00,995279.44,45591.94,375,949687.5,130.95,-3168.75
2026-04-23 08:15:00,994829.44,45591.94,375,949237.5,130.95,-3618.75
2026-04-23 08:30:00,993291.94,45591.94,375,947700.0,130.95,-5156.25
2026-04-23 08:45:00,992466.94,45591.94,375,946875.0,130.95,-5981.25
2026-04-23 09:00:00,990591.94,45591.94,375,945000.0,130.95,-7856.25
2026-04-23 09:15:00,992354.44,45591.94,375,946762.5,130.95,-6093.75
2026-04-23 09:30:00,991529.44,45591.94,375,945937.5,130.95,-6918.75
2026-04-23 09:45:00,989916.94,45591.94,375,944325.0,130.95,-8531.25
2026-04-24 03:45:00,975262.67,47250.17,375,928012.5,136.39,-23193.75
2026-04-24 04:00:00,973875.17,47250.17,375,926625.0,136.39,-24581.25
2026-04-24 04:15:00,971550.17,47250.17,375,924300.0,136.39,-26906.25
2026-04-24 04:30:00,969825.17,47250.17,375,922575.0,136.39,-28631.25
2026-04-24 04:45:00,969712.67,47250.17,375,922462.5,136.39,-28743.75
2026-04-24 05:00:00,964875.17,47250.17,375,917625.0,136.39,-33581.25
2026-04-24 05:15:00,961612.67,47250.17,375,914362.5,136.39,-36843.75
2026-04-24 05:30:00,962212.67,47250.17,375,914962.5,136.39,-36243.75
2026-04-24 05:45:00,958650.17,47250.17,375,911400.0,136.39,-39806.25
2026-04-24 06:00:00,956250.17,47250.17,375,909000.0,136.39,-42206.25
2026-04-24 06:15:00,951000.17,47250.17,375,903750.0,136.39,-47456.25
2026-04-24 06:30:00,952050.17,47250.17,375,904800.0,136.39,-46406.25
2026-04-24 06:45:00,951375.17,47250.17,375,904125.0,136.39,-47081.25
2026-04-24 07:00:00,948787.67,47250.17,375,901537.5,136.39,-49668.75
2026-04-24 07:15:00,948075.17,47250.17,375,900825.0,136.39,-50381.25
2026-04-24 07:30:00,945712.67,47250.17,375,898462.5,136.39,-52743.75
2026-04-24 07:45:00,946575.17,47250.17,375,899325.0,136.39,-51881.25
2026-04-24 08:00:00,944250.17,47250.17,375,897000.0,136.39,-54206.25
2026-04-24 08:15:00,945675.17,47250.17,375,898425.0,136.39,-52781.25
2026-04-24 08:30:00,944625.17,47250.17,375,897375.0,136.39,-53831.25
2026-04-24 08:45:00,946537.67,47250.17,375,899287.5,136.39,-51918.75
2026-04-24 09:00:00,947175.17,47250.17,375,899925.0,136.39,-51281.25
2026-04-24 09:15:00,946762.67,47250.17,375,899512.5,136.39,-51693.75
2026-04-24 09:30:00,945562.67,47250.17,375,898312.5,136.39,-52893.75
2026-04-24 09:45:00,947625.17,47250.17,375,900375.0,136.39,-50831.25
2026-04-27 03:45:00,956212.67,47250.17,375,908962.5,136.39,-42243.75
2026-04-27 04:00:00,958050.17,47250.17,375,910800.0,136.39,-40406.25
2026-04-27 04:15:00,958575.17,47250.17,375,911325.0,136.39,-39881.25
2026-04-27 04:30:00,957562.67,47250.17,375,910312.5,136.39,-40893.75
2026-04-27 04:45:00,960975.17,47250.17,375,913725.0,136.39,-37481.25
2026-04-27 05:00:00,960300.17,47250.17,375,913050.0,136.39,-38156.25
2026-04-27 05:15:00,960375.17,47250.17,375,913125.0,136.39,-38081.25
2026-04-27 05:30:00,962212.67,47250.17,375,914962.5,136.39,-36243.75
2026-04-27 05:45:00,960450.17,47250.17,375,913200.0,136.39,-38006.25
2026-04-27 06:00:00,961612.67,47250.17,375,914362.5,136.39,-36843.75
2026-04-27 06:15:00,963412.67,47250.17,375,916162.5,136.39,-35043.75
2026-04-27 06:30:00,965962.67,47250.17,375,918712.5,136.39,-32493.75
2026-04-27 06:45:00,966150.17,47250.17,375,918900.0,136.39,-32306.25
2026-04-27 07:00:00,965512.67,47250.17,375,918262.5,136.39,-32943.75
2026-04-27 07:15:00,965587.67,47250.17,375,918337.5,136.39,-32868.75
2026-04-27 07:30:00,965662.67,47250.17,375,918412.5,136.39,-32793.75
2026-04-27 07:45:00,964200.17,47250.17,375,916950.0,136.39,-34256.25
2026-04-27 08:00:00,964012.67,47250.17,375,916762.5,136.39,-34443.75
2026-04-27 08:15:00,964650.17,47250.17,375,917400.0,136.39,-33806.25
2026-04-27 08:30:00,965137.67,47250.17,375,917887.5,136.39,-33318.75
2026-04-27 08:45:00,963637.67,47250.17,375,916387.5,136.39,-34818.75
2026-04-27 09:00:00,967725.17,47250.17,375,920475.0,136.39,-30731.25
2026-04-27 09:15:00,966037.67,47250.17,375,918787.5,136.39,-32418.75
2026-04-27 09:30:00,965175.17,47250.17,375,917925.0,136.39,-33281.25
2026-04-27 09:45:00,965250.17,47250.17,375,918000.0,136.39,-33206.25
2026-04-28 03:45:00,969600.17,47250.17,375,922350.0,136.39,-28856.25
2026-04-28 04:00:00,969337.67,47250.17,375,922087.5,136.39,-29118.75
2026-04-28 04:15:00,975787.67,47250.17,375,928537.5,136.39,-22668.75
2026-04-28 04:30:00,976674.96,356899.96,250,619775.0,145.92,-22337.5
2026-04-28 04:45:00,977199.96,356899.96,250,620300.0,145.92,-21812.5
2026-04-28 05:00:00,974672.21,47259.71,375,927412.5,145.92,-23793.75
2026-04-28 05:15:00,974184.71,47259.71,375,926925.0,145.92,-24281.25
2026-04-28 05:30:00,972722.21,47259.71,375,925462.5,145.92,-25743.75
2026-04-28 05:45:00,971447.21,47259.71,375,924187.5,145.92,-27018.75
2026-04-28 06:00:00,972797.21,47259.71,375,925537.5,145.92,-25668.75
2026-04-28 06:15:00,969759.71,47259.71,375,922500.0,145.92,-28706.25
2026-04-28 06:30:00,967097.21,47259.71,375,919837.5,145.92,-31368.75
2026-04-28 06:45:00,966384.71,47259.71,375,919125.0,145.92,-32081.25
2026-04-28 07:00:00,963984.71,47259.71,375,916725.0,145.92,-34481.25
2026-04-28 07:15:00,961472.21,47259.71,375,914212.5,145.92,-36993.75
2026-04-28 07:30:00,962184.71,47259.71,375,914925.0,145.92,-36281.25
2026-04-28 07:45:00,960834.71,47259.71,375,913575.0,145.92,-37631.25
2026-04-28 08:00:00,960309.71,47259.71,375,913050.0,145.92,-38156.25
2026-04-28 08:15:00,960384.71,47259.71,375,913125.0,145.92,-38081.25
2026-04-28 08:30:00,960272.21,47259.71,375,913012.5,145.92,-38193.75
2026-04-28 08:45:00,960159.71,47259.71,375,912900.0,145.92,-38306.25
2026-04-28 09:00:00,962447.21,47259.71,375,915187.5,145.92,-36018.75
2026-04-28 09:15:00,965484.71,47259.71,375,918225.0,145.92,-32981.25
2026-04-28 09:30:00,963122.21,47259.71,375,915862.5,145.92,-35343.75
2026-04-28 09:45:00,966272.21,47259.71,375,919012.5,145.92,-32193.75
2026-04-29 03:45:00,967397.21,47259.71,375,920137.5,145.92,-31068.75
2026-04-29 04:00:00,970434.71,47259.71,375,923175.0,145.92,-28031.25
2026-04-29 04:15:00,972759.49,356909.49,250,615850.0,155.46,-26262.5
2026-04-29 04:30:00,975421.08,356921.08,250,618500.0,167.05,-23612.5
2026-04-29 04:45:00,975146.08,356921.08,250,618225.0,167.05,-23887.5
2026-04-29 05:00:00,974896.08,356921.08,250,617975.0,167.05,-24137.5
2026-04-29 05:15:00,976930.62,356930.62,250,620000.0,176.59,-22112.5
2026-04-29 05:30:00,976463.97,46463.97,375,930000.0,176.59,-22031.25
2026-04-29 05:45:00,973951.47,46463.97,375,927487.5,176.59,-24543.75
2026-04-29 06:00:00,974888.97,46463.97,375,928425.0,176.59,-23606.25
2026-04-29 06:15:00,975488.97,46463.97,375,929025.0,176.59,-23006.25
2026-04-29 06:30:00,976876.47,46463.97,375,930412.5,176.59,-21618.75
2026-04-29 06:45:00,977213.97,46463.97,375,930750.0,176.59,-21281.25
2026-04-29 07:00:00,978188.11,356938.11,250,621250.0,184.07,-20862.5
2026-04-29 07:15:00,978313.11,356938.11,250,621375.0,184.07,-20737.5
2026-04-29 07:30:00,978263.11,356938.11,250,621325.0,184.07,-20787.5
2026-04-29 07:45:00,977088.11,356938.11,250,620150.0,184.07,-21962.5
2026-04-29 08:00:00,974822.86,47297.86,375,927525.0,184.07,-23681.25
2026-04-29 08:15:00,975835.36,47297.86,375,928537.5,184.07,-22668.75
2026-04-29 08:30:00,973585.36,47297.86,375,926287.5,184.07,-24918.75
2026-04-29 08:45:00,973547.86,47297.86,375,926250.0,184.07,-24956.25
2026-04-29 09:00:00,976660.36,47297.86,375,929362.5,184.07,-21843.75
2026-04-29 09:15:00,975160.36,47297.86,375,927862.5,184.07,-23343.75
2026-04-29 09:30:00,974860.36,47297.86,375,927562.5,184.07,-23643.75
2026-04-29 09:45:00,971672.86,47297.86,375,924375.0,184.07,-26831.25
2026-04-30 03:45:00,968072.86,47297.86,375,920775.0,184.07,-30431.25
2026-04-30 04:00:00,973547.86,47297.86,375,926250.0,184.07,-24956.25
2026-04-30 04:15:00,975160.36,47297.86,375,927862.5,184.07,-23343.75
2026-04-30 04:30:00,973922.86,47297.86,375,926625.0,184.07,-24581.25
2026-04-30 04:45:00,973472.86,47297.86,375,926175.0,184.07,-25031.25
2026-04-30 05:00:00,970660.36,47297.86,375,923362.5,184.07,-27843.75
2026-04-30 05:15:00,967585.36,47297.86,375,920287.5,184.07,-30918.75
2026-04-30 05:30:00,967210.36,47297.86,375,919912.5,184.07,-31293.75
2026-04-30 05:45:00,964210.36,47297.86,375,916912.5,184.07,-34293.75
2026-04-30 06:00:00,962747.86,47297.86,375,915450.0,184.07,-35756.25
2026-04-30 06:15:00,967097.86,47297.86,375,919800.0,184.07,-31406.25
2026-04-30 06:30:00,968710.36,47297.86,375,921412.5,184.07,-29793.75
2026-04-30 06:45:00,969985.36,47297.86,375,922687.5,184.07,-28518.75
2026-04-30 07:00:00,974672.86,47297.86,375,927375.0,184.07,-23831.25
2026-04-30 07:15:00,973585.36,47297.86,375,926287.5,184.07,-24918.75
2026-04-30 07:30:00,973060.36,47297.86,375,925762.5,184.07,-25443.75
2026-04-30 07:45:00,973660.36,47297.86,375,926362.5,184.07,-24843.75
2026-04-30 08:00:00,977147.64,356947.64,250,620200.0,193.61,-21912.5
2026-04-30 08:15:00,977531.0,46481.0,375,931050.0,193.61,-20981.25
2026-04-30 08:30:00,977030.13,356955.13,250,620075.0,201.1,-22037.5
2026-04-30 08:45:00,975364.88,47314.88,375,928050.0,201.1,-23156.25
2026-04-30 09:00:00,979464.67,356964.67,250,622500.0,210.64,-19612.5
2026-04-30 09:15:00,975035.53,46498.03,375,928537.5,210.64,-23493.75
2026-04-30 09:30:00,973873.03,46498.03,375,927375.0,210.64,-24656.25
2026-04-30 09:45:00,974548.03,46498.03,375,928050.0,210.64,-23981.25
2026-05-04 03:45:00,971073.6,49811.1,375,921262.5,218.13,-27468.75
2026-05-04 04:00:00,972762.84,356987.84,250,615775.0,233.81,-26337.5
2026-05-04 04:15:00,972737.89,49000.39,375,923737.5,233.81,-25818.75
2026-05-04 04:30:00,967375.39,49000.39,375,918375.0,233.81,-31181.25
2026-05-04 04:45:00,967600.39,49000.39,375,918600.0,233.81,-30956.25
2026-05-04 05:00:00,966212.89,49000.39,375,917212.5,233.81,-32343.75
2026-05-04 05:15:00,965500.39,49000.39,375,916500.0,233.81,-33056.25
2026-05-04 05:30:00,966100.39,49000.39,375,917100.0,233.81,-32456.25
2026-05-04 05:45:00,964562.89,49000.39,375,915562.5,233.81,-33993.75
2026-05-04 06:00:00,962837.89,49000.39,375,913837.5,233.81,-35718.75
2026-05-04 06:15:00,963287.89,49000.39,375,914287.5,233.81,-35268.75
2026-05-04 06:30:00,962387.89,49000.39,375,913387.5,233.81,-36168.75
2026-05-04 06:45:00,961675.39,49000.39,375,912675.0,233.81,-36881.25
2026-05-04 07:00:00,959237.89,49000.39,375,910237.5,233.81,-39318.75
2026-05-04 07:15:00,960437.89,49000.39,375,911437.5,233.81,-38118.75
2026-05-04 07:30:00,960325.39,49000.39,375,911325.0,233.81,-38231.25
2026-05-04 07:45:00,959087.89,49000.39,375,910087.5,233.81,-39468.75
2026-05-04 08:00:00,959725.39,49000.39,375,910725.0,233.81,-38831.25
2026-05-04 08:15:00,959875.39,49000.39,375,910875.0,233.81,-38681.25
2026-05-04 08:30:00,960737.89,49000.39,375,911737.5,233.81,-37818.75
2026-05-04 08:45:00,962650.39,49000.39,375,913650.0,233.81,-35906.25
2026-05-04 09:00:00,962462.89,49000.39,375,913462.5,233.81,-36093.75
2026-05-04 09:15:00,961562.89,49000.39,375,912562.5,233.81,-36993.75
2026-05-04 09:30:00,961225.39,49000.39,375,912225.0,233.81,-37331.25
2026-05-04 09:45:00,960250.39,49000.39,375,911250.0,233.81,-38306.25
2026-05-05 03:45:00,962687.89,49000.39,375,913687.5,233.81,-35868.75
2026-05-05 04:00:00,962912.89,49000.39,375,913912.5,233.81,-35643.75
2026-05-05 04:15:00,967225.39,49000.39,375,918225.0,233.81,-31331.25
2026-05-05 04:30:00,966212.89,49000.39,375,917212.5,233.81,-32343.75
2026-05-05 04:45:00,966550.39,49000.39,375,917550.0,233.81,-32006.25
2026-05-05 05:00:00,966062.89,49000.39,375,917062.5,233.81,-32493.75
2026-05-05 05:15:00,964637.89,49000.39,375,915637.5,233.81,-33918.75
2026-05-05 05:30:00,964375.39,49000.39,375,915375.0,233.81,-34181.25
2026-05-05 05:45:00,962762.89,49000.39,375,913762.5,233.81,-35793.75
2026-05-05 06:00:00,961900.39,49000.39,375,912900.0,233.81,-36656.25
2026-05-05 06:15:00,962012.89,49000.39,375,913012.5,233.81,-36543.75
2026-05-05 06:30:00,963362.89,49000.39,375,914362.5,233.81,-35193.75
2026-05-05 06:45:00,963212.89,49000.39,375,914212.5,233.81,-35343.75
2026-05-05 07:00:00,963250.39,49000.39,375,914250.0,233.81,-35306.25
2026-05-05 07:15:00,958937.89,49000.39,375,909937.5,233.81,-39618.75
2026-05-05 07:30:00,958375.39,49000.39,375,909375.0,233.81,-40181.25
2026-05-05 07:45:00,956125.39,49000.39,375,907125.0,233.81,-42431.25
2026-05-05 08:00:00,958825.39,49000.39,375,909825.0,233.81,-39731.25
2026-05-05 08:15:00,957175.39,49000.39,375,908175.0,233.81,-41381.25
2026-05-05 08:30:00,957287.89,49000.39,375,908287.5,233.81,-41268.75
2026-05-05 08:45:00,959237.89,49000.39,375,910237.5,233.81,-39318.75
2026-05-05 09:00:00,958900.39,49000.39,375,909900.0,233.81,-39656.25
2026-05-05 09:15:00,956837.89,49000.39,375,907837.5,233.81,-41718.75
2026-05-05 09:30:00,960250.39,49000.39,375,911250.0,233.81,-38306.25
2026-05-05 09:45:00,961000.39,49000.39,375,912000.0,233.81,-37556.25
2026-05-06 03:45:00,973126.48,357001.48,250,616125.0,247.44,-25987.5
2026-05-06 04:00:00,967654.31,50666.81,375,916987.5,247.44,-30918.75
2026-05-06 04:15:00,969229.31,50666.81,375,918562.5,247.44,-29343.75
2026-05-06 04:30:00,970394.21,357019.21,250,613375.0,265.18,-28737.5
2026-05-06 04:45:00,966134.54,50684.54,375,915450.0,265.18,-32456.25
2026-05-06 05:00:00,964559.54,50684.54,375,913875.0,265.18,-34031.25
2026-05-06 05:15:00,962684.54,50684.54,375,912000.0,265.18,-35906.25
2026-05-06 05:30:00,961297.04,50684.54,375,910612.5,265.18,-37293.75
2026-05-06 05:45:00,960697.04,50684.54,375,910012.5,265.18,-37893.75
2026-05-06 06:00:00,960584.54,50684.54,375,909900.0,265.18,-38006.25
2026-05-06 06:15:00,960397.04,50684.54,375,909712.5,265.18,-38193.75
2026-05-06 06:30:00,958372.04,50684.54,375,907687.5,265.18,-40218.75
2026-05-06 06:45:00,958559.54,50684.54,375,907875.0,265.18,-40031.25
2026-05-06 07:00:00,957772.04,50684.54,375,907087.5,265.18,-40818.75
2026-05-06 07:15:00,956084.54,50684.54,375,905400.0,265.18,-42506.25
2026-05-06 07:30:00,956759.54,50684.54,375,906075.0,265.18,-41831.25
2026-05-06 07:45:00,958259.54,50684.54,375,907575.0,265.18,-40331.25
2026-05-06 08:00:00,959047.04,50684.54,375,908362.5,265.18,-39543.75
2026-05-06 08:15:00,955334.54,50684.54,375,904650.0,265.18,-43256.25
2026-05-06 08:30:00,955409.54,50684.54,375,904725.0,265.18,-43181.25
2026-05-06 08:45:00,963397.04,50684.54,375,912712.5,265.18,-35193.75
2026-05-06 09:00:00,962234.54,50684.54,375,911550.0,265.18,-36356.25
2026-05-06 09:15:00,963097.04,50684.54,375,912412.5,265.18,-35493.75
2026-05-06 09:30:00,962309.54,50684.54,375,911625.0,265.18,-36281.25
2026-05-06 09:45:00,964559.54,50684.54,375,913875.0,265.18,-34031.25
2026-05-07 03:45:00,953234.54,50684.54,375,902550.0,265.18,-45356.25
2026-05-07 04:00:00,956422.04,50684.54,375,905737.5,265.18,-42168.75
2026-05-07 04:15:00,956159.54,50684.54,375,905475.0,265.18,-42431.25
2026-05-07 04:30:00,955072.04,50684.54,375,904387.5,265.18,-43518.75
2026-05-07 04:45:00,954884.54,50684.54,375,904200.0,265.18,-43706.25
2026-05-07 05:00:00,955184.54,50684.54,375,904500.0,265.18,-43406.25
2026-05-07 05:15:00,955372.04,50684.54,375,904687.5,265.18,-43218.75
2026-05-07 05:30:00,953834.54,50684.54,375,903150.0,265.18,-44756.25
2026-05-07 05:45:00,952297.04,50684.54,375,901612.5,265.18,-46293.75
2026-05-07 06:00:00,951284.54,50684.54,375,900600.0,265.18,-47306.25
2026-05-07 06:15:00,953009.54,50684.54,375,902325.0,265.18,-45581.25
2026-05-07 06:30:00,952297.04,50684.54,375,901612.5,265.18,-46293.75
2026-05-07 06:45:00,954022.04,50684.54,375,903337.5,265.18,-44568.75
2026-05-07 07:00:00,956309.54,50684.54,375,905625.0,265.18,-42281.25
2026-05-07 07:15:00,955147.04,50684.54,375,904462.5,265.18,-43443.75
2026-05-07 07:30:00,955372.04,50684.54,375,904687.5,265.18,-43218.75
2026-05-07 07:45:00,954284.54,50684.54,375,903600.0,265.18,-44306.25
2026-05-07 08:00:00,954022.04,50684.54,375,903337.5,265.18,-44568.75
2026-05-07 08:15:00,954097.04,50684.54,375,903412.5,265.18,-44493.75
2026-05-07 08:30:00,952297.04,50684.54,375,901612.5,265.18,-46293.75
2026-05-07 08:45:00,952559.54,50684.54,375,901875.0,265.18,-46031.25
2026-05-07 09:00:00,952559.54,50684.54,375,901875.0,265.18,-46031.25
2026-05-07 09:15:00,951509.54,50684.54,375,900825.0,265.18,-47081.25
2026-05-07 09:30:00,950684.54,50684.54,375,900000.0,265.18,-47906.25
2026-05-07 09:45:00,951809.54,50684.54,375,901125.0,265.18,-46781.25
2026-05-08 03:45:00,952372.04,50684.54,375,901687.5,265.18,-46218.75
2026-05-08 04:00:00,948097.04,50684.54,375,897412.5,265.18,-50493.75
2026-05-08 04:15:00,946972.04,50684.54,375,896287.5,265.18,-51618.75
2026-05-08 04:30:00,945022.04,50684.54,375,894337.5,265.18,-53568.75
2026-05-08 04:45:00,944984.54,50684.54,375,894300.0,265.18,-53606.25
2026-05-08 05:00:00,945022.04,50684.54,375,894337.5,265.18,-53568.75
2026-05-08 05:15:00,943184.54,50684.54,375,892500.0,265.18,-55406.25
2026-05-08 05:30:00,943447.04,50684.54,375,892762.5,265.18,-55143.75
2026-05-08 05:45:00,941947.04,50684.54,375,891262.5,265.18,-56643.75
2026-05-08 06:00:00,942509.54,50684.54,375,891825.0,265.18,-56081.25
2026-05-08 06:15:00,942509.54,50684.54,375,891825.0,265.18,-56081.25
2026-05-08 06:30:00,942059.54,50684.54,375,891375.0,265.18,-56531.25
2026-05-08 06:45:00,942959.54,50684.54,375,892275.0,265.18,-55631.25
2026-05-08 07:00:00,942434.54,50684.54,375,891750.0,265.18,-56156.25
2026-05-08 07:15:00,943184.54,50684.54,375,892500.0,265.18,-55406.25
2026-05-08 07:30:00,945172.04,50684.54,375,894487.5,265.18,-53418.75
2026-05-08 07:45:00,946147.04,50684.54,375,895462.5,265.18,-52443.75
2026-05-08 08:00:00,944309.54,50684.54,375,893625.0,265.18,-54281.25
2026-05-08 08:15:00,943147.04,50684.54,375,892462.5,265.18,-55443.75
2026-05-08 08:30:00,944609.54,50684.54,375,893925.0,265.18,-53981.25
2026-05-08 08:45:00,945509.54,50684.54,375,894825.0,265.18,-53081.25
2026-05-08 09:00:00,948622.04,50684.54,375,897937.5,265.18,-49968.75
2026-05-08 09:15:00,950009.54,50684.54,375,899325.0,265.18,-48581.25
2026-05-08 09:30:00,948809.54,50684.54,375,898125.0,265.18,-49781.25
2026-05-08 09:45:00,949634.54,50684.54,375,898950.0,265.18,-48956.25
2026-05-11 03:45:00,946034.54,50684.54,375,895350.0,265.18,-52556.25
2026-05-11 04:00:00,945059.54,50684.54,375,894375.0,265.18,-53531.25
2026-05-11 04:15:00,947497.04,50684.54,375,896812.5,265.18,-51093.75
2026-05-11 04:30:00,945809.54,50684.54,375,895125.0,265.18,-52781.25
2026-05-11 04:45:00,946522.04,50684.54,375,895837.5,265.18,-52068.75
2026-05-11 05:00:00,950534.54,50684.54,375,899850.0,265.18,-48056.25
2026-05-11 05:15:00,952409.54,50684.54,375,901725.0,265.18,-46181.25
2026-05-11 05:30:00,953309.54,50684.54,375,902625.0,265.18,-45281.25
2026-05-11 05:45:00,952784.54,50684.54,375,902100.0,265.18,-45806.25
2026-05-11 06:00:00,952747.04,50684.54,375,902062.5,265.18,-45843.75
2026-05-11 06:15:00,952897.04,50684.54,375,902212.5,265.18,-45693.75
2026-05-11 06:30:00,951434.54,50684.54,375,900750.0,265.18,-47156.25
2026-05-11 06:45:00,954434.54,50684.54,375,903750.0,265.18,-44156.25
2026-05-11 07:00:00,955859.54,50684.54,375,905175.0,265.18,-42731.25
2026-05-11 07:15:00,952784.54,50684.54,375,902100.0,265.18,-45806.25
2026-05-11 07:30:00,954397.04,50684.54,375,903712.5,265.18,-44193.75
2026-05-11 07:45:00,954022.04,50684.54,375,903337.5,265.18,-44568.75
2026-05-11 08:00:00,951622.04,50684.54,375,900937.5,265.18,-46968.75
2026-05-11 08:15:00,951659.54,50684.54,375,900975.0,265.18,-46931.25
2026-05-11 08:30:00,952072.04,50684.54,375,901387.5,265.18,-46518.75
2026-05-11 08:45:00,950647.04,50684.54,375,899962.5,265.18,-47943.75
2026-05-11 09:00:00,950347.04,50684.54,375,899662.5,265.18,-48243.75
2026-05-11 09:15:00,950159.54,50684.54,375,899475.0,265.18,-48431.25
2026-05-11 09:30:00,947722.04,50684.54,375,897037.5,265.18,-50868.75
2026-05-11 09:45:00,950684.54,50684.54,375,900000.0,265.18,-47906.25
2026-05-12 03:45:00,918922.04,50684.54,375,868237.5,265.18,-79668.75
2026-05-12 04:00:00,917497.04,50684.54,375,866812.5,265.18,-81093.75
2026-05-12 04:15:00,913559.54,50684.54,375,862875.0,265.18,-85031.25
2026-05-12 04:30:00,913559.54,50684.54,375,862875.0,265.18,-85031.25
2026-05-12 04:45:00,909734.54,50684.54,375,859050.0,265.18,-88856.25
2026-05-12 05:00:00,910447.04,50684.54,375,859762.5,265.18,-88143.75
2026-05-12 05:15:00,911722.04,50684.54,375,861037.5,265.18,-86868.75
2026-05-12 05:30:00,909847.04,50684.54,375,859162.5,265.18,-88743.75
2026-05-12 05:45:00,909772.04,50684.54,375,859087.5,265.18,-88818.75
2026-05-12 06:00:00,912059.54,50684.54,375,861375.0,265.18,-86531.25
2026-05-12 06:15:00,913859.54,50684.54,375,863175.0,265.18,-84731.25
2026-05-12 06:30:00,907972.04,50684.54,375,857287.5,265.18,-90618.75
2026-05-12 06:45:00,909697.04,50684.54,375,859012.5,265.18,-88893.75
2026-05-12 07:00:00,913184.54,50684.54,375,862500.0,265.18,-85406.25
2026-05-12 07:15:00,912659.54,50684.54,375,861975.0,265.18,-85931.25
2026-05-12 07:30:00,914234.54,50684.54,375,863550.0,265.18,-84356.25
2026-05-12 07:45:00,913897.04,50684.54,375,863212.5,265.18,-84693.75
2026-05-12 08:00:00,912022.04,50684.54,375,861337.5,265.18,-86568.75
2026-05-12 08:15:00,912097.04,50684.54,375,861412.5,265.18,-86493.75
2026-05-12 08:30:00,911159.54,50684.54,375,860475.0,265.18,-87431.25
2026-05-12 08:45:00,913072.04,50684.54,375,862387.5,265.18,-85518.75
2026-05-12 09:00:00,912247.04,50684.54,375,861562.5,265.18,-86343.75
2026-05-12 09:15:00,913034.54,50684.54,375,862350.0,265.18,-85556.25
2026-05-12 09:30:00,912809.54,50684.54,375,862125.0,265.18,-85781.25
2026-05-12 09:45:00,914497.04,50684.54,375,863812.5,265.18,-84093.75
2026-05-13 03:45:00,912659.54,50684.54,375,861975.0,265.18,-85931.25
2026-05-13 04:00:00,910559.54,50684.54,375,859875.0,265.18,-88031.25
2026-05-13 04:15:00,910747.04,50684.54,375,860062.5,265.18,-87843.75
2026-05-13 04:30:00,911609.54,50684.54,375,860925.0,265.18,-86981.25
2026-05-13 04:45:00,909884.54,50684.54,375,859200.0,265.18,-88706.25
2026-05-13 05:00:00,909997.04,50684.54,375,859312.5,265.18,-88593.75
2026-05-13 05:15:00,908122.04,50684.54,375,857437.5,265.18,-90468.75
2026-05-13 05:30:00,908272.04,50684.54,375,857587.5,265.18,-90318.75
2026-05-13 05:45:00,909247.04,50684.54,375,858562.5,265.18,-89343.75
2026-05-13 06:00:00,910634.54,50684.54,375,859950.0,265.18,-87956.25
2026-05-13 06:15:00,906247.04,50684.54,375,855562.5,265.18,-92343.75
2026-05-13 06:30:00,908384.54,50684.54,375,857700.0,265.18,-90206.25
2026-05-13 06:45:00,906322.04,50684.54,375,855637.5,265.18,-92268.75
2026-05-13 07:00:00,904972.04,50684.54,375,854287.5,265.18,-93618.75
2026-05-13 07:15:00,907409.54,50684.54,375,856725.0,265.18,-91181.25
2026-05-13 07:30:00,905759.54,50684.54,375,855075.0,265.18,-92831.25
2026-05-13 07:45:00,903547.04,50684.54,375,852862.5,265.18,-95043.75
2026-05-13 08:00:00,904372.04,50684.54,375,853687.5,265.18,-94218.75
2026-05-13 08:15:00,905122.04,50684.54,375,854437.5,265.18,-93468.75
2026-05-13 08:30:00,907447.04,50684.54,375,856762.5,265.18,-91143.75
2026-05-13 08:45:00,905309.54,50684.54,375,854625.0,265.18,-93281.25
2026-05-13 09:00:00,905609.54,50684.54,375,854925.0,265.18,-92981.25
2026-05-13 09:15:00,905684.54,50684.54,375,855000.0,265.18,-92906.25
2026-05-13 09:30:00,902834.54,50684.54,375,852150.0,265.18,-95756.25
2026-05-13 09:45:00,903434.54,50684.54,375,852750.0,265.18,-95156.25
2026-05-14 03:45:00,896347.04,50684.54,375,845662.5,265.18,-102243.75
2026-05-14 04:00:00,888659.54,50684.54,375,837975.0,265.18,-109931.25
2026-05-14 04:15:00,887384.54,50684.54,375,836700.0,265.18,-111206.25
2026-05-14 04:30:00,890647.04,50684.54,375,839962.5,265.18,-107943.75
2026-05-14 04:45:00,888022.04,50684.54,375,837337.5,265.18,-110568.75
2026-05-14 05:00:00,887684.54,50684.54,375,837000.0,265.18,-110906.25
2026-05-14 05:15:00,883972.04,50684.54,375,833287.5,265.18,-114618.75
2026-05-14 05:30:00,886559.54,50684.54,375,835875.0,265.18,-112031.25
2026-05-14 05:45:00,889409.54,50684.54,375,838725.0,265.18,-109181.25
2026-05-14 06:00:00,886972.04,50684.54,375,836287.5,265.18,-111618.75
2026-05-14 06:15:00,885997.04,50684.54,375,835312.5,265.18,-112593.75
2026-05-14 06:30:00,882884.54,50684.54,375,832200.0,265.18,-115706.25
2026-05-14 06:45:00,883222.04,50684.54,375,832537.5,265.18,-115368.75
2026-05-14 07:00:00,881722.04,50684.54,375,831037.5,265.18,-116868.75
2026-05-14 07:15:00,881122.04,50684.54,375,830437.5,265.18,-117468.75
2026-05-14 07:30:00,890047.04,50684.54,375,839362.5,265.18,-108543.75
2026-05-14 07:45:00,892559.54,50684.54,375,841875.0,265.18,-106031.25
2026-05-14 08:00:00,892934.54,50684.54,375,842250.0,265.18,-105656.25
2026-05-14 08:15:00,895184.54,50684.54,375,844500.0,265.18,-103406.25
2026-05-14 08:30:00,894284.54,50684.54,375,843600.0,265.18,-104306.25
2026-05-14 08:45:00,894922.04,50684.54,375,844237.5,265.18,-103668.75
2026-05-14 09:00:00,893309.54,50684.54,375,842625.0,265.18,-105281.25
2026-05-14 09:15:00,894022.04,50684.54,375,843337.5,265.18,-104568.75
2026-05-14 09:30:00,892934.54,50684.54,375,842250.0,265.18,-105656.25
2026-05-14 09:45:00,894397.04,50684.54,375,843712.5,265.18,-104193.75
2026-05-15 03:45:00,912959.54,50684.54,375,862275.0,265.18,-85631.25
2026-05-15 04:00:00,911609.54,50684.54,375,860925.0,265.18,-86981.25
2026-05-15 04:15:00,910334.54,50684.54,375,859650.0,265.18,-88256.25
2026-05-15 04:30:00,909434.54,50684.54,375,858750.0,265.18,-89156.25
2026-05-15 04:45:00,908422.04,50684.54,375,857737.5,265.18,-90168.75
2026-05-15 05:00:00,910559.54,50684.54,375,859875.0,265.18,-88031.25
2026-05-15 05:15:00,910372.04,50684.54,375,859687.5,265.18,-88218.75
2026-05-15 05:30:00,905497.04,50684.54,375,854812.5,265.18,-93093.75
2026-05-15 05:45:00,906697.04,50684.54,375,856012.5,265.18,-91893.75
2026-05-15 06:00:00,906584.54,50684.54,375,855900.0,265.18,-92006.25
2026-05-15 06:15:00,906097.04,50684.54,375,855412.5,265.18,-92493.75
2026-05-15 06:30:00,907559.54,50684.54,375,856875.0,265.18,-91031.25
2026-05-15 06:45:00,905722.04,50684.54,375,855037.5,265.18,-92868.75
2026-05-15 07:00:00,908422.04,50684.54,375,857737.5,265.18,-90168.75
2026-05-15 07:15:00,907147.04,50684.54,375,856462.5,265.18,-91443.75
2026-05-15 07:30:00,907484.54,50684.54,375,856800.0,265.18,-91106.25
2026-05-15 07:45:00,905722.04,50684.54,375,855037.5,265.18,-92868.75
2026-05-15 08:00:00,904034.54,50684.54,375,853350.0,265.18,-94556.25
2026-05-15 08:15:00,902272.04,50684.54,375,851587.5,265.18,-96318.75
2026-05-15 08:30:00,902497.04,50684.54,375,851812.5,265.18,-96093.75
2026-05-15 08:45:00,902309.54,50684.54,375,851625.0,265.18,-96281.25
2026-05-15 09:00:00,901072.04,50684.54,375,850387.5,265.18,-97518.75
2026-05-15 09:15:00,900097.04,50684.54,375,849412.5,265.18,-98493.75
2026-05-15 09:30:00,899609.54,50684.54,375,848925.0,265.18,-98981.25
2026-05-15 09:45:00,900809.54,50684.54,375,850125.0,265.18,-97781.25
2026-05-18 03:45:00,900134.54,50684.54,375,849450.0,265.18,-98456.25
2026-05-18 04:00:00,899197.04,50684.54,375,848512.5,265.18,-99393.75
2026-05-18 04:15:00,898409.54,50684.54,375,847725.0,265.18,-100181.25
2026-05-18 04:30:00,896197.04,50684.54,375,845512.5,265.18,-102393.75
2026-05-18 04:45:00,896422.04,50684.54,375,845737.5,265.18,-102168.75
2026-05-18 05:00:00,900697.04,50684.54,375,850012.5,265.18,-97893.75
2026-05-18 05:15:00,904559.54,50684.54,375,853875.0,265.18,-94031.25
2026-05-18 05:30:00,899722.04,50684.54,375,849037.5,265.18,-98868.75
2026-05-18 05:45:00,900997.04,50684.54,375,850312.5,265.18,-97593.75
2026-05-18 06:00:00,901409.54,50684.54,375,850725.0,265.18,-97181.25
2026-05-18 06:15:00,900247.04,50684.54,375,849562.5,265.18,-98343.75
2026-05-18 06:30:00,905009.54,50684.54,375,854325.0,265.18,-93581.25
2026-05-18 06:45:00,903809.54,50684.54,375,853125.0,265.18,-94781.25
2026-05-18 07:00:00,905309.54,50684.54,375,854625.0,265.18,-93281.25
2026-05-18 07:15:00,907184.54,50684.54,375,856500.0,265.18,-91406.25
2026-05-18 07:30:00,908272.04,50684.54,375,857587.5,265.18,-90318.75
2026-05-18 07:45:00,908422.04,50684.54,375,857737.5,265.18,-90168.75
2026-05-18 08:00:00,905497.04,50684.54,375,854812.5,265.18,-93093.75
2026-05-18 08:15:00,906547.04,50684.54,375,855862.5,265.18,-92043.75
2026-05-18 08:30:00,905722.04,50684.54,375,855037.5,265.18,-92868.75
2026-05-18 08:45:00,905872.04,50684.54,375,855187.5,265.18,-92718.75
2026-05-18 09:00:00,905497.04,50684.54,375,854812.5,265.18,-93093.75
2026-05-18 09:15:00,905534.54,50684.54,375,854850.0,265.18,-93056.25
2026-05-18 09:30:00,906247.04,50684.54,375,855562.5,265.18,-92343.75
2026-05-18 09:45:00,909397.04,50684.54,375,858712.5,265.18,-89193.75
2026-05-19 03:45:00,932572.04,50684.54,375,881887.5,265.18,-66018.75
2026-05-19 04:00:00,933322.04,50684.54,375,882637.5,265.18,-65268.75
2026-05-19 04:15:00,931222.04,50684.54,375,880537.5,265.18,-67368.75
2026-05-19 04:30:00,933659.54,50684.54,375,882975.0,265.18,-64931.25
2026-05-19 04:45:00,931034.54,50684.54,375,880350.0,265.18,-67556.25
2026-05-19 05:00:00,934934.54,50684.54,375,884250.0,265.18,-63656.25
2026-05-19 05:15:00,932834.54,50684.54,375,882150.0,265.18,-65756.25
2026-05-19 05:30:00,937184.54,50684.54,375,886500.0,265.18,-61406.25
2026-05-19 05:45:00,936697.04,50684.54,375,886012.5,265.18,-61893.75
2026-05-19 06:00:00,935684.54,50684.54,375,885000.0,265.18,-62906.25
2026-05-19 06:15:00,932347.04,50684.54,375,881662.5,265.18,-66243.75
2026-05-19 06:30:00,930434.54,50684.54,375,879750.0,265.18,-68156.25
2026-05-19 06:45:00,927922.04,50684.54,375,877237.5,265.18,-70668.75
2026-05-19 07:00:00,926872.04,50684.54,375,876187.5,265.18,-71718.75
2026-05-19 07:15:00,925597.04,50684.54,375,874912.5,265.18,-72993.75
2026-05-19 07:30:00,925972.04,50684.54,375,875287.5,265.18,-72618.75
2026-05-19 07:45:00,925072.04,50684.54,375,874387.5,265.18,-73518.75
2026-05-19 08:00:00,924172.04,50684.54,375,873487.5,265.18,-74418.75
2026-05-19 08:15:00,922972.04,50684.54,375,872287.5,265.18,-75618.75
2026-05-19 08:30:00,926609.54,50684.54,375,875925.0,265.18,-71981.25
2026-05-19 08:45:00,927434.54,50684.54,375,876750.0,265.18,-71156.25
2026-05-19 09:00:00,926497.04,50684.54,375,875812.5,265.18,-72093.75
2026-05-19 09:15:00,926084.54,50684.54,375,875400.0,265.18,-72506.25
2026-05-19 09:30:00,923834.54,50684.54,375,873150.0,265.18,-74756.25
2026-05-19 09:45:00,924434.54,50684.54,375,873750.0,265.18,-74156.25
2026-05-20 03:45:00,925372.04,50684.54,375,874687.5,265.18,-73218.75
2026-05-20 04:00:00,926084.54,50684.54,375,875400.0,265.18,-72506.25
2026-05-20 04:15:00,927134.54,50684.54,375,876450.0,265.18,-71456.25
2026-05-20 04:30:00,924247.04,50684.54,375,873562.5,265.18,-74343.75
2026-05-20 04:45:00,925372.04,50684.54,375,874687.5,265.18,-73218.75
2026-05-20 05:00:00,924359.54,50684.54,375,873675.0,265.18,-74231.25
2026-05-20 05:15:00,924809.54,50684.54,375,874125.0,265.18,-73781.25
2026-05-20 05:30:00,926272.04,50684.54,375,875587.5,265.18,-72318.75
2026-05-20 05:45:00,926309.54,50684.54,375,875625.0,265.18,-72281.25
2026-05-20 06:00:00,926647.04,50684.54,375,875962.5,265.18,-71943.75
2026-05-20 06:15:00,927322.04,50684.54,375,876637.5,265.18,-71268.75
2026-05-20 06:30:00,927247.04,50684.54,375,876562.5,265.18,-71343.75
2026-05-20 06:45:00,926459.54,50684.54,375,875775.0,265.18,-72131.25
2026-05-20 07:00:00,924359.54,50684.54,375,873675.0,265.18,-74231.25
2026-05-20 07:15:00,924809.54,50684.54,375,874125.0,265.18,-73781.25
2026-05-20 07:30:00,923309.54,50684.54,375,872625.0,265.18,-75281.25
2026-05-20 07:45:00,922072.04,50684.54,375,871387.5,265.18,-76518.75
2026-05-20 08:00:00,923497.04,50684.54,375,872812.5,265.18,-75093.75
2026-05-20 08:15:00,924059.54,50684.54,375,873375.0,265.18,-74531.25
2026-05-20 08:30:00,924322.04,50684.54,375,873637.5,265.18,-74268.75
2026-05-20 08:45:00,924434.54,50684.54,375,873750.0,265.18,-74156.25
2026-05-20 09:00:00,924247.04,50684.54,375,873562.5,265.18,-74343.75
2026-05-20 09:15:00,923159.54,50684.54,375,872475.0,265.18,-75431.25
2026-05-20 09:30:00,923909.54,50684.54,375,873225.0,265.18,-74681.25
2026-05-20 09:45:00,922222.04,50684.54,375,871537.5,265.18,-76368.75
2026-05-21 03:45:00,922934.54,50684.54,375,872250.0,265.18,-75656.25
2026-05-21 04:00:00,922034.54,50684.54,375,871350.0,265.18,-76556.25
2026-05-21 04:15:00,919259.54,50684.54,375,868575.0,265.18,-79331.25
2026-05-21 04:30:00,921209.54,50684.54,375,870525.0,265.18,-77381.25
2026-05-21 04:45:00,921697.04,50684.54,375,871012.5,265.18,-76893.75
2026-05-21 05:00:00,922297.04,50684.54,375,871612.5,265.18,-76293.75
2026-05-21 05:15:00,922297.04,50684.54,375,871612.5,265.18,-76293.75
2026-05-21 05:30:00,922072.04,50684.54,375,871387.5,265.18,-76518.75
2026-05-21 05:45:00,921434.54,50684.54,375,870750.0,265.18,-77156.25
2026-05-21 06:00:00,920347.04,50684.54,375,869662.5,265.18,-78243.75
2026-05-21 06:15:00,920872.04,50684.54,375,870187.5,265.18,-77718.75
2026-05-21 06:30:00,920459.54,50684.54,375,869775.0,265.18,-78131.25
2026-05-21 06:45:00,919522.04,50684.54,375,868837.5,265.18,-79068.75
2026-05-21 07:00:00,920459.54,50684.54,375,869775.0,265.18,-78131.25
2026-05-21 07:15:00,921209.54,50684.54,375,870525.0,265.18,-77381.25
2026-05-21 07:30:00,920872.04,50684.54,375,870187.5,265.18,-77718.75
2026-05-21 07:45:00,921847.04,50684.54,375,871162.5,265.18,-76743.75
2026-05-21 08:00:00,921584.54,50684.54,375,870900.0,265.18,-77006.25
2026-05-21 08:15:00,923684.54,50684.54,375,873000.0,265.18,-74906.25
2026-05-21 08:30:00,922447.04,50684.54,375,871762.5,265.18,-76143.75
2026-05-21 08:45:00,922184.54,50684.54,375,871500.0,265.18,-76406.25
2026-05-21 09:00:00,921847.04,50684.54,375,871162.5,265.18,-76743.75
2026-05-21 09:15:00,924397.04,50684.54,375,873712.5,265.18,-74193.75
2026-05-21 09:30:00,923197.04,50684.54,375,872512.5,265.18,-75393.75
2026-05-21 09:45:00,922934.54,50684.54,375,872250.0,265.18,-75656.25
2026-05-22 03:45:00,917684.54,50684.54,375,867000.0,265.18,-80906.25
2026-05-22 04:00:00,919934.54,50684.54,375,869250.0,265.18,-78656.25
2026-05-22 04:15:00,923497.04,50684.54,375,872812.5,265.18,-75093.75
2026-05-22 04:30:00,922447.04,50684.54,375,871762.5,265.18,-76143.75
2026-05-22 04:45:00,924734.54,50684.54,375,874050.0,265.18,-73856.25
2026-05-22 05:00:00,926684.54,50684.54,375,876000.0,265.18,-71906.25
2026-05-22 05:15:00,924509.54,50684.54,375,873825.0,265.18,-74081.25
2026-05-22 05:30:00,922972.04,50684.54,375,872287.5,265.18,-75618.75
2026-05-22 05:45:00,924547.04,50684.54,375,873862.5,265.18,-74043.75
2026-05-22 06:00:00,924772.04,50684.54,375,874087.5,265.18,-73818.75
2026-05-22 06:15:00,922559.54,50684.54,375,871875.0,265.18,-76031.25
2026-05-22 06:30:00,921247.04,50684.54,375,870562.5,265.18,-77343.75
2026-05-22 06:45:00,921059.54,50684.54,375,870375.0,265.18,-77531.25
2026-05-22 07:00:00,920534.54,50684.54,375,869850.0,265.18,-78056.25
2026-05-22 07:15:00,921697.04,50684.54,375,871012.5,265.18,-76893.75
2026-05-22 07:30:00,920984.54,50684.54,375,870300.0,265.18,-77606.25
2026-05-22 07:45:00,920834.54,50684.54,375,870150.0,265.18,-77756.25
2026-05-22 08:00:00,919484.54,50684.54,375,868800.0,265.18,-79106.25
2026-05-22 08:15:00,919447.04,50684.54,375,868762.5,265.18,-79143.75
2026-05-22 08:30:00,918097.04,50684.54,375,867412.5,265.18,-80493.75
2026-05-22 08:45:00,918809.54,50684.54,375,868125.0,265.18,-79781.25
2026-05-22 09:00:00,918622.04,50684.54,375,867937.5,265.18,-79968.75
2026-05-22 09:15:00,919934.54,50684.54,375,869250.0,265.18,-78656.25
2026-05-22 09:30:00,919334.54,50684.54,375,868650.0,265.18,-79256.25
2026-05-22 09:45:00,919897.04,50684.54,375,869212.5,265.18,-78693.75
2026-05-25 03:45:00,914309.54,50684.54,375,863625.0,265.18,-84281.25
2026-05-25 04:00:00,914497.04,50684.54,375,863812.5,265.18,-84093.75
2026-05-25 04:15:00,912209.54,50684.54,375,861525.0,265.18,-86381.25
2026-05-25 04:30:00,912809.54,50684.54,375,862125.0,265.18,-85781.25
2026-05-25 04:45:00,914647.04,50684.54,375,863962.5,265.18,-83943.75
2026-05-25 05:00:00,915809.54,50684.54,375,865125.0,265.18,-82781.25
2026-05-25 05:15:00,917122.04,50684.54,375,866437.5,265.18,-81468.75
2026-05-25 05:30:00,918922.04,50684.54,375,868237.5,265.18,-79668.75
2026-05-25 05:45:00,917347.04,50684.54,375,866662.5,265.18,-81243.75
2026-05-25 06:00:00,917159.54,50684.54,375,866475.0,265.18,-81431.25
2026-05-25 06:15:00,915922.04,50684.54,375,865237.5,265.18,-82668.75
2026-05-25 06:30:00,916222.04,50684.54,375,865537.5,265.18,-82368.75
2026-05-25 06:45:00,915397.04,50684.54,375,864712.5,265.18,-83193.75
2026-05-25 07:00:00,916934.54,50684.54,375,866250.0,265.18,-81656.25
2026-05-25 07:15:00,918172.04,50684.54,375,867487.5,265.18,-80418.75
2026-05-25 07:30:00,918997.04,50684.54,375,868312.5,265.18,-79593.75
2026-05-25 07:45:00,918659.54,50684.54,375,867975.0,265.18,-79931.25
2026-05-25 08:00:00,918547.04,50684.54,375,867862.5,265.18,-80043.75
2026-05-25 08:15:00,917684.54,50684.54,375,867000.0,265.18,-80906.25
2026-05-25 08:30:00,916672.04,50684.54,375,865987.5,265.18,-81918.75
2026-05-25 08:45:00,918134.54,50684.54,375,867450.0,265.18,-80456.25
2026-05-25 09:00:00,918772.04,50684.54,375,868087.5,265.18,-79818.75
2026-05-25 09:15:00,918359.54,50684.54,375,867675.0,265.18,-80231.25
2026-05-25 09:30:00,916259.54,50684.54,375,865575.0,265.18,-82331.25
2026-05-25 09:45:00,916184.54,50684.54,375,865500.0,265.18,-82406.25
2026-05-26 03:45:00,916934.54,50684.54,375,866250.0,265.18,-81656.25
2026-05-26 03:45:00,916934.54,50684.54,375,866250.0,265.18,-81656.25
2026-05-26 04:00:00,916147.04,50684.54,375,865462.5,265.18,-82443.75
2026-05-26 04:00:00,916147.04,50684.54,375,865462.5,265.18,-82443.75
2026-05-26 04:15:00,913109.54,50684.54,375,862425.0,265.18,-85481.25
2026-05-26 04:15:00,913109.54,50684.54,375,862425.0,265.18,-85481.25
2026-05-26 04:30:00,912622.04,50684.54,375,861937.5,265.18,-85968.75
2026-05-26 04:30:00,912622.04,50684.54,375,861937.5,265.18,-85968.75
2026-05-26 04:45:00,912022.04,50684.54,375,861337.5,265.18,-86568.75
2026-05-26 04:45:00,912022.04,50684.54,375,861337.5,265.18,-86568.75
2026-05-26 05:00:00,911909.54,50684.54,375,861225.0,265.18,-86681.25
2026-05-26 05:00:00,911909.54,50684.54,375,861225.0,265.18,-86681.25
2026-05-26 05:15:00,910522.04,50684.54,375,859837.5,265.18,-88068.75
2026-05-26 05:15:00,910522.04,50684.54,375,859837.5,265.18,-88068.75
2026-05-26 05:30:00,911872.04,50684.54,375,861187.5,265.18,-86718.75
2026-05-26 05:30:00,911872.04,50684.54,375,861187.5,265.18,-86718.75
2026-05-26 05:45:00,909022.04,50684.54,375,858337.5,265.18,-89568.75
2026-05-26 05:45:00,909022.04,50684.54,375,858337.5,265.18,-89568.75
2026-05-26 06:00:00,908572.04,50684.54,375,857887.5,265.18,-90018.75
2026-05-26 06:00:00,908572.04,50684.54,375,857887.5,265.18,-90018.75
2026-05-26 06:15:00,910447.04,50684.54,375,859762.5,265.18,-88143.75
2026-05-26 06:15:00,910447.04,50684.54,375,859762.5,265.18,-88143.75
2026-05-26 06:30:00,910409.54,50684.54,375,859725.0,265.18,-88181.25
2026-05-26 06:30:00,910409.54,50684.54,375,859725.0,265.18,-88181.25
2026-05-26 06:45:00,911497.04,50684.54,375,860812.5,265.18,-87093.75
2026-05-26 06:45:00,911497.04,50684.54,375,860812.5,265.18,-87093.75
2026-05-26 07:00:00,911872.04,50684.54,375,861187.5,265.18,-86718.75
2026-05-26 07:00:00,911872.04,50684.54,375,861187.5,265.18,-86718.75
2026-05-26 07:15:00,912809.54,50684.54,375,862125.0,265.18,-85781.25
2026-05-26 07:15:00,912809.54,50684.54,375,862125.0,265.18,-85781.25
2026-05-26 07:30:00,910672.04,50684.54,375,859987.5,265.18,-87918.75
2026-05-26 07:30:00,910672.04,50684.54,375,859987.5,265.18,-87918.75
2026-05-26 07:45:00,910784.54,50684.54,375,860100.0,265.18,-87806.25
2026-05-26 07:45:00,910784.54,50684.54,375,860100.0,265.18,-87806.25
2026-05-26 08:00:00,908872.04,50684.54,375,858187.5,265.18,-89718.75
2026-05-26 08:00:00,908872.04,50684.54,375,858187.5,265.18,-89718.75
2026-05-26 08:15:00,906172.04,50684.54,375,855487.5,265.18,-92418.75
2026-05-26 08:15:00,906172.04,50684.54,375,855487.5,265.18,-92418.75
2026-05-26 08:30:00,904409.54,50684.54,375,853725.0,265.18,-94181.25
2026-05-26 08:30:00,904409.54,50684.54,375,853725.0,265.18,-94181.25
2026-05-26 08:45:00,903734.54,50684.54,375,853050.0,265.18,-94856.25
2026-05-26 08:45:00,903734.54,50684.54,375,853050.0,265.18,-94856.25
2026-05-26 09:00:00,903884.54,50684.54,375,853200.0,265.18,-94706.25
2026-05-26 09:00:00,903884.54,50684.54,375,853200.0,265.18,-94706.25
2026-05-26 09:15:00,904184.54,50684.54,375,853500.0,265.18,-94406.25
2026-05-26 09:15:00,904184.54,50684.54,375,853500.0,265.18,-94406.25
2026-05-26 09:30:00,903884.54,50684.54,375,853200.0,265.18,-94706.25
2026-05-26 09:30:00,903884.54,50684.54,375,853200.0,265.18,-94706.25
2026-05-26 09:45:00,906209.54,50684.54,375,855525.0,265.18,-92381.25
2026-05-26 09:45:00,906209.54,50684.54,375,855525.0,265.18,-92381.25
