week_end_date,effective_from_date,weekly_open,weekly_high,weekly_low,weekly_close,smma_5,atr_14,previous_10_week_low,previous_market_state,market_state,buy_allowed,force_exit_all,cancel_pending_buys,below_lower_count,lower_band,upper_band,transition,reason
2022-09-30,2022-10-03,17156.3,17196.4,16747.7,17094.3,17304.46946008064,499.37857142857166,16142.2,ON,ON,True,False,False,0,17054.780174366355,17379.376245794927,NONE,INITIAL_STATE
2022-10-07,2022-10-10,17102.1,17428.8,16855.6,17314.7,17306.51556806451,504.65153061224515,16438.8,ON,ON,True,False,False,0,17054.18980275839,17382.213297656348,NONE,NO_CHANGE
2022-10-14,2022-10-17,17094.3,17348.6,16950.3,17185.7,17282.352454451608,497.0549927113704,16747.7,ON,ON,True,False,False,0,17033.824958095924,17356.910703358313,NONE,NO_CHANGE
2022-10-21,2022-10-24,17144.8,17670.2,17098.6,17576.3,17341.141963561287,502.3796360891298,16747.7,ON,ON,True,False,False,0,17089.952145516723,17416.498908974656,NONE,NO_CHANGE
2022-10-28,2022-10-31,17736.3,17838.9,17637.0,17786.8,17430.27357084903,485.2525192256207,16747.7,ON,ON,True,False,False,0,17187.64731123622,17503.06144873287,NONE,NO_CHANGE
2022-11-04,2022-11-07,17910.2,18178.8,17899.9,18117.2,17567.658856679223,478.5916249952192,16747.7,ON,ON,True,False,False,0,17328.363044181613,17639.447600428506,NONE,NO_CHANGE
2022-11-11,2022-11-14,18211.8,18362.3,17969.4,18349.7,17724.067085343377,472.4707946384177,16747.7,ON,ON,True,False,False,0,17487.83168802417,17794.93770453914,NONE,NO_CHANGE
2022-11-18,2022-11-21,18376.4,18442.2,18209.8,18307.7,17840.793668274702,455.32288073567366,16747.7,ON,ON,True,False,False,0,17613.132227906866,17909.092100385053,NONE,NO_CHANGE
2022-11-25,2022-11-28,18246.4,18534.9,18133.3,18512.8,17975.19493461976,451.4855321116971,16747.7,ON,ON,True,False,False,0,17749.452168563912,18042.917764436515,NONE,NO_CHANGE
2022-12-02,2022-12-05,18430.6,18887.6,18365.6,18696.1,18119.375947695808,456.52227981800445,16747.7,ON,ON,True,False,False,0,17891.114807786806,18187.854289668507,NONE,NO_CHANGE
2022-12-09,2022-12-12,18719.6,18728.6,18410.1,18496.6,18194.820758156646,446.6635455452898,16747.7,ON,ON,True,False,False,0,17971.488985384,18261.820289988438,NONE,NO_CHANGE
2022-12-16,2022-12-19,18402.2,18696.1,18255.2,18269.0,18209.656606525317,446.25186372062615,16855.6,ON,ON,True,False,False,0,17986.530674665006,18276.594386083412,NONE,NO_CHANGE
2022-12-23,2022-12-26,18288.1,18473.3,17779.5,17806.8,18129.085285220255,463.93387345486707,16950.3,ON,OFF,False,False,True,1,17897.118348492822,18198.675366238484,ON_TO_OFF,LOWER_BAND_BREAK
2022-12-30,2023-01-02,17830.4,18265.2,17774.2,18105.3,18124.328228176204,465.86716820809085,17098.6,OFF,OFF,False,False,False,0,17891.39464407216,18194.208303407417,NONE,NO_CHANGE
2023-01-06,2023-01-09,18131.7,18251.9,17795.6,17859.4,18071.342582540965,465.1837990503703,17637.0,OFF,OFF,False,False,False,0,17838.75068301578,18141.120152398522,NONE,NO_CHANGE
2023-01-13,2023-01-16,17952.6,18141.4,17761.7,17956.6,18048.39406603277,459.0778134039153,17774.2,OFF,OFF,False,False,False,0,17818.855159330815,18117.255738043357,NONE,NO_CHANGE
2023-01-20,2023-01-23,18033.2,18183.8,17853.7,18027.7,18044.255252826217,449.8651124464927,17761.7,OFF,OFF,False,False,False,0,17819.32269660297,18111.73501969319,NONE,NO_CHANGE
2023-01-27,2023-01-30,18118.4,18201.2,17493.6,17604.3,17956.264202260973,468.27474727174337,17761.7,OFF,OFF,False,True,True,1,17722.1268286251,18026.505414351734,NONE,EMERGENCY_10_WEEK_LOW_BREAK
2023-02-03,2023-02-06,17541.9,17972.2,17353.4,17854.1,17935.831361808778,479.02655103804733,17493.6,OFF,OFF,False,False,False,0,17696.318086289753,18007.685344464484,NONE,NO_CHANGE
2023-02-10,2023-02-13,17818.6,17916.9,17652.6,17856.5,17919.96508944702,463.68894024961554,17353.4,OFF,OFF,False,False,False,0,17688.120619322213,17989.518430484462,NONE,NO_CHANGE
2023-02-17,2023-02-20,17859.1,18134.8,17719.8,17944.2,17924.812071557615,460.2111588032144,17353.4,OFF,OFF,False,False,False,0,17694.70649215601,17993.843745378097,NONE,NO_CHANGE
2023-02-24,2023-02-27,17965.6,18004.3,17421.8,17465.8,17833.009657246093,468.9460760315563,17353.4,OFF,OFF,False,False,False,1,17598.536619230315,17903.351568650825,NONE,NO_CHANGE
2023-03-03,2023-03-06,17428.6,17644.8,17255.2,17594.3,17785.267725796875,463.2784991721593,17353.4,OFF,OFF,False,False,False,0,17553.628476210797,17854.7595006727,NONE,NO_CHANGE
2023-03-10,2023-03-13,17680.3,17799.9,17324.3,17412.9,17710.7941806375,464.15860637414806,17255.2,OFF,OFF,False,False,False,1,17478.714877450424,17780.41797159362,NONE,NO_CHANGE
2023-03-17,2023-03-20,17421.9,17529.9,16850.2,17100.1,17588.655344509996,479.5544202045661,17255.2,OFF,OFF,False,True,True,2,17348.878134407714,17660.58850754068,NONE,EMERGENCY_10_WEEK_LOW_BREAK
2023-03-24,2023-03-27,17066.6,17207.2,16828.3,16945.1,17459.944275607995,472.36481876138294,16850.2,OFF,OFF,False,True,False,3,17223.761866227305,17530.798998422204,NONE,CONFIRMED_LOWER_BAND_BREAK
2023-03-31,2023-04-03,16984.3,17381.6,16913.8,17359.8,17439.915420486395,472.038760278427,16828.3,OFF,OFF,False,False,False,0,17203.896040347183,17510.72123452816,NONE,NO_CHANGE
2023-04-06,2023-04-10,17427.9,17638.7,17312.8,17599.2,17471.772336389116,461.60027740139657,16828.3,OFF,ON,True,False,False,0,17240.972197688418,17541.012377999326,OFF_TO_ON,UPPER_BAND_RECLAIM
2023-04-13,2023-04-17,17634.9,17842.2,17597.9,17828.0,17543.017869111292,446.07882901558247,16828.3,ON,ON,True,False,False,0,17319.9784546035,17609.92969346363,NONE,NO_CHANGE
2023-04-21,2023-04-24,17863.0,17863.0,17553.9,17624.1,17559.234295289032,436.2946269430408,16828.3,ON,ON,True,False,False,0,17341.086981817512,17624.678489330487,NONE,NO_CHANGE
2023-04-28,2023-05-02,17707.6,18089.2,17612.5,18065.0,17660.387436231227,439.18072501853794,16828.3,ON,ON,True,False,False,0,17440.79707372196,17726.26454498401,NONE,NO_CHANGE
2023-05-05,2023-05-08,18124.8,18267.4,18042.4,18069.0,17742.10994898498,423.88210180292805,16828.3,ON,ON,True,False,False,0,17530.168898083517,17805.69226425542,NONE,NO_CHANGE
2023-05-12,2023-05-15,18120.6,18389.7,18100.3,18314.8,17856.647959187983,416.5119516741475,16828.3,ON,ON,True,False,False,0,17648.39198335091,17919.124751939107,NONE,NO_CHANGE
2023-05-19,2023-05-22,18339.3,18458.9,18060.4,18203.4,17925.998367350385,415.22538369742267,16828.3,ON,ON,True,False,False,0,17718.385675501675,17988.282174904998,NONE,NO_CHANGE
2023-05-26,2023-05-29,18201.1,18508.6,18178.8,18499.3,18040.65869388031,409.12357057617817,16828.3,ON,ON,True,False,False,0,17836.09690859222,18102.027229466734,NONE,NO_CHANGE
2023-06-02,2023-06-05,18619.2,18662.4,18464.6,18534.1,18139.346955104247,394.02902982073704,16828.3,ON,ON,True,False,False,0,17942.332440193877,18198.45130957736,NONE,NO_CHANGE
2023-06-09,2023-06-12,18612.0,18777.9,18531.6,18563.4,18224.157564083398,383.47695626211316,16913.8,ON,ON,True,False,False,0,18032.41908595234,18281.679107522716,NONE,NO_CHANGE
2023-06-16,2023-06-19,18595.1,18864.7,18559.8,18826.0,18344.52605126672,377.86431652910517,17312.8,ON,ON,True,False,False,0,18155.593893002166,18401.205698746086,NONE,NO_CHANGE
2023-06-23,2023-06-26,18873.3,18886.6,18647.1,18665.5,18408.720841013375,367.98115106274054,17553.9,ON,ON,True,False,False,0,18224.730265482005,18463.91801367279,NONE,NO_CHANGE
2023-06-30,2023-07-03,18682.3,19201.7,18646.7,19189.1,18564.796672810702,381.3396402725448,17553.9,ON,ON,True,False,False,0,18374.12685267443,18621.997618851583,NONE,NO_CHANGE
2023-07-07,2023-07-10,19246.5,19523.6,19234.4,19331.8,18718.197338248563,377.99395168164875,17612.5,ON,ON,True,False,False,0,18529.200362407737,18774.89643100081,NONE,NO_CHANGE
2023-07-14,2023-07-17,19400.3,19595.3,19327.1,19564.5,18887.45787059885,370.15152656153106,18042.4,ON,ON,True,False,False,0,18702.382107318084,18942.98059958308,NONE,NO_CHANGE
2023-07-21,2023-07-24,19612.2,19991.8,19562.9,19745.0,19058.96629647908,374.3478460928501,18060.4,ON,ON,True,False,False,0,18871.792373432654,19115.11847339301,NONE,NO_CHANGE
2023-07-28,2023-07-31,19748.4,19867.6,19563.1,19646.1,19176.39303718326,369.35871422907513,18060.4,ON,ON,True,False,False,0,18991.713680068722,19231.79684431762,NONE,NO_CHANGE
2023-08-04,2023-08-07,19666.3,19795.6,19296.4,19517.0,19244.51442974661,378.633091784141,18178.8,ON,ON,True,False,False,0,19055.19788385454,19301.30939351423,NONE,NO_CHANGE
2023-08-11,2023-08-14,19576.8,19645.5,19412.8,19428.3,19281.271543797287,368.2092995138452,18464.6,ON,ON,True,False,False,0,19097.166894040365,19336.502938724363,NONE,NO_CHANGE
2023-08-18,2023-08-21,19383.9,19482.8,19253.6,19310.2,19287.057235037828,358.28006383428493,18531.6,ON,ON,True,False,False,0,19107.917203120687,19340.799244612972,NONE,NO_CHANGE
2023-08-25,2023-08-28,19320.7,19584.4,19229.7,19265.8,19282.805788030262,358.02434498897895,18559.8,ON,ON,True,False,False,0,19103.79361553577,19336.50943977861,NONE,NO_CHANGE
2023-09-01,2023-09-04,19298.3,19458.6,19223.7,19435.3,19313.30463042421,349.22974891833746,18646.7,ON,ON,True,False,False,0,19138.68975596504,19365.68909276196,NONE,NO_CHANGE
2023-09-08,2023-09-11,19525.1,19867.2,19432.8,19819.9,19414.623704339367,355.31333828131346,18646.7,ON,ON,True,False,False,0,19236.96703519871,19467.920705081564,NONE,NO_CHANGE
2023-09-15,2023-09-18,19890.0,20222.4,19865.3,20192.3,19570.158963471495,358.68381411836253,19223.7,ON,ON,True,False,False,0,19390.817056412314,19623.96153558925,NONE,NO_CHANGE
2023-09-22,2023-09-25,20155.9,20195.3,19657.5,19674.2,19590.967170777196,371.4778273956223,19223.7,ON,ON,True,False,False,0,19405.228257079383,19646.68884488654,NONE,NO_CHANGE
2023-09-29,2023-10-03,19678.2,19766.7,19492.1,19638.3,19600.43373662176,364.5579825816494,19223.7,ON,ON,True,False,False,0,19418.154745330932,19655.117434009007,NONE,NO_CHANGE
2023-10-06,2023-10-09,19622.4,19675.8,19333.6,19653.5,19611.046989297407,362.9609838258174,19223.7,ON,ON,True,False,False,0,19429.566497384498,19665.49113687128,NONE,NO_CHANGE
2023-10-13,2023-10-16,19539.4,19843.3,19480.5,19751.1,19639.057591437926,362.9494849811161,19223.7,ON,ON,True,False,False,0,19457.582848947368,19693.500014185094,NONE,NO_CHANGE
2023-10-20,2023-10-23,19737.2,19849.8,19512.3,19542.7,19619.78607315034,361.1316646253221,19223.7,ON,ON,True,False,False,0,19439.220240837676,19673.95582284414,NONE,NO_CHANGE
2023-10-27,2023-10-30,19521.6,19556.8,18837.8,19047.2,19505.26885852027,386.69368858065627,19223.7,ON,OFF,False,True,True,1,19311.922014229942,19563.27291180737,ON_TO_OFF,EMERGENCY_10_WEEK_LOW_BREAK
2023-11-03,2023-11-06,19053.4,19276.2,18940.0,19230.6,19450.335086816216,383.08699653918086,18837.8,OFF,OFF,False,True,False,2,19258.791588546625,19507.798136297093,NONE,CONFIRMED_LOWER_BAND_BREAK
2023-11-10,2023-11-12,19345.8,19464.4,19309.7,19425.3,19445.328069452975,372.4236396435253,18837.8,OFF,OFF,False,False,False,0,19259.116249631214,19501.191615399504,NONE,NO_CHANGE
2023-11-17,2023-11-20,19547.2,19875.2,19414.8,19731.8,19502.62245556238,378.7076653832736,18837.8,OFF,ON,True,False,False,0,19313.268622870746,19559.42860536987,OFF_TO_ON,UPPER_BAND_RECLAIM
2023-11-24,2023-11-28,19731.2,19875.2,19670.5,19794.7,19561.037964449904,366.2785464273255,18837.8,ON,ON,True,False,False,0,19377.89869123624,19615.979746414003,NONE,NO_CHANGE
2023-12-01,2023-12-04,19844.7,20291.6,19800.0,20267.9,19702.410371559923,375.608650253945,18837.8,ON,ON,True,False,False,0,19514.60604643295,19758.751669098016,NONE,NO_CHANGE
2023-12-08,2023-12-11,20601.9,21006.1,20507.8,20969.4,19955.80829724794,401.50803237866296,18837.8,ON,ON,True,False,False,0,19755.05428105861,20016.03450210474,NONE,NO_CHANGE
2023-12-15,2023-12-18,20965.3,21492.3,20769.5,21456.7,20255.98663779835,424.4574586373298,18837.8,ON,ON,True,False,False,0,20043.757908479685,20319.65525659395,NONE,NO_CHANGE
2023-12-22,2023-12-26,21434.8,21593.0,20976.8,21349.4,20474.669310238678,438.1533544489492,18837.8,ON,ON,True,False,False,0,20255.592633014203,20540.39231340602,NONE,NO_CHANGE
2023-12-29,2024-01-01,21365.2,21801.4,21329.4,21731.4,20726.01544819094,440.57097198830996,18837.8,ON,ON,True,False,False,0,20505.729962196787,20792.10109398919,NONE,NO_CHANGE
2024-01-05,2024-01-08,21727.8,21834.3,21500.3,21710.8,20922.972358552754,432.95875970343064,18837.8,ON,ON,True,False,False,0,20706.492978701037,20987.916172508267,NONE,NO_CHANGE
2024-01-12,2024-01-15,21747.6,21928.2,21448.7,21894.6,21117.297886842203,436.28313401032847,18940.0,ON,ON,True,False,False,0,20899.15631983704,21182.740356943752,NONE,NO_CHANGE
2024-01-19,2024-01-20,22053.2,22124.2,21285.6,21622.4,21218.318309473765,465.02005300959087,19309.7,ON,ON,True,False,False,0,20985.80828296897,21288.071317425205,NONE,NO_CHANGE
2024-01-25,2024-01-29,21706.2,21750.2,21137.2,21352.6,21245.17464757901,475.59004922319156,19414.8,ON,ON,True,False,False,0,21007.379622967415,21316.51315496249,NONE,NO_CHANGE
2024-02-02,2024-02-05,21433.1,22126.8,21429.6,21853.8,21366.899718063207,496.91933142153505,19670.5,ON,ON,True,False,False,0,21118.44005235244,21441.43761777644,NONE,NO_CHANGE
2024-02-09,2024-02-12,21921.1,22053.3,21629.9,21782.5,21450.019774450564,491.6679506057109,19800.0,ON,ON,True,False,False,0,21204.185799147708,21523.769967041422,NONE,NO_CHANGE
2024-02-16,2024-02-19,21800.8,22068.7,21530.2,22040.7,21568.155819560452,495.0130969910173,20507.8,ON,ON,True,False,False,0,21320.649271064944,21642.407784109106,NONE,NO_CHANGE
2024-02-23,2024-02-26,22103.45,22297.5,21875.25,22212.7,21697.064655648363,489.81573292023035,20769.5,ON,ON,True,False,False,0,21452.156789188248,21770.537015586397,NONE,NO_CHANGE
2024-03-01,2024-03-02,22169.2,22353.3,21860.65,22338.75,21825.40172451869,490.01818056878517,20976.8,ON,ON,True,False,False,0,21580.3926342343,21898.90445160401,NONE,NO_CHANGE
2024-03-07,2024-03-11,22406.95,22525.65,22224.35,22493.55,21959.031379614953,476.53831052815787,21137.2,ON,ON,True,False,False,0,21720.762224350874,22030.512126194175,NONE,NO_CHANGE
2024-03-15,2024-03-18,22517.5,22526.6,21905.65,22023.35,21971.89510369196,486.8534312047178,21137.2,ON,ON,True,False,False,0,21728.4683880896,22044.92311837267,NONE,NO_CHANGE
2024-03-22,2024-03-26,21990.1,22180.7,21710.2,22096.75,21996.86608295357,485.68532897580945,21137.2,ON,ON,True,False,False,0,21754.023418465666,22069.71888229994,NONE,NO_CHANGE
2024-03-28,2024-04-01,21947.9,22516.0,21947.55,22326.9,22062.872866362857,491.5970911918231,21137.2,ON,ON,True,False,False,0,21817.074320766944,22136.61243004163,NONE,NO_CHANGE
2024-04-05,2024-04-08,22455.0,22619.0,22303.8,22513.7,22153.038293090285,478.9972989638358,21137.2,ON,ON,True,False,False,0,21913.53964360837,22224.88788793486,NONE,NO_CHANGE
2024-04-12,2024-04-15,22578.35,22775.7,22503.75,22519.4,22226.310634472226,464.20820618070474,21429.6,ON,ON,True,False,False,0,21994.206531381875,22295.94186539933,NONE,NO_CHANGE
2024-04-19,2024-04-22,22339.05,22427.45,21777.65,22147.0,22210.44850757778,484.0326200249401,21530.2,ON,ON,True,False,False,0,21968.43219756531,22283.05340058152,NONE,NO_CHANGE
2024-04-26,2024-04-29,22336.9,22625.95,22198.15,22419.95,22252.348806062226,483.66957573744446,21530.2,ON,ON,True,False,False,0,22010.514018193502,22324.89924242284,NONE,NO_CHANGE
2024-05-03,2024-05-06,22475.55,22794.7,22348.05,22475.85,22297.04904484978,481.02532032762707,21710.2,ON,ON,True,False,False,0,22056.536384685965,22369.202842898925,NONE,NO_CHANGE
2024-05-10,2024-05-13,22561.6,22588.8,21932.4,22055.2,22248.679235879823,493.5520831613679,21710.2,ON,ON,True,False,False,0,22001.90319429914,22322.712048354028,NONE,NO_CHANGE
2024-05-17,2024-05-18,22027.95,22502.15,21821.05,22466.1,22292.163388703855,506.948362935556,21710.2,ON,ON,True,False,False,0,22038.68920723608,22368.20564314419,NONE,NO_CHANGE
2024-05-24,2024-05-27,22512.85,23026.4,22404.55,22957.1,22425.150710963084,515.1556227258736,21710.2,ON,ON,True,False,False,0,22167.572899600145,22502.424054371964,NONE,NO_CHANGE
2024-05-31,2024-06-03,23038.95,23110.8,22417.0,22530.7,22446.260568770467,527.9159353883111,21710.2,ON,ON,True,False,False,0,22182.302601076313,22525.447959078712,NONE,NO_CHANGE
2024-06-07,2024-06-10,23337.9,23338.7,21281.45,23290.15,22615.038455016376,637.1540828605747,21777.65,ON,ON,True,False,False,0,22296.46141358609,22710.611567445463,NONE,NO_CHANGE
2024-06-14,2024-06-18,23319.15,23490.4,23206.65,23465.6,22785.1507640131,611.9109340848194,21281.45,ON,ON,True,False,False,0,22479.195296970687,22876.93740412582,NONE,NO_CHANGE
2024-06-21,2024-06-24,23570.8,23667.1,23398.2,23501.1,22928.34061121048,587.4101530787606,21281.45,ON,ON,True,False,False,0,22634.6355346711,23016.452134172294,NONE,NO_CHANGE
2024-06-28,2024-07-01,23382.3,24174.0,23350.0,24010.6,23144.792488968385,604.3094278588491,21281.45,ON,ON,True,False,False,0,22842.637775038962,23235.438903147213,NONE,NO_CHANGE
2024-07-05,2024-07-08,23992.95,24401.0,23992.7,24323.85,23380.60399117471,590.3087544403598,21281.45,ON,ON,True,False,False,0,23085.44961395453,23469.150304340765,NONE,NO_CHANGE
2024-07-12,2024-07-15,24329.45,24592.2,24141.8,24502.15,23604.91319293977,580.3152719803343,21281.45,ON,ON,True,False,False,0,23314.755556949603,23691.96048373682,NONE,NO_CHANGE
2024-07-19,2024-07-22,24587.6,24854.8,24504.45,24530.9,23790.110554351813,564.0534668388817,21281.45,ON,ON,True,False,False,0,23508.083820932374,23874.718574377646,NONE,NO_CHANGE
2024-07-26,2024-07-29,24445.75,24861.15,24074.2,24834.85,23999.058443481452,579.9746477789616,21281.45,ON,ON,True,False,False,0,23709.071119591972,24086.054640648297,NONE,NO_CHANGE
2024-08-02,2024-08-05,24943.3,25078.3,24686.85,24717.7,24142.78675478516,566.5086015090359,21281.45,ON,ON,True,False,False,0,23859.532454030643,24227.763045011514,NONE,NO_CHANGE
2024-08-09,2024-08-12,24302.85,24419.75,23893.7,24367.5,24187.72940382813,584.9008442583905,21281.45,ON,ON,True,False,False,0,23895.278981698935,24275.46453046689,NONE,NO_CHANGE
2024-08-16,2024-08-19,24320.05,24563.9,24099.7,24541.15,24258.413523062503,576.2793553827912,21281.45,ON,ON,True,False,False,0,23970.273845371106,24344.855426369922,NONE,NO_CHANGE
2024-08-23,2024-08-26,24636.35,24867.35,24522.95,24823.15,24371.36081845,559.7165442840203,23206.65,ON,ON,True,False,False,0,24091.50254630799,24455.318300092604,NONE,NO_CHANGE
2024-08-30,2024-09-02,24906.1,25268.35,24874.7,25235.9,24544.268654760002,551.5367911208758,23350.0,ON,ON,True,False,False,0,24268.500259199565,24626.999173428132,NONE,NO_CHANGE
2024-09-06,2024-09-09,25333.6,25333.65,24801.3,24852.15,24605.844923808,550.1663060408134,23350.0,ON,ON,True,False,False,0,24330.761770787594,24688.369869714123,NONE,NO_CHANGE
2024-09-13,2024-09-16,24823.4,25433.35,24753.15,25356.5,24755.9759390464,559.454427037898,23893.7,ON,ON,True,False,False,0,24476.24872552745,24839.894103102084,NONE,NO_CHANGE
2024-09-20,2024-09-23,25406.65,25849.25,25285.55,25790.95,24962.970751237117,559.7576822494767,23893.7,ON,ON,True,False,False,0,24683.09191011238,25046.934403574538,NONE,NO_CHANGE
2024-09-27,2024-09-30,25872.55,26277.35,25847.35,26178.95,25206.166600989694,554.5178478030854,23893.7,ON,ON,True,False,False,0,24928.90767708815,25289.34427816016,NONE,NO_CHANGE
2024-10-04,2024-10-07,26061.3,26134.7,24966.8,25014.6,25167.853280791758,601.4915729600079,23893.7,ON,ON,True,False,False,0,24867.107494311753,25258.07701673576,NONE,NO_CHANGE
2024-10-11,2024-10-14,25084.1,25234.05,24694.35,24964.25,25127.132624633407,597.0778891771503,23893.7,ON,ON,True,False,False,0,24828.593680044833,25216.694308009977,NONE,NO_CHANGE
2024-10-18,2024-10-21,25023.45,25212.05,24567.65,24854.05,25072.516099706725,600.4580399502108,23893.7,ON,ON,True,False,False,0,24772.28707973162,25162.584805699258,NONE,NO_CHANGE
2024-10-25,2024-10-28,24956.15,24978.3,24073.9,24180.8,24894.17287976538,622.1681799537671,24099.7,ON,OFF,False,False,True,1,24583.088789788497,24987.498106758445,ON_TO_OFF,LOWER_BAND_BREAK
2024-11-01,2024-11-04,24251.1,24498.2,24134.9,24304.35,24776.208303812302,603.6775956713552,24073.9,OFF,OFF,False,True,False,2,24474.369505976625,24866.759943163004,NONE,CONFIRMED_LOWER_BAND_BREAK
2024-11-08,2024-11-11,24315.75,24537.6,23816.15,24148.2,24650.60664304984,612.0899102662582,24073.9,OFF,OFF,False,True,False,3,24344.56168791671,24742.420129589776,NONE,CONFIRMED_LOWER_BAND_BREAK
2024-11-14,2024-11-18,24087.25,24336.8,23484.15,23532.7,24427.02531443987,629.2727738186683,23816.15,OFF,OFF,False,True,True,4,24112.388927530537,24521.41623051267,NONE,EMERGENCY_10_WEEK_LOW_BREAK
2024-11-22,2024-11-25,23605.3,23956.1,23263.15,23907.25,24323.070251551897,633.8211471173346,23484.15,OFF,OFF,False,True,False,5,24006.15967799323,24418.1434236195,NONE,CONFIRMED_LOWER_BAND_BREAK
2024-11-29,2024-12-02,24253.55,24354.55,23873.35,24131.1,24284.676201241517,622.9196366089536,23263.15,OFF,OFF,False,False,False,0,23973.21638293704,24378.11414673286,NONE,NO_CHANGE
2024-12-06,2024-12-09,24140.85,24857.75,24008.65,24677.8,24363.300960993212,639.0753768511711,23263.15,OFF,ON,True,False,False,0,24043.763272567627,24459.16226752089,OFF_TO_ON,UPPER_BAND_RECLAIM
2024-12-13,2024-12-16,24633.9,24792.3,24180.8,24768.3,24444.300768794572,637.1057070760874,23263.15,ON,ON,True,False,False,0,24125.74791525653,24539.866624855986,NONE,NO_CHANGE
2024-12-20,2024-12-23,24753.4,24781.25,23537.35,23587.5,24272.94061503566,680.4481565706527,23263.15,ON,OFF,False,False,True,1,23932.716536750333,24375.00783852126,ON_TO_OFF,LOWER_BAND_BREAK
2024-12-27,2024-12-30,23738.2,23938.85,23647.2,23813.4,24181.032492028527,656.9411453870346,23263.15,OFF,OFF,False,True,False,2,23852.56191933501,24279.57366383658,NONE,CONFIRMED_LOWER_BAND_BREAK
2025-01-03,2025-01-06,23796.9,24226.7,23460.45,24004.75,24145.77599362282,664.7489207165321,23263.15,OFF,OFF,False,False,False,0,23813.401533264554,24245.488331730303,NONE,NO_CHANGE
2025-01-10,2025-01-13,24045.8,24089.95,23344.35,23431.5,24002.92079489826,670.5239978082085,23263.15,OFF,OFF,False,False,False,1,23667.658795994153,24103.49939456949,NONE,NO_CHANGE
2025-01-17,2025-01-20,23195.4,23391.65,23047.25,23203.2,23842.976635918607,650.0758551076221,23263.15,OFF,OFF,False,True,True,2,23517.938708364796,23940.48801418475,NONE,EMERGENCY_10_WEEK_LOW_BREAK
2025-01-24,2025-01-27,23290.4,23426.3,22976.85,23092.2,23692.821308734885,635.7454368856492,23047.25,OFF,OFF,False,True,False,3,23374.94859029206,23788.183124267733,NONE,CONFIRMED_LOWER_BAND_BREAK
2025-01-31,2025-02-01,22940.15,23546.8,22786.9,23508.4,23655.937046987907,644.6136199652454,22976.85,OFF,OFF,False,False,False,0,23333.630237005284,23752.629089982693,NONE,NO_CHANGE
2025-02-07,2025-02-10,23528.6,23807.3,23222.0,23559.95,23636.739637590326,640.3769328248708,22786.9,OFF,OFF,False,False,False,0,23316.551171177893,23732.796177514057,NONE,NO_CHANGE
2025-02-14,2025-02-17,23543.8,23568.6,22774.85,22929.25,23495.24171007226,651.3321519088086,22786.9,OFF,OFF,False,False,False,1,23169.575634117857,23592.941532858582,NONE,NO_CHANGE
2025-02-21,2025-02-24,22809.9,23049.95,22720.3,22795.9,23355.373368057808,628.3548553438939,22774.85,OFF,OFF,False,True,False,2,23041.19594038586,23449.62659635939,NONE,CONFIRMED_LOWER_BAND_BREAK
2025-02-28,2025-03-03,22609.35,22668.05,22104.85,22124.7,23109.238694446245,632.8330799621874,22720.3,OFF,OFF,False,True,True,3,22792.82215446515,23204.163656440574,NONE,EMERGENCY_10_WEEK_LOW_BREAK
2025-03-07,2025-03-10,22194.55,22633.8,21964.6,22552.5,22997.890955556995,635.4307171077455,22104.85,OFF,OFF,False,True,False,4,22680.175597003123,23093.205563123156,NONE,CONFIRMED_LOWER_BAND_BREAK
2025-03-13,2025-03-17,22521.85,22676.75,22314.7,22397.2,22877.752764445595,615.9035230286208,21964.6,OFF,OFF,False,True,False,5,22569.801002931286,22970.138292899886,NONE,CONFIRMED_LOWER_BAND_BREAK
2025-03-21,2025-03-24,22353.15,23402.7,22353.15,23350.4,22972.282211556478,646.8782713837193,21964.6,OFF,ON,True,False,False,0,22648.843075864617,23069.313952264034,OFF_TO_ON,UPPER_BAND_RECLAIM
2025-03-28,2025-04-01,23515.4,23869.6,23412.2,23519.35,23081.695769245183,637.7583948563106,21964.6,ON,ON,True,False,False,0,22762.816571817028,23177.35952847363,NONE,NO_CHANGE
2025-04-04,2025-04-07,23341.1,23565.15,22857.45,22904.45,23046.246615396147,642.7542237951457,21964.6,ON,ON,True,False,False,0,22724.869503498572,23142.65974896542,NONE,NO_CHANGE
2025-04-11,2025-04-15,21758.4,22923.9,21743.65,22828.55,23002.707292316918,681.1467792383495,21964.6,ON,ON,True,False,False,0,22662.133902697744,23104.87930920267,NONE,NO_CHANGE
2025-04-17,2025-04-21,23368.35,23872.35,23207.0,23851.65,23172.495833853533,707.0505807213245,21743.65,ON,ON,True,False,False,0,22818.97054349287,23278.553420961733,NONE,NO_CHANGE
2025-04-25,2025-04-28,23949.15,24365.45,23847.85,24039.35,23345.866667082824,693.5183963840873,21743.65,ON,ON,True,False,False,0,22999.10746889078,23449.89442654044,NONE,NO_CHANGE
2025-05-02,2025-05-05,24070.25,24589.15,24054.05,24346.7,23546.03333366626,683.2527966423669,21743.65,ON,ON,True,False,False,0,23204.406935345076,23648.521253162613,NONE,NO_CHANGE
2025-05-09,2025-05-12,24419.5,24526.4,23935.75,24008.0,23638.426666933006,676.6383111679122,21743.65,ON,ON,True,False,False,0,23300.10751134905,23739.922413608194,NONE,NO_CHANGE
2025-05-16,2025-05-19,24420.1,25116.25,24378.85,25019.8,23914.701333546407,707.4677175130613,21743.65,ON,ON,True,False,False,0,23560.967474789875,24020.821491173367,NONE,NO_CHANGE
2025-05-23,2025-05-26,25005.35,25062.95,24462.4,24853.15,24102.391066837125,699.8307376906997,21743.65,ON,ON,True,False,False,0,23752.475697991773,24207.36567749073,NONE,NO_CHANGE
2025-05-30,2025-06-02,24919.35,25079.2,24677.3,24750.7,24232.0528534697,678.5499707127927,21743.65,ON,ON,True,False,False,0,23892.777868113306,24333.83534907662,NONE,NO_CHANGE
2025-06-06,2025-06-09,24669.7,25029.5,24502.15,25003.05,24386.25228277576,667.749972804736,21743.65,ON,ON,True,False,False,0,24052.377296373394,24486.41477869647,NONE,NO_CHANGE
2025-06-13,2025-06-16,25160.1,25222.4,24473.0,24718.6,24452.721826220608,673.5821176043979,21743.65,ON,ON,True,False,False,0,24115.93076741841,24553.75914386127,NONE,NO_CHANGE
2025-06-20,2025-06-23,24732.35,25136.2,24703.6,25112.4,24584.657460976487,656.3691092040839,21743.65,ON,ON,True,False,False,0,24256.472906374445,24683.112827357098,NONE,NO_CHANGE
2025-06-27,2025-06-30,24939.75,25654.2,24824.85,25637.8,24795.28596878119,668.7248871180781,23207.0,ON,ON,True,False,False,0,24460.92352522215,24895.594701848902,NONE,NO_CHANGE
2025-07-04,2025-07-07,25661.65,25669.35,25331.65,25461.0,24928.428775024953,645.0802523239294,23847.85,ON,ON,True,False,False,0,24605.888648862987,25025.19081287354,NONE,NO_CHANGE
2025-07-11,2025-07-14,25450.45,25548.7,25129.0,25149.85,24972.71302001996,628.9816628722201,23935.75,ON,ON,True,False,False,0,24658.22218858385,25067.060269450794,NONE,NO_CHANGE
2025-07-18,2025-07-21,25149.5,25255.3,24918.65,24968.4,24971.85041601597,608.1008298099185,23935.75,ON,ON,True,False,False,0,24667.80000111101,25063.065540487456,NONE,NO_CHANGE
2025-07-25,2025-07-28,24999.0,25246.25,24806.35,24837.0,24944.880332812776,596.0864848234959,24378.85,ON,ON,True,False,False,0,24646.83709040103,25034.2933055363,NONE,NO_CHANGE
2025-08-01,2025-08-04,24782.45,24956.5,24535.05,24565.35,24868.97426625022,583.6124501932462,24462.4,ON,OFF,False,False,True,1,24577.1680411536,24956.51613377921,ON_TO_OFF,LOWER_BAND_BREAK
2025-08-08,2025-08-11,24596.05,24736.25,24337.5,24363.3,24767.839413000176,570.4079894651571,24473.0,OFF,OFF,False,True,True,2,24482.635418267597,24853.40061141995,NONE,EMERGENCY_10_WEEK_LOW_BREAK
2025-08-14,2025-08-18,24371.5,24702.6,24347.45,24631.3,24740.53153040014,555.0324187890743,24337.5,OFF,OFF,False,False,False,0,24463.015321005605,24823.786393218503,NONE,NO_CHANGE
2025-08-22,2025-08-25,24938.2,25153.65,24852.85,24870.1,24766.445224320116,552.6979603041406,24337.5,OFF,ON,True,False,False,0,24490.096244168046,24849.349918365737,OFF_TO_ON,UPPER_BAND_RECLAIM
2025-08-29,2025-09-01,24949.15,25021.55,24404.7,24426.85,24698.526179456094,557.2802488538447,24337.5,ON,ON,True,False,False,0,24419.886055029172,24782.11821678417,NONE,NO_CHANGE
2025-09-05,2025-09-08,24432.7,24980.75,24432.7,24741.0,24707.020943564876,557.0388025071417,24337.5,ON,ON,True,False,False,0,24428.501542311304,24790.576763940946,NONE,NO_CHANGE
2025-09-12,2025-09-15,24802.6,25139.45,24751.55,25114.0,24788.4167548519,545.7110308994887,24337.5,ON,ON,True,False,False,0,24515.561239402155,24870.273409486825,NONE,NO_CHANGE
2025-09-19,2025-09-22,25118.9,25448.55,25048.75,25327.05,24896.14340388152,535.288814406668,24337.5,ON,ON,True,False,False,0,24628.498996678187,24976.43672604252,NONE,NO_CHANGE
2025-09-26,2025-09-29,25238.1,25331.7,24629.45,24654.7,24847.854723105214,547.2146133776204,24337.5,ON,ON,True,False,False,0,24574.247416416405,24929.93691511186,NONE,NO_CHANGE
2025-10-03,2025-10-06,24728.55,24904.8,24587.7,24894.25,24857.13377848417,530.7778552792188,24337.5,ON,ON,True,False,False,0,24591.74485084456,24936.750456776055,NONE,NO_CHANGE
2025-10-10,2025-10-13,24916.55,25330.75,24881.65,25285.35,24942.777022787333,524.9437227592745,24337.5,ON,ON,True,False,False,0,24680.305161407698,25021.518581201224,NONE,NO_CHANGE
2025-10-17,2025-10-20,25177.3,25781.5,25060.55,25709.85,25096.191618229866,538.944171133612,24337.5,ON,ON,True,False,False,0,24826.71953266306,25177.033243899907,NONE,NO_CHANGE
2025-10-24,2025-10-27,25824.6,26104.2,25718.2,25795.15,25235.983294583893,528.6160160526399,24347.45,ON,ON,True,False,False,0,24971.675286557573,25315.27569699179,NONE,NO_CHANGE
2025-10-31,2025-11-03,25843.2,26097.85,25711.2,25722.1,25333.206635667117,518.475586334594,24404.7,ON,ON,True,False,False,0,25073.96884249982,25410.977973617304,NONE,NO_CHANGE
2025-11-07,2025-11-10,25696.85,25803.1,25318.45,25492.3,25365.025308533695,516.0594730249801,24404.7,ON,ON,True,False,False,0,25106.995572021206,25442.434229487444,NONE,NO_CHANGE
2025-11-14,2025-11-17,25503.5,26010.7,25449.25,25910.05,25474.03024682696,519.3016535231958,24432.7,ON,ON,True,False,False,0,25214.37942006536,25551.925494855437,NONE,NO_CHANGE
2025-11-21,2025-11-24,25948.2,26246.65,25856.2,26068.15,25592.854197461565,510.0979639858247,24587.7,ON,ON,True,False,False,0,25337.805215468652,25669.36889205944,NONE,NO_CHANGE
2025-11-28,2025-12-01,26122.8,26310.45,25842.95,26202.95,25714.873357969253,507.0552522725515,24587.7,ON,ON,True,False,False,0,25461.34573183298,25790.931645810135,NONE,NO_CHANGE
2025-12-05,2025-12-08,26325.8,26325.8,25891.0,26186.45,25809.1886863754,501.8941628245121,24587.7,ON,ON,True,False,False,0,25558.241604963143,25884.472810799078,NONE,NO_CHANGE
2025-12-12,2025-12-15,26159.8,26178.7,25693.25,26046.95,25856.74094910032,501.27315119418984,24587.7,ON,ON,True,False,False,0,25606.104373503225,25931.931921779447,NONE,NO_CHANGE
2025-12-19,2025-12-22,25930.05,26047.15,25726.3,25966.4,25878.672759280256,488.38578325174785,24881.65,ON,ON,True,False,False,0,25634.479867654383,25951.93062676802,NONE,NO_CHANGE
2025-12-26,2025-12-29,26055.85,26236.4,26008.6,26042.3,25911.398207424205,472.78679873376586,25060.55,ON,ON,True,False,False,0,25675.00480805732,25982.31622723427,NONE,NO_CHANGE
2026-01-02,2026-01-05,26063.35,26340.0,25878.0,26328.55,25994.828565939366,472.0163131099254,25318.45,ON,ON,True,False,False,0,25758.820409384403,26065.631012905855,NONE,NO_CHANGE
2026-01-09,2026-01-12,26333.7,26373.2,25623.0,25683.3,25932.522852751492,491.8865764592165,25318.45,ON,OFF,False,False,True,1,25686.579564521882,26006.305839220375,ON_TO_OFF,LOWER_BAND_BREAK
2026-01-16,2026-01-19,25669.05,25899.8,25473.4,25694.35,25884.888282201195,487.20896385498656,25318.45,OFF,OFF,False,False,False,0,25641.2838002737,25957.969626779442,NONE,NO_CHANGE
2026-01-23,2026-01-27,25653.1,25653.3,24919.8,25048.65,25717.640625760956,507.73332357963034,25449.25,OFF,OFF,False,True,True,1,25463.77396397114,25793.8006242979,NONE,EMERGENCY_10_WEEK_LOW_BREAK
2026-01-30,2026-02-01,25063.35,25458.15,24932.55,25320.65,25638.242500608765,509.009514752514,24919.8,OFF,OFF,False,True,False,2,25383.73774323251,25714.593927821643,NONE,CONFIRMED_LOWER_BAND_BREAK
2026-02-06,2026-02-09,25333.75,26341.2,24571.75,25693.7,25649.33400048701,599.0409779844774,24919.8,OFF,OFF,False,False,False,0,25349.813511494773,25739.190147184683,NONE,NO_CHANGE
2026-02-13,2026-02-16,25888.7,26009.4,25444.3,25471.1,25613.68720038961,596.6166224141577,24571.75,OFF,OFF,False,False,False,0,25315.37888918253,25703.179693751732,NONE,NO_CHANGE
2026-02-20,2026-02-23,25423.6,25885.3,25372.7,25571.25,25605.199760311687,590.6154350988608,24571.75,OFF,OFF,False,False,False,0,25309.892042762258,25693.792075576515,NONE,NO_CHANGE
2026-02-27,2026-03-02,25678.4,25771.45,25141.3,25178.65,25519.88980824935,593.4393325917993,24571.75,OFF,OFF,False,False,False,1,25223.17014195345,25608.90570813812,NONE,NO_CHANGE
2026-03-06,2026-03-09,24659.25,24989.35,24305.4,24450.45,25306.00184659948,613.4258088352423,24571.75,OFF,OFF,False,True,True,2,24999.288942181858,25398.015717924765,NONE,EMERGENCY_10_WEEK_LOW_BREAK
2026-03-13,2026-03-16,23868.05,24303.8,23112.0,23151.1,24875.021477279584,665.2132510612964,24305.4,OFF,OFF,False,True,True,3,24542.414851748938,24974.803464938777,NONE,EMERGENCY_10_WEEK_LOW_BREAK
2026-03-20,2026-03-23,23116.1,23862.25,22930.35,23114.5,24522.91718182367,684.2623045569183,23112.0,OFF,OFF,False,True,False,4,24180.78602954521,24625.556527507208,NONE,CONFIRMED_LOWER_BAND_BREAK
2026-03-27,2026-03-30,22824.35,23465.35,22471.25,22819.6,24182.253745458933,706.3935685171383,22930.35,OFF,OFF,False,True,True,5,23829.056961200364,24288.212780736503,NONE,EMERGENCY_10_WEEK_LOW_BREAK
2026-04-02,2026-04-06,22549.65,22941.3,22182.55,22713.1,23888.422996367146,710.133313623057,22471.25,OFF,OFF,False,True,False,6,23533.356339555616,23994.942993410605,NONE,CONFIRMED_LOWER_BAND_BREAK
2026-04-10,2026-04-13,22780.3,24074.05,22542.95,24050.6,23920.858397093718,768.77379122141,22182.55,OFF,ON,True,False,False,0,23536.471501483014,24036.17446577693,OFF_TO_ON,UPPER_BAND_RECLAIM
2026-04-17,2026-04-20,23589.6,24400.95,23555.6,24353.55,24007.396717674976,774.2435204198808,22182.55,ON,ON,True,False,False,0,23620.274957465037,24123.53324573796,NONE,NO_CHANGE
2026-04-24,2026-04-27,24391.5,24601.7,23813.65,23897.95,23985.50737413998,775.2296975327464,22182.55,ON,ON,True,False,False,0,23597.892525373605,24101.791828769892,NONE,NO_CHANGE
2026-04-30,2026-05-04,23945.45,24334.7,23796.85,23997.55,23987.915899311985,758.2740048518361,22182.55,ON,ON,True,False,False,0,23608.778896886066,24101.657000039762,NONE,NO_CHANGE
2026-05-08,2026-05-11,24063.55,24482.1,23882.05,24176.15,24025.562719449586,746.9722902195621,22182.55,ON,ON,True,False,False,0,23652.076574339804,24137.60856298252,NONE,NO_CHANGE
2026-05-15,2026-05-18,23970.1,23997.45,23262.55,23643.5,23949.15017555967,758.8742694895935,22182.55,ON,ON,True,False,False,0,23569.713040814873,24062.981315983106,NONE,NO_CHANGE
2026-05-22,2026-05-25,23482.2,23859.9,23317.1,23719.3,23903.180140447737,743.4403930974798,22182.55,ON,ON,True,False,False,0,23531.459943898997,24014.69619941236,NONE,NO_CHANGE
2026-05-29,2026-06-01,23940.25,24089.8,23484.75,23547.75,23832.09411235819,733.5553650190884,22182.55,ON,ON,True,False,False,0,23465.316429848648,23942.127417111053,NONE,NO_CHANGE
2026-06-05,2026-06-08,23654.5,23733.7,23151.5,23366.7,23739.015289886553,722.744267517725,22182.55,ON,OFF,False,False,True,1,23377.64315612769,23847.42693001421,ON_TO_OFF,LOWER_BAND_BREAK
2026-06-12,2026-06-15,23080.7,23645.35,23070.15,23622.9,23715.792231909243,712.2053912664587,22182.55,OFF,OFF,False,False,False,0,23359.689536276015,23822.623040599214,NONE,NO_CHANGE
2026-06-19,2026-06-22,23984.85,24189.25,23817.8,24013.1,23775.25378552739,701.7871490331402,22542.95,OFF,ON,True,False,False,0,23424.360211010822,23880.521857882362,OFF_TO_ON,UPPER_BAND_RECLAIM
2026-06-25,2026-06-29,24106.6,24261.6,23784.95,24056.0,23831.40302842191,685.7059241022015,23070.15,ON,ON,True,False,False,0,23488.55006637081,23934.25891703724,NONE,NO_CHANGE
2026-07-03,2026-07-06,24061.75,24378.15,23829.2,24270.85,23919.29242273753,675.9376438091871,23070.15,ON,ON,True,False,False,0,23581.323600832937,24020.683069308907,NONE,NO_CHANGE
2026-07-10,2026-07-13,24306.85,24530.9,23805.2,24206.9,23976.813938190026,679.4920978228166,23070.15,ON,ON,True,False,False,0,23637.067889278616,24078.73775286345,NONE,NO_CHANGE
2026-07-17,,24039.4,24367.3,24000.2,24334.3,24048.31115055202,657.1783765497582,23070.15,ON,ON,True,False,False,0,23719.72196227714,24146.887907034485,NONE,NO_CHANGE
