date,market_state,realized,unrealized,total_pnl,active
2023-01-02,NORMAL,0.0,0.0,0.0,6
2023-01-03,NORMAL,0.0,-2645.7597647746734,-2645.7597647746734,6
2023-01-04,NORMAL,0.0,-42898.05710447492,-42898.05710447492,6
2023-01-05,NORMAL,111.1111111111095,-29633.829145261232,-29522.718034150123,6
2023-01-06,NORMAL,-460.3174603174557,-32530.237772760272,-32990.55523307773,6
2023-01-09,NORMAL,1428.5714285714203,750.1747634443454,2178.7461920157657,6
2023-01-10,NORMAL,428.57142857142753,-2752.927622843359,-2324.3561942719316,6
2023-01-11,NORMAL,428.57142857142753,-36388.64463723876,-35960.07320866733,6
2023-01-12,NORMAL,428.57142857142753,-40726.81960874662,-40298.24818017519,6
2023-01-13,NORMAL,761.9047619047706,-37038.37056186318,-36276.46579995841,6
2023-01-16,NORMAL,761.9047619047706,-38377.37682535761,-37615.47206345284,6
2023-01-17,NORMAL,761.9047619047706,-13865.885216434428,-13103.980454529657,6
2023-01-18,NORMAL,2428.571428571442,15028.002901307947,17456.57432987939,6
2023-01-19,NORMAL,4333.333333333365,26144.031896673667,30477.36523000703,6
2023-01-20,NORMAL,7333.333333333379,20194.68494067085,27528.01827400423,6
2023-01-23,NORMAL,14333.333333333394,46476.370284151344,60809.70361748474,6
2023-01-24,NORMAL,15767.676767676814,32470.490480084205,48238.16724776102,7
2023-01-25,NORMAL,15767.676767676814,11892.256739077915,27659.93350675473,8
2023-01-27,NORMAL,30958.63395863404,22957.787216374825,53916.421175008865,8
2023-01-30,NORMAL,30958.63395863404,-15535.908610812214,15422.725347821826,8
2023-01-31,NORMAL,39336.150621865,22646.56958399611,61982.720205861115,8
2023-02-01,NORMAL,57161.02271946431,4101.732623982825,61262.755343447134,8
2023-02-02,NORMAL,73543.3337706064,-32298.21591127495,41245.117859331454,8
2023-02-03,NORMAL,73158.0897357412,23396.00206271492,96554.09179845612,8
2023-02-06,NORMAL,92650.77707085271,23363.671295096196,116014.4483659489,8
2023-02-07,NORMAL,92650.77707085271,11465.260549057944,104116.03761991065,8
2023-02-08,NORMAL,92578.46666520897,19045.194517979515,111623.66118318848,8
2023-02-09,NORMAL,101583.94482341438,13577.480280158808,115161.42510357319,8
2023-02-10,NORMAL,103417.27815674772,34506.241366279224,137923.51952302695,8
2023-02-13,NORMAL,104003.57426422153,43507.07124930926,147510.6455135308,8
2023-02-14,NORMAL,121238.79434380523,50255.37950050575,171494.17384431098,8
2023-02-15,NORMAL,122516.16059894924,77983.58766006376,200499.748259013,8
2023-02-16,NORMAL,136772.23545687596,94865.65644527736,231637.89190215332,8
2023-02-17,NORMAL,146504.2680847419,73795.63998428988,220299.90806903178,8
2023-02-20,NORMAL,150898.03117014136,67687.69718317146,218585.72835331282,8
2023-02-21,NORMAL,150898.03117014136,49484.84983705194,200382.8810071933,8
2023-02-22,NORMAL,150898.03117014136,22670.619460229034,173568.6506303704,8
2023-02-23,NORMAL,156625.12758887414,15856.450728280732,172481.57831715487,8
2023-02-24,NORMAL,158782.8656841122,11690.44664873142,170473.31233284363,8
2023-02-27,NORMAL,160217.3760773003,-14613.89846599783,145603.47761130246,8
2023-02-28,NORMAL,158854.28083920505,-35434.4658184445,123419.81502076055,8
2023-03-01,NORMAL,158854.28083920505,-825.3506005483796,158028.93023865667,8
2023-03-02,NORMAL,159639.9951249193,-19392.474795196205,140247.5203297231,8
2023-03-03,NORMAL,163800.96054456243,21042.403961796314,184843.36450635875,8
2023-03-06,NORMAL,181043.78203169454,37781.056609968684,218824.83864166323,8
2023-03-08,NORMAL,190164.47309820377,48075.99883922396,238240.47193742773,8
2023-03-09,NORMAL,195813.85276028182,33178.41157107774,228992.26433135956,8
2023-03-10,NORMAL,199569.04935432138,21078.261002021405,220647.3103563428,8
2023-03-13,NORMAL,199569.04935432138,-22588.034168562066,176981.01518575932,8
2023-03-14,NORMAL,199569.04935432138,-42154.66485872847,157414.3844955929,8
2023-03-15,NORMAL,197212.42185483675,-43258.39157271484,153954.0302821219,8
2023-03-16,NORMAL,200883.4347754069,-53645.69187637017,147237.74289903673,8
2023-03-17,NORMAL,200495.2754993508,-24481.71706901543,176013.55843033537,8
2023-03-20,NORMAL,200495.2754993508,-56061.892840593064,144433.38265875774,8
2023-03-21,NORMAL,196625.92805667003,-54394.46928345371,142231.45877321632,8
2023-03-22,NORMAL,194351.64234238432,-30820.043739918212,163531.5986024661,8
2023-03-23,NORMAL,194948.7137155381,-37601.534931854694,157347.1787836834,8
2023-03-24,NORMAL,194948.7137155381,-65310.23835606122,129638.47535947687,8
2023-03-27,NORMAL,195235.6543019578,-62572.96243435214,132662.69186760567,8
2023-03-28,NORMAL,195235.6543019578,-52780.26040665136,142455.39389530645,8
2023-03-29,NORMAL,194763.15467406443,-28645.538182033284,166117.61649203114,8
2023-03-31,NORMAL,194047.36699214863,10426.95037502714,204474.31736717577,8
2023-04-03,NORMAL,198453.56637666433,22553.364824833407,221006.93120149773,8
2023-04-05,NORMAL,203327.87601902348,25286.154335040483,228614.03035406396,8
2023-04-06,NORMAL,209375.7396406626,26148.873938543315,235524.6135792059,8
2023-04-10,NORMAL,243025.2684765744,41893.98390707435,284919.25238364877,7
2023-04-11,NORMAL,245606.70751126402,63110.7331898275,308717.44070109155,7
2023-04-12,NORMAL,245606.70751126402,54119.45425923643,299726.1617705005,7
2023-04-13,NORMAL,255180.9257735432,76575.77103477431,331756.6968083175,7
2023-04-17,NORMAL,275028.75717847666,72636.55585568241,347665.3130341591,7
2023-04-18,NORMAL,275028.75717847666,63266.6008984822,338295.35807695886,7
2023-04-19,NORMAL,275028.75717847666,55036.72346146949,330065.4806399462,7
2023-04-20,NORMAL,275028.75717847666,60887.63109312668,335916.3882716033,7
2023-04-21,NORMAL,281584.52460876375,56081.726039026544,337666.25064779026,6
2023-04-24,NORMAL,287236.8561264307,47662.665080118255,334899.5212065489,6
2023-04-25,NORMAL,287236.8561264307,49469.2484955297,336706.1046219604,6
2023-04-26,NORMAL,295264.81130150176,56248.69591212901,351513.5072136308,6
2023-04-27,NORMAL,296746.2179606862,69608.98107863107,366355.19903931726,6
2023-04-28,NORMAL,307325.31925190176,88189.44473150972,395514.7639834115,6
2023-05-02,NORMAL,326553.81490522117,83917.6850108754,410471.49991609657,6
2023-05-03,NORMAL,326553.81490522117,70875.59955381686,397429.41445903806,6
2023-05-04,NORMAL,326553.81490522117,68682.04291487145,395235.8578200926,6
2023-05-05,NORMAL,331807.9763544239,37725.40112775916,369533.37748218304,6
2023-05-08,NORMAL,348879.47529280063,51354.87985404527,400234.3551468459,6
2023-05-09,NORMAL,355268.2539524126,24342.665127230168,379610.91907964274,5
2023-05-10,NORMAL,358831.71396752977,16062.243062463327,374893.95702999306,5
2023-05-11,NORMAL,363728.5073159802,15753.202423249604,379481.7097392298,5
2023-05-12,NORMAL,381856.08179507084,-8171.883477376963,373684.1983176939,5
2023-05-15,NORMAL,381856.08179507084,-6358.040903347195,375498.04089172365,5
2023-05-16,NORMAL,389419.54181018804,-26287.788105630752,363131.7537045573,4
2023-05-17,NORMAL,389419.54181018804,-26842.674077490723,362576.8677326973,4
2023-05-18,NORMAL,389419.54181018804,-37799.919221835095,351619.62258835294,4
2023-05-19,NORMAL,389419.54181018804,-44764.21116354063,344655.3306466474,6
2023-05-22,NORMAL,392266.45319199166,-29323.683679683076,362942.7695123086,6
2023-05-23,NORMAL,393599.786525325,-16893.449903726738,376706.3366215982,6
2023-05-24,NORMAL,393599.786525325,-18565.77277544237,375034.0137498826,6
2023-05-25,NORMAL,397268.92232779413,-22729.235957544603,374539.68637024955,6
2023-05-26,NORMAL,398868.92232779413,6693.745811676927,405562.6681394711,6
2023-05-29,NORMAL,404986.66878208576,10549.386905019099,415536.0556871049,6
2023-05-30,NORMAL,407572.9985049607,38.87229159407434,407611.8707965547,6
2023-05-31,NORMAL,424759.2325217156,-26705.76047030228,398053.47205141326,5
2023-06-01,NORMAL,429683.21372762386,-32005.537734524594,397677.6759930993,6
2023-06-02,NORMAL,444820.06502832955,-17498.436557650202,427321.62847067934,5
2023-06-05,NORMAL,448383.25802347844,-13168.802429744246,435214.45559373416,5
2023-06-06,NORMAL,449246.5656560168,-22000.68753863714,427245.8781173797,4
2023-06-07,NORMAL,451707.67676712794,-3115.3533158030477,448592.3234513249,4
2023-06-08,NORMAL,457589.61831298127,-20560.793466645497,437028.8248463358,4
2023-06-09,NORMAL,457589.61831298127,-36702.431856155046,420887.1864568262,4
2023-06-12,NORMAL,457589.61831298127,-42616.209385730355,414973.4089272509,4
2023-06-13,NORMAL,459909.7572018702,-34212.06590879671,425697.69129307347,4
2023-06-14,NORMAL,459909.75720187015,-23552.421418535407,436357.33578333474,5
2023-06-15,NORMAL,459909.75720187015,-44119.79735027021,415789.95985159994,5
2023-06-16,NORMAL,462001.1544182304,-40805.42658082995,421195.72783740045,5
2023-06-19,NORMAL,462001.1544182304,-59298.299486796255,402702.85493143415,5
2023-06-20,NORMAL,466942.12519115704,-52265.88046544252,414676.24472571455,5
2023-06-21,NORMAL,480824.0667370104,-54276.83194167848,426547.2347953319,4
2023-06-22,NORMAL,482157.40007034375,-78134.48262855416,404022.9174417896,5
2023-06-23,NORMAL,482157.40007034375,-129637.0000148614,352520.40005548234,6
2023-06-26,NORMAL,481324.06673701043,-89593.75502316788,391730.31171384256,6
2023-06-27,NORMAL,481590.73340367706,-87118.41744252323,394472.3159611538,6
2023-06-28,NORMAL,485524.06673701043,-59646.02719155744,425878.039545453,6
2023-06-30,NORMAL,485524.06673701043,-42271.65376183939,443252.41297517106,6
2023-07-03,NORMAL,488764.1709036771,-43511.07837513214,445253.09252854495,5
2023-07-04,NORMAL,488764.1709036771,-37744.93833066727,451019.23257300985,6
2023-07-05,NORMAL,497364.1709036772,-58192.820127248066,439171.3507764291,6
2023-07-06,NORMAL,497364.1709036772,-53519.54895087637,443844.6219528008,6
2023-07-07,NORMAL,497364.1709036772,-87787.31193975348,409576.8589639237,6
2023-07-10,NORMAL,500604.2750703438,-100686.88326119946,399917.39180914435,6
2023-07-11,NORMAL,501483.44173701043,-102466.26156980655,399017.1801672039,6
2023-07-12,NORMAL,500150.1084036771,-101050.48537183646,399099.62303184066,6
2023-07-13,NORMAL,507418.8584036771,-115182.98142790154,392235.8769757756,6
2023-07-14,NORMAL,514431.01118145493,-61817.859319211246,452613.15186224366,6
2023-07-17,NORMAL,519551.2034891472,-36447.26182976915,483103.941659378,6
2023-07-18,NORMAL,519551.2034891472,-42041.835391171335,477509.36809797585,6
2023-07-19,NORMAL,519551.2034891472,-44221.59112098039,475329.6123681668,6
2023-07-20,NORMAL,519551.2034891472,-41382.254789202445,478168.94869994477,6
2023-07-21,NORMAL,520914.16645211016,-79136.75019603455,441777.4162560756,6
2023-07-24,NORMAL,520914.16645211016,-81585.4697317433,439328.69672036683,7
2023-07-25,NORMAL,525688.3331187769,-75479.03003023009,450209.30308854685,8
2023-07-26,NORMAL,529167.4997854435,-64385.61201764151,464781.887767802,8
2023-07-27,NORMAL,537971.2960817398,-85722.32326133596,452248.97282040387,8
2023-07-28,NORMAL,541082.407192851,-82672.85937119366,458409.54782165727,8
2023-07-31,NORMAL,551253.3099706287,-57046.3959510288,494206.9140195999,8
2023-08-01,NORMAL,558912.8304341396,-72101.14343205091,486811.68700208864,9
2023-08-02,NORMAL,559811.5958662383,-129706.4061955054,430105.18967073294,9
2023-08-03,NORMAL,569439.562687226,-172994.79447662545,396444.76821060054,9
2023-08-04,NORMAL,577738.5992048256,-172619.1876626397,405119.4115421859,10
2023-08-07,NORMAL,591769.79519248,-154267.60082506732,437502.19436741265,8
2023-08-08,NORMAL,598995.1858767464,-160997.96306859213,437997.2228081543,9
2023-08-09,NORMAL,606900.7093810198,-135811.9612779724,471088.7481030474,10
2023-08-10,NORMAL,613425.7093810199,-138722.81682481812,474702.8925562018,9
2023-08-11,NORMAL,613425.7093810199,-181172.54093197655,432253.1684490434,10
2023-08-14,NORMAL,613425.7093810199,-224604.88694532294,388820.82243569696,10
2023-08-16,NORMAL,613336.8204921309,-220193.25300041644,393143.5674917145,10
2023-08-17,NORMAL,618093.9871587977,-222171.2964623838,395922.69069641386,10
2023-08-18,NORMAL,627824.5427143533,-258812.47454062637,369012.0681737269,9
2023-08-21,NORMAL,631468.7945662051,-217314.85543393122,414153.9391322739,9
2023-08-22,NORMAL,635468.7945662051,-235215.0764454541,400253.71812075103,9
2023-08-23,NORMAL,640742.4834550942,-243607.89462814367,397134.5888269505,9
2023-08-24,NORMAL,643149.8908625015,-237691.1721907119,405458.71867178957,9
2023-08-25,NORMAL,643149.8908625015,-241995.64178622045,401154.249076281,9
2023-08-28,NORMAL,643507.9155538596,-229929.68795009571,413578.2276037638,9
2023-08-29,NORMAL,646651.0291341064,-201059.202890625,445591.82624348137,9
2023-08-30,NORMAL,650186.1180229953,-210216.4562421925,439969.66178080277,9
2023-08-31,NORMAL,650186.1180229953,-270351.84156964114,379834.27645335416,10
2023-09-01,NORMAL,656766.3511943312,-203578.84500855667,453187.5061857745,10
2023-09-04,NORMAL,668415.3959826789,-173665.65320516814,494749.7427775107,9
2023-09-05,NORMAL,669158.2531255361,-153894.12427991466,515264.1288456215,9
2023-09-06,NORMAL,672170.5988045484,-145296.46485613697,526874.1339484114,9
2023-09-07,NORMAL,673503.9321378818,-130679.34959728573,542824.582540596,8
2023-09-08,NORMAL,673661.7230649034,-114487.00635718973,559174.7167077137,8
2023-09-11,NORMAL,679547.4373506177,-73786.94655164352,605760.4907989742,8
2023-09-12,NORMAL,686374.8788111953,-143491.2339947832,542883.6448164121,8
2023-09-13,NORMAL,686066.529041307,-116352.56501735235,569713.9640239547,8
2023-09-14,NORMAL,693053.8844136723,-80445.2877174963,612608.596696176,8
2023-09-15,NORMAL,694246.5927470056,-88048.40589410166,606198.186852904,8
2023-09-18,NORMAL,694246.5927470056,-74306.75805941934,619939.8346875863,8
2023-09-20,NORMAL,694246.5927470055,-117035.44397474651,577211.148772259,10
2023-09-21,NORMAL,694246.5927470055,-114186.9121006141,580059.6806463914,10
2023-09-22,NORMAL,695579.9260803389,-144590.2512613866,550989.6748189523,10
2023-09-25,NORMAL,698223.0837773427,-132240.48984499692,565982.5939323457,10
2023-09-26,NORMAL,704608.5004440094,-144564.29944828738,560044.2009957221,10
2023-09-27,NORMAL,704608.5004440094,-135644.49099512503,568964.0094488844,10
2023-09-28,NORMAL,704756.6485921575,-230619.26798924306,474137.3806029145,10
2023-09-29,NORMAL,709731.1341888653,-189260.30913647648,520470.8250523888,10
2023-10-03,NORMAL,709864.4675221987,-224477.59360796583,485386.8739142328,10
2023-10-04,NORMAL,709836.1139932871,-234873.80930401798,474962.3046892691,10
2023-10-05,NORMAL,709804.2727338817,-210480.85799138687,499323.4147424948,10
2023-10-06,NORMAL,714073.9235484044,-150537.72988373073,563536.1936646736,10
2023-10-09,NORMAL,715705.433965071,-197671.7107776493,518033.7231874217,10
2023-10-10,NORMAL,716712.9552177421,-150561.38095865733,566151.5742590848,10
2023-10-11,NORMAL,722945.7359363053,-108706.10965174172,614239.6262845636,10
2023-10-12,NORMAL,726311.5338329673,-110570.99146716952,615740.5423657978,10
2023-10-13,NORMAL,726415.237536671,-129471.63023096145,596943.6073057095,10
2023-10-16,NORMAL,726415.237536671,-131683.0176986118,594732.2198380592,10
2023-10-17,NORMAL,728068.6440295837,-112293.48187358555,615775.1621559982,10
2023-10-18,NORMAL,731033.4877795837,-156082.057532267,574951.4302473166,10
2023-10-19,NORMAL,731033.4877795837,-180415.45796900176,550618.0298105819,10
2023-10-20,NORMAL,730729.9568433997,-230512.2378632235,500217.71898017614,10
2023-10-23,NORMAL,734405.3572054098,-333371.70108999225,401033.65611541754,10
2023-10-25,NORMAL,733696.075083782,-366684.5957965145,367011.4792872675,10
2023-10-26,NORMAL,733696.075083782,-479292.7599489186,254403.31513486337,10
2023-10-27,NORMAL,729273.5113107661,-440581.68818057014,288691.82313019596,10
2023-10-30,NORMAL,726926.1308001203,-428062.8092807488,298863.3215193715,10
2023-10-31,NORMAL,726455.0196890093,-412110.7578036672,314344.2618853421,10
2023-11-01,NORMAL,726455.0196890093,-438202.3019178562,288252.7177711531,10
2023-11-02,NORMAL,725047.1686805546,-377776.57793974644,347270.59074080817,10
2023-11-03,NORMAL,727819.9089341869,-353964.87617749325,373855.03275669366,10
2023-11-06,NORMAL,733245.2296139412,-296746.4850549198,436498.7445590214,10
2023-11-07,NORMAL,736075.3234230654,-289484.414026172,446590.90939689334,10
2023-11-08,NORMAL,735963.3732173318,-232860.55327189591,503102.8199454359,10
2023-11-09,NORMAL,744018.7589537475,-265548.11996660393,478470.6389871435,9
2023-11-10,NORMAL,744018.7589537475,-271358.01240330376,472660.7465504437,9
2023-11-12,NORMAL,748408.0004902058,-249087.22057785647,499320.77991234936,8
2023-11-13,NORMAL,748408.0004902058,-252450.65066467517,495957.34982553066,9
2023-11-15,NORMAL,760571.2074004211,-188123.8895878956,572447.3178125256,9
2023-11-16,NORMAL,773497.5066754333,-167204.8325068139,606292.6741686193,9
2023-11-17,NORMAL,777898.0891659494,-170941.00533222384,606957.0838337255,9
2023-11-20,NORMAL,784564.755832616,-191308.41945847322,593256.3363741428,9
2023-11-21,NORMAL,788428.4597441595,-160594.5693366694,627833.8904074901,9
2023-11-22,NORMAL,792861.3986001752,-150054.78686346856,642806.6117367066,9
2023-11-23,NORMAL,798627.6707895243,-140303.09231951652,658324.5784700077,9
2023-11-24,NORMAL,803370.596564116,-140094.35474143203,663276.241822684,9
2023-11-28,NORMAL,835585.9815144528,-84723.09808596218,750862.8834284907,9
2023-11-29,NORMAL,844684.8006184051,-69090.85483367575,775593.9457847293,9
2023-11-30,NORMAL,860736.7870934685,-67742.68989083613,792994.0972026323,9
2023-12-01,NORMAL,865568.1388147539,-53601.273326676426,811966.8654880774,9
2023-12-04,NORMAL,923250.8751785858,-60547.805515497515,862703.0696630883,8
2023-12-05,NORMAL,959004.4925559594,-83566.57224874015,875437.9203072193,7
2023-12-06,NORMAL,969329.3045252524,-44905.6353987652,924423.6691264872,7
2023-12-07,NORMAL,974803.7964768304,-56163.885819694755,918639.9106571357,7
2023-12-08,NORMAL,976803.0100581003,-58866.97904881503,917936.0310092852,7
2023-12-11,NORMAL,976803.0100581003,-41559.632851449016,935243.3772066513,7
2023-12-12,NORMAL,984832.1768709044,-52223.7230875899,932608.4537833144,7
2023-12-13,NORMAL,984832.1768709044,-51246.42607924031,933585.7507916641,7
2023-12-14,NORMAL,1005639.6550803601,-27025.513414613888,978614.1416657462,7
2023-12-15,NORMAL,1024761.835092946,1465.8451953502517,1026227.6802882962,6
2023-12-18,NORMAL,1027537.3452970276,-5795.462820935936,1021741.8824760916,6
2023-12-19,NORMAL,1031216.8894565718,-26888.016584021912,1004328.8728725498,6
2023-12-20,NORMAL,1036579.9002598546,-98463.59262173713,938116.3076381175,6
2023-12-21,NORMAL,1036579.9002598546,-89120.02537283301,947459.8748870216,6
2023-12-22,NORMAL,1064925.4669824583,-58997.23207074238,1005928.2349117158,6
2023-12-26,NORMAL,1088003.7462928365,-52686.08043665532,1035317.6658561812,6
2023-12-27,NORMAL,1099089.3530341396,-52334.13175960624,1046755.2212745333,6
2023-12-28,NORMAL,1110291.4924179772,-48395.09082957725,1061896.4015884,6
2023-12-29,NORMAL,1110291.4924179772,-50190.381488242885,1060101.1109297343,6
2024-01-01,NORMAL,1121115.831353013,-51903.49316735144,1069212.3381856615,5
2024-01-02,NORMAL,1129030.7973394073,-53881.881047802686,1075148.9162916045,6
2024-01-03,NORMAL,1129030.7973394073,-82140.8353232544,1046889.9620161529,6
2024-01-04,NORMAL,1142441.270056578,-85854.95919281425,1056586.3108637638,6
2024-01-05,NORMAL,1142441.270056578,-89893.09994032315,1052548.170116255,6
2024-01-08,NORMAL,1142441.2700565779,-137925.39764491987,1004515.872411658,7
2024-01-09,NORMAL,1145524.0364964874,-149982.87415616165,995541.1623403258,7
2024-01-10,NORMAL,1145524.0364964874,-138200.175186573,1007323.8613099144,7
2024-01-11,NORMAL,1149524.0364964874,-135569.51941862065,1013954.5170778668,7
2024-01-12,NORMAL,1153266.327012232,-122494.36565364452,1030771.9613585875,7
2024-01-15,NORMAL,1191163.4365215488,-139309.00329507774,1051854.433226471,7
2024-01-16,NORMAL,1192496.7698548818,-153520.28868182062,1038976.4811730612,7
2024-01-17,NORMAL,1195830.1031882153,-204062.58552229003,991767.5176659252,8
2024-01-18,NORMAL,1197163.4365215488,-233149.26202203875,964014.1744995101,8
2024-01-19,NORMAL,1194867.332693404,-205811.49839129637,989055.8343021077,8
2024-01-20,NORMAL,1195311.7771378485,-231429.33073309655,963882.446404752,8
2024-01-23,NORMAL,1195645.1104711818,-297071.49666643614,898573.6138047457,9
2024-01-24,NORMAL,1196697.970065203,-253502.87827206918,943195.0917931339,9
2024-01-25,NORMAL,1197561.4621286949,-288525.41994640016,909036.0421822947,10
2024-01-29,NORMAL,1210857.1537386724,-266418.912120561,944438.2416181114,10
2024-01-30,NORMAL,1212699.746331265,-299984.2400546348,912715.5062766301,10
2024-01-31,NORMAL,1214030.2249512845,-243675.10566811124,970355.1192831732,10
2024-02-01,NORMAL,1222770.3610057062,-267937.7512663183,954832.6097393879,10
2024-02-02,NORMAL,1230039.3221726317,-247188.39734507873,982850.924827553,9
2024-02-05,NORMAL,1235231.924213448,-352646.9350215945,882584.9891918536,9
2024-02-06,NORMAL,956098.1352542156,-43366.85091401107,912731.2843402044,8
2024-02-07,NORMAL,971701.9035710722,-26781.83134281762,944920.0722282545,8
2024-02-08,NORMAL,973035.2369044054,-82207.3577822702,890827.8791221352,8
2024-02-09,NORMAL,973257.4591266277,-78776.36857088652,894481.0905557411,8
2024-02-12,NORMAL,981525.4435312737,-77432.14168100405,904093.3018502697,7
2024-02-13,NORMAL,981482.5533607804,-61379.61827709549,920102.9350836849,7
2024-02-14,NORMAL,983910.5709526568,-47391.11255593557,936519.4583967212,7
2024-02-15,NORMAL,981135.5784238182,-43398.284347192646,937737.2940766256,7
2024-02-16,NORMAL,986259.7518792086,-31797.041545325716,954462.7103338828,7
2024-02-19,NORMAL,988177.1791690326,-20766.518021055992,967410.6611479766,7
2024-02-20,NORMAL,988177.1791690326,-23190.550049082143,964986.6291199505,7
2024-02-21,NORMAL,991424.3846943938,-46220.99075085482,945203.393943539,7
2024-02-22,NORMAL,993150.9047602209,-32359.928904934874,960790.975855286,7
2024-02-23,NORMAL,993553.5572510917,-26011.40137555066,967542.155875541,7
2024-02-26,NORMAL,996300.8361626562,-72124.10462177815,924176.7315408781,7
2024-02-27,NORMAL,997751.5164347651,-76408.66782945857,921342.8486053065,7
2024-02-28,NORMAL,997751.5164347651,-115995.883554578,881755.6328801871,7
2024-02-29,NORMAL,997751.5164347651,-110562.66298878644,887188.8534459786,7
2024-03-01,NORMAL,1006761.603375672,-91036.24059210368,915725.3627835683,7
2024-03-02,NORMAL,1006761.603375672,-79764.93963375578,926996.6637419162,7
2024-03-04,NORMAL,1013629.4362230968,-90153.77886240894,923475.6573606879,7
2024-03-05,NORMAL,1013629.4362230968,-122210.32063657523,891419.1155865216,8
2024-03-06,NORMAL,1013629.4362230968,-105653.14866733138,907976.2875557654,8
2024-03-07,NORMAL,1015759.3047787531,-61663.474846830184,954095.829931923,9
2024-03-11,NORMAL,1023798.747669612,-55372.17762803617,968426.5700415759,9
2024-03-12,NORMAL,1025117.3871253943,-63350.35386447447,961767.0332609199,9
2024-03-13,NORMAL,1025117.3871253943,-107264.2379339982,917853.1491913961,9
2024-03-14,NORMAL,1030696.2554981404,-84822.99085604385,945873.2646420965,9
2024-03-15,NORMAL,1033474.0858421365,-98471.12350821026,935002.9623339262,9
2024-03-18,NORMAL,1033878.7802484771,-96451.08420728185,937427.6960411953,9
2024-03-19,NORMAL,1033678.2827485634,-123523.45028323316,910154.8324653303,9
2024-03-20,NORMAL,1035648.8949934614,-105668.95747733739,929979.937516124,9
2024-03-21,NORMAL,1042412.9485513926,-86118.07247035834,956294.8760810343,9
2024-03-22,NORMAL,1048798.5877801066,-89936.55526558336,958862.0325145232,9
2024-03-26,NORMAL,1053971.656849678,-108935.33580738341,945036.3210422945,9
2024-03-27,NORMAL,1053971.656849678,-114810.34379872249,939161.3130509554,9
2024-03-28,NORMAL,1069623.3059224207,-68183.93700059604,1001439.3689218246,9
2024-04-01,NORMAL,1073725.4380546245,-41001.98314311085,1032723.4549115136,8
2024-04-02,NORMAL,1076975.4380546245,-30947.195203527124,1046028.2428510974,8
2024-04-03,NORMAL,1084672.8757804877,-36811.99677519116,1047860.8790052965,8
2024-04-04,NORMAL,1086942.303848011,-8956.256888021002,1077986.04695999,8
2024-04-05,NORMAL,1090761.856098089,-14202.04354501245,1076559.8125530765,9
2024-04-08,NORMAL,1100981.221219524,-13784.39908841753,1087196.8221311066,8
2024-04-09,NORMAL,1110003.8400930765,-16492.438318476285,1093511.4017746001,8
2024-04-10,NORMAL,1111073.798940813,-5736.472256245033,1105337.3266845678,8
2024-04-12,NORMAL,1114260.2313265894,-33105.3563568175,1081154.8749697718,8
2024-04-15,NORMAL,1115056.5276228858,-69695.70607125852,1045360.8215516272,8
2024-04-16,NORMAL,1115056.5276228858,-121228.37781532094,993828.1498075648,8
2024-04-18,NORMAL,1115004.4209389423,-151731.9306871394,963272.490251803,8
2024-04-19,NORMAL,1112371.7711526426,-145519.12948315014,966852.6416694925,8
2024-04-22,NORMAL,1112552.556190102,-96245.69984624477,1016306.8563438571,8
2024-04-23,NORMAL,1114310.9542068152,-81637.02558194153,1032673.9286248737,8
2024-04-24,NORMAL,1119267.7226665383,-90468.62568686926,1028799.0969796691,8
2024-04-25,NORMAL,1126849.1760958042,-73032.18432005038,1053816.991775754,8
2024-04-26,NORMAL,1151742.840536982,-104850.25258463205,1046892.58795235,7
2024-04-29,NORMAL,1161256.9589077744,-107209.18836829995,1054047.7705394744,8
2024-04-30,NORMAL,1164325.641769368,-100855.37288444515,1063470.2688849228,8
2024-05-02,NORMAL,1164325.641769368,-83189.52602442153,1081136.1157449465,8
2024-05-03,NORMAL,1173531.6903541477,-111874.13953595428,1061657.5508181935,8
2024-05-06,NORMAL,1173531.6903541477,-121017.75567637313,1052513.9346777746,8
2024-05-07,NORMAL,1174037.2459097032,-117739.71472354681,1056297.5311861564,9
2024-05-08,NORMAL,1174037.2459097032,-148753.81323929358,1025283.4326704096,9
2024-05-09,NORMAL,1174037.2459097032,-227819.9812193349,946217.2646903683,9
2024-05-10,NORMAL,1174037.2459097032,-201174.367144073,972862.8787656302,9
2024-05-13,NORMAL,1172613.945100274,-128510.62454603359,1044103.3205542404,9
2024-05-14,NORMAL,1181613.945100274,-139778.47478129662,1041835.4703189773,8
2024-05-15,NORMAL,1184280.6117669407,-165363.48777491058,1018917.12399203,9
2024-05-16,NORMAL,1184050.4192302278,-116037.70341708847,1068012.7158131395,9
2024-05-17,NORMAL,1185550.4192302278,-124444.18736377587,1061106.231866452,9
2024-05-18,NORMAL,1186221.5303413388,-114335.31269986508,1071886.2176414737,9
2024-05-21,NORMAL,1198228.873641434,-116331.51292292832,1081897.3607185055,8
2024-05-22,NORMAL,1202399.211958148,-95798.43361336313,1106600.7783447849,9
2024-05-23,NORMAL,1223399.2119581483,-67573.23127949993,1155825.9806786485,9
2024-05-24,NORMAL,1240794.0933251516,-91279.53081880153,1149514.56250635,7
2024-05-27,NORMAL,1242229.990761049,-82774.08684396654,1159455.9039170826,7
2024-05-28,NORMAL,1241772.6804687176,-73953.92982240662,1167818.7506463109,8
2024-05-29,NORMAL,1243085.1804687176,-107716.22062357847,1135368.9598451392,8
2024-05-30,NORMAL,1243085.1804687176,-200272.64660469792,1042812.5338640197,8
2024-05-31,NORMAL,1251307.5362379483,-199645.77225383787,1051661.7639841104,8
2024-06-03,NORMAL,1255109.9746230824,-150671.9761492121,1104437.9984738703,7
2024-06-04,NORMAL,1254409.7613294318,-258321.84122616868,996087.9201032631,8
2024-06-05,NORMAL,1258247.3648724053,-57984.87937520808,1200262.4854971971,8
2024-06-06,NORMAL,1266051.4419814001,-27969.97777341405,1238081.4642079861,8
2024-06-07,NORMAL,1272309.9545374936,48297.320859711734,1320607.2753972053,8
2024-06-10,NORMAL,1286562.4037470843,50355.43300833646,1336917.8367554208,8
2024-06-11,NORMAL,1295303.5106720102,40523.93336242286,1335827.444034433,8
2024-06-12,NORMAL,1295303.5106720102,40129.602496790525,1335433.1131688007,8
2024-06-13,NORMAL,1303715.442855624,72037.01356274352,1375752.4564183676,8
2024-06-14,NORMAL,1303715.442855624,73170.61573897218,1376886.058594596,8
2024-06-18,NORMAL,1316663.504185526,79502.75792892298,1396166.262114449,8
2024-06-19,NORMAL,1328071.2777771186,58967.46934633714,1387038.7471234556,8
2024-06-20,NORMAL,1348569.305390531,55082.990918366704,1403652.2963088977,8
2024-06-21,NORMAL,1351294.067807601,32378.194388765492,1383672.2621963667,8
2024-06-24,NORMAL,1366117.3281009938,35856.38844301633,1401973.7165440102,8
2024-06-25,NORMAL,1368413.562384257,42992.238578020304,1411405.8009622775,8
2024-06-26,NORMAL,1368413.562384257,35219.40748254093,1403632.969866798,8
2024-06-27,NORMAL,1372471.6581346605,55810.49035694561,1428282.148491606,8
2024-06-28,NORMAL,1375328.7921400182,61077.90117796272,1436406.693317981,8
2024-07-01,NORMAL,1384349.7888403516,67662.41482473977,1452012.2036650914,8
2024-07-02,NORMAL,1396514.3934664947,46866.99843092536,1443381.3918974202,8
2024-07-03,NORMAL,1396514.3934664947,74494.73316635552,1471009.1266328502,8
2024-07-04,NORMAL,1412672.5492035851,65470.28246040683,1478142.831663992,8
2024-07-05,NORMAL,1416065.6742035851,70443.79551039456,1486509.4697139796,8
2024-07-08,NORMAL,1428296.8992015426,49535.34770054725,1477832.2469020898,9
2024-07-09,NORMAL,1434210.4277709287,53201.556027175655,1487411.9837981043,9
2024-07-10,NORMAL,1445335.4667569816,62809.923893654195,1508145.3906506358,9
2024-07-11,NORMAL,1443437.4905364537,66807.85526475593,1510245.3458012096,9
2024-07-12,NORMAL,1466360.2472669028,65217.32883225524,1531577.576099158,9
2024-07-15,NORMAL,1466360.2472669028,64481.69072095779,1530841.9379878605,9
2024-07-16,NORMAL,1475773.7758362892,63890.25378687054,1539664.0296231597,9
2024-07-18,NORMAL,1496921.9946415743,57609.917302024245,1554531.9119435987,9
2024-07-19,NORMAL,1541096.281892785,-21715.82760989855,1519380.4542828866,9
2024-07-22,NORMAL,1542625.4732142838,-19348.27173901035,1523277.2014752734,9
2024-07-23,NORMAL,1552345.6033716525,-52415.10589152695,1499930.4974801256,8
2024-07-24,NORMAL,1555751.63701169,-79545.61596445297,1476206.021047237,7
2024-07-25,NORMAL,1554918.3036783568,-86721.56630436226,1468196.7373739947,7
2024-07-26,NORMAL,1564004.733431102,-24410.61960156924,1539594.1138295329,7
2024-07-29,NORMAL,1580794.9060474343,-4703.668145788775,1576091.2379016455,6
2024-07-30,NORMAL,1584934.686352756,31761.38900072704,1616696.0753534832,6
2024-07-31,NORMAL,1587396.3835167133,66323.90793078393,1653720.2914474972,6
2024-08-01,NORMAL,1591507.4946278243,56401.882320759876,1647909.376948584,6
2024-08-02,NORMAL,1591610.6565325863,18739.014301846444,1610349.6708344328,6
2024-08-05,NORMAL,1591573.8524805247,-44129.98707838502,1547443.8654021397,7
2024-08-06,NORMAL,1594687.4493872558,-23230.71672437119,1571456.7326628845,7
2024-08-07,NORMAL,1598989.686603314,17790.343925921086,1616780.030529235,7
2024-08-08,NORMAL,1602751.5913652186,-35907.165853890605,1566844.425511328,8
2024-08-09,NORMAL,1606196.6857241336,-2276.1695052665164,1603920.5162188672,7
2024-08-12,NORMAL,1610267.6304231847,-912.2130471455457,1609355.417376039,8
2024-08-13,NORMAL,1613560.1474299873,-31576.55670567586,1581983.5907243115,8
2024-08-14,NORMAL,1616226.814096654,-62525.91907446817,1553700.895022186,8
2024-08-16,NORMAL,1621046.8557681798,-4637.8527515488095,1616409.003016631,7
2024-08-19,NORMAL,1622658.8552624448,7205.798398226907,1629864.6536606718,8
2024-08-20,NORMAL,1626227.6238277096,38559.597040041466,1664787.2208677512,8
2024-08-21,NORMAL,1633576.5384962074,72307.41825948731,1705883.9567556947,8
2024-08-22,NORMAL,1646840.3259116628,80458.93075565615,1727299.256667319,8
2024-08-23,NORMAL,1650506.9925783293,64453.08180551557,1714960.0743838449,8
2024-08-26,NORMAL,1657344.4686265872,85140.5463984707,1742485.0150250578,8
2024-08-27,NORMAL,1671219.1162597635,89521.72944667056,1760740.845706434,8
2024-08-28,NORMAL,1672552.4495930967,72752.22125313926,1745304.670846236,8
2024-08-29,NORMAL,1684943.976732872,75431.45698450392,1760375.4337173759,8
2024-08-30,NORMAL,1703002.3826995173,84514.51700366876,1787516.899703186,8
2024-09-02,NORMAL,1722457.17097879,78400.63549439012,1800857.80647318,8
2024-09-03,NORMAL,1736547.1108169782,71206.05770014541,1807753.1685171234,8
2024-09-04,NORMAL,1752731.0176820762,67448.50385929423,1820179.5215413705,8
2024-09-05,NORMAL,1765683.504714559,58017.409495854765,1823700.9142104138,8
2024-09-06,NORMAL,1769504.875263001,43517.3481491931,1813022.2234121943,8
2024-09-09,NORMAL,1773471.8046669925,34396.94017453592,1807868.7448415284,8
2024-09-10,NORMAL,1778428.1975984846,53267.762393667625,1831695.9599921522,9
2024-09-11,NORMAL,1785178.1319564506,28349.212497897242,1813527.3444543479,9
2024-09-12,NORMAL,1790343.0817458902,74639.43368276188,1864982.515428652,9
2024-09-13,NORMAL,1801696.230540636,58096.383373805875,1859792.6139144418,8
2024-09-16,NORMAL,1801696.230540636,69290.07535968901,1870986.305900325,8
2024-09-17,NORMAL,1805060.7777903932,59324.85686880018,1864385.6346591935,8
2024-09-18,NORMAL,1805060.7777903932,53909.26077671116,1858970.0385671044,8
2024-09-19,NORMAL,1814509.1790602345,33859.96609466821,1848369.1451549027,8
2024-09-20,NORMAL,1819459.6149383015,67306.76881551609,1886766.3837538175,8
2024-09-23,NORMAL,1832502.3421568912,68018.72903184197,1900521.0711887332,7
2024-09-24,NORMAL,1834831.324222939,79006.71784611742,1913838.0420690565,7
2024-09-25,NORMAL,1836903.0254097828,77053.88613149032,1913956.9115412731,7
2024-09-26,NORMAL,1840023.3506511636,84056.81430793265,1924080.1649590963,7
2024-09-27,NORMAL,1851312.9227929437,88601.1724186701,1939914.0952116137,7
2024-09-30,NORMAL,1862318.962320039,77198.05252775527,1939517.0148477943,7
2024-10-01,NORMAL,1869399.0533998143,70133.01502526924,1939532.0684250835,7
2024-10-03,NORMAL,1869399.0533998143,2150.7215960647736,1871549.774995879,8
2024-10-04,NORMAL,1870168.6007249174,-26661.26554346463,1843507.3351814528,8
2024-10-07,NORMAL,1870168.6007249174,-74635.04904042132,1795533.551684496,8
2024-10-08,NORMAL,1871710.7497786728,-13147.040204929886,1858563.709573743,9
2024-10-09,NORMAL,1877962.776686503,-19492.168898057775,1858470.6077884454,9
2024-10-10,NORMAL,1882828.4613696588,-13298.504736447241,1869529.9566332116,9
2024-10-11,NORMAL,1882828.4613696588,-24117.194921487884,1858711.2664481709,9
2024-10-14,NORMAL,1888430.3326978493,-8060.523559946014,1880369.8091379032,9
2024-10-15,NORMAL,1887361.6335330992,-6853.676763832249,1880507.9567692669,9
2024-10-16,NORMAL,1887361.6335330992,-21341.694838137773,1866019.9386949614,9
2024-10-17,NORMAL,1887361.6335330992,-47391.73898386196,1839969.8945492373,9
2024-10-18,NORMAL,1888793.841003035,-49919.26526944466,1838874.5757335904,9
2024-10-21,NORMAL,1892224.1107789837,-69620.39570050949,1822603.7150784743,9
2024-10-22,NORMAL,1892224.1107789837,-172232.43856371078,1719991.672215273,9
2024-10-23,NORMAL,1886665.1217900822,-184131.0443334546,1702534.0774566275,9
2024-10-24,NORMAL,1886387.3440123044,-171795.33739315695,1714592.0066191475,9
2024-10-25,NORMAL,1886387.3440123044,-279955.53777733777,1606431.8062349667,9
2024-10-28,NORMAL,1872526.035024692,-210236.3019887867,1662289.7330359053,9
2024-10-29,NORMAL,1868295.8024010712,-162789.83885727148,1705505.9635437997,8
2024-10-30,NORMAL,1862273.1280949763,-103812.49056306444,1758460.637531912,8
2024-10-31,NORMAL,1864479.065015199,-77908.48886803875,1786570.57614716,9
2024-11-01,NORMAL,1864114.427650634,-60846.10013613128,1803268.3275145027,9
2024-11-04,CAUTION,1865447.7609839672,-124581.55334011372,1740866.2076438535,9
2024-11-05,NORMAL,1865271.7870302796,-124172.40901321196,1741099.3780170677,9
2024-11-06,NORMAL,1875412.57991784,-67992.8510932294,1807419.7288246106,9
2024-11-07,NORMAL,1889411.675790856,-111465.34103473547,1777946.3347561203,9
2024-11-08,CAUTION,1896244.7830924431,-161599.94752402214,1734644.835568421,8
2024-11-11,CAUTION,1898747.3471950071,-255684.5573121445,1643062.7898828627,8
2024-11-12,CAUTION,1893772.7261093874,-300726.9633074977,1593045.7628018898,8
2024-11-13,CAUTION,1893772.7261093874,-378114.4168335369,1515658.3092758504,8
2024-11-14,CAUTION,1888707.516377563,-373847.04831626266,1514860.4680613002,8
2024-11-18,CAUTION,1886842.1852345015,-338009.1771108071,1548833.0081236945,8
2024-11-19,CAUTION,1885277.8677750642,-321012.83381346526,1564265.033961599,8
2024-11-21,CAUTION,1887678.5355368669,-585641.1114085072,1302037.4241283596,8
2024-11-22,CAUTION,1887873.8441820773,-454721.9220738488,1433151.9221082286,8
2024-11-25,NORMAL,1894626.642453704,-385870.43277155276,1508756.2096821512,9
2024-11-26,NORMAL,1895218.6042160543,-460726.54911296145,1434492.055103093,9
2024-11-27,NORMAL,1886118.125207883,-331996.27446642,1554121.850741463,9
2024-11-28,CAUTION,1885654.0280282947,-370853.78834961826,1514800.2396786765,9
2024-11-29,CAUTION,1884459.2330796537,-345416.6682846038,1539042.5647950498,9
2024-12-02,NORMAL,1884060.8286089683,-316041.52503344434,1568019.303575524,9
2024-12-03,NORMAL,1901513.2047494794,-261640.55906667467,1639872.6456828048,9
2024-12-04,NORMAL,1900579.871416146,-300331.6897225902,1600248.1816935558,9
2024-12-05,NORMAL,1911491.59581728,-297232.6714921404,1614258.9243251397,9
2024-12-06,NORMAL,1914100.005787152,-296379.1903984287,1617720.8153887233,9
2024-12-09,NORMAL,1921406.0398891047,-322575.14267932076,1598830.897209784,9
2024-12-10,NORMAL,1921406.0398891047,-348963.2372164839,1572442.8026726209,9
2024-12-11,NORMAL,1925246.3815306649,-343835.2019887292,1581411.1795419357,9
2024-12-12,NORMAL,1926539.318792833,-358259.39800869714,1568279.9207841358,9
2024-12-13,NORMAL,1930363.421790427,-318734.53082681255,1611628.8909636145,9
2024-12-16,NORMAL,1930363.421790427,-332600.00539212406,1597763.4163983031,9
2024-12-17,NORMAL,1930363.421790427,-404885.4629356972,1525477.9588547298,9
2024-12-18,NORMAL,1930363.421790427,-466030.6631499465,1464332.7586404807,9
2024-12-19,CAUTION,1931256.1202031255,-518018.10139602754,1413238.018807098,9
2024-12-20,CAUTION,1929801.5747485799,-633745.436780007,1296056.1379685728,9
2024-12-23,CAUTION,1929801.5747485799,-622718.0354811704,1307083.5392674096,9
2024-12-24,CAUTION,1929801.5747485799,-635604.3138325234,1294197.2609160566,9
2024-12-26,CAUTION,1929902.591224981,-601376.0762135187,1328526.5150114624,9
2024-12-27,CAUTION,1926325.8870124673,-610270.1755782684,1316055.711434199,9
2024-12-30,CAUTION,1927760.2368222016,-589589.5644999165,1338170.6723222851,9
2024-12-31,CAUTION,1924780.5682520855,-576326.5191863953,1348454.04906569,9
2025-01-01,CAUTION,1924391.8160907386,-557522.8311903896,1366868.984900349,9
2025-01-02,NORMAL,1922667.8940487672,-455224.73944897734,1467443.1545997898,9
2025-01-03,CAUTION,1919599.826749805,-461448.5444956332,1458151.2822541716,9
2025-01-06,CAUTION,1920620.158179689,-613075.1111404704,1307545.0470392187,9
2025-01-07,CAUTION,1924063.7103513344,-559580.2272737566,1364483.4830775778,9
2025-01-08,CAUTION,1924063.7103513344,-583089.2805306807,1340974.4298206537,9
2025-01-09,CAUTION,1928353.8310512642,-611849.9251459319,1316503.9059053324,9
2025-01-10,CAUTION,1928127.9192483875,-696649.3731247663,1231478.546123621,9
2025-01-13,CAUTION,1928127.9192483875,-879053.139699815,1049074.7795485724,9
2025-01-14,CAUTION,1925073.2819664774,-757666.1279327305,1167407.154033747,9
2025-01-15,CAUTION,1923778.3955496808,-705054.6652758814,1218723.7302737995,9
2025-01-16,CAUTION,1920478.229945556,-664560.7303089298,1255917.4996366263,9
2025-01-17,CAUTION,1922352.5684167992,-614770.3035412453,1307582.264875554,9
2025-01-20,CAUTION,1922352.5684167992,-583369.5621099882,1338983.006306811,9
2025-01-21,CAUTION,1922609.5983159572,-684073.1224950725,1238536.4758208846,9
2025-01-22,CAUTION,1922609.5983159572,-712050.8875472373,1210558.71076872,9
2025-01-23,CAUTION,1924324.1912767643,-702528.2738375178,1221795.9174392466,9
2025-01-24,CAUTION,1924324.1912767643,-746383.0221598564,1177941.1691169078,9
2025-01-27,CAUTION,1920677.1274644977,-808603.032327215,1112074.0951372827,9
2025-01-28,CAUTION,1920677.1274644977,-827375.1782776598,1093301.9491868378,9
2025-01-29,CAUTION,1920850.4884659292,-741451.7908242024,1179398.6976417268,9
2025-01-30,CAUTION,1928602.4814027317,-721811.1162972938,1206791.365105438,9
2025-01-31,CAUTION,1960303.99304087,-623720.4100623422,1336583.5829785278,8
2025-02-01,CAUTION,1960628.1318650087,-671415.9206532525,1289212.2112117563,8
2025-02-03,CAUTION,1960628.1318650087,-772633.7329395197,1187994.398925489,8
2025-02-04,CAUTION,1958498.9496863722,-668042.652032909,1290456.2976534632,8
2025-02-05,CAUTION,1956137.3487983444,-676482.9000882457,1279654.4487100986,8
2025-02-06,CAUTION,1955109.0812436498,-708548.977751749,1246560.103491901,8
2025-02-07,CAUTION,1955109.0812436498,-721904.5333116612,1233204.5479319887,8
2025-02-10,CAUTION,1955524.9650231698,-785480.8933795164,1170044.0716436533,8
2025-02-11,CAUTION,1955524.9650231698,-857260.8218349452,1098264.1431882246,8
2025-02-12,CAUTION,1953147.5334952688,-854012.234434025,1099135.299061244,8
2025-02-13,CAUTION,1951251.8199233478,-895239.778401061,1056012.0415222868,8
2025-02-14,CAUTION,1951251.8199233478,-996997.5166192531,954254.3033040947,8
2025-02-17,CAUTION,1951251.8199233478,-927083.977774112,1024167.8421492358,8
2025-02-18,CAUTION,1951251.8199233478,-929146.8568596877,1022104.9630636601,8
2025-02-19,CAUTION,1948032.3648172715,-930137.1553234538,1017895.2094938176,8
2025-02-20,CAUTION,1948032.3648172715,-877131.8759418288,1070900.4888754427,8
2025-02-21,CAUTION,1948032.3648172715,-923318.1742510145,1024714.190566257,8
2025-02-24,CAUTION,1948032.3648172715,-978356.4990228005,969675.865794471,8
2025-02-25,CAUTION,1948032.3648172715,-1003664.3386640459,944368.0261532256,8
2025-02-27,CAUTION,1948032.3648172715,-1034073.3275241815,913959.03729309,8
2025-02-28,STRESS,1948032.3648172715,-1114342.0219446654,833690.3428726061,8
2025-03-03,STRESS,1948032.3648172715,-1136245.0193651714,811787.3454521,8
2025-03-04,STRESS,1948032.3648172715,-1133914.3362477117,814118.0285695598,8
2025-03-05,CAUTION,1944995.0509603294,-995562.9480584103,949432.102901919,8
2025-03-06,CAUTION,1943347.7256118895,-908197.448927589,1035150.2766843005,8
2025-03-07,CAUTION,1940507.6695424304,-905842.1349445366,1034665.5345978938,8
2025-03-10,CAUTION,1938803.6890188218,-931021.4792306534,1007782.2097881684,8
2025-03-11,CAUTION,1938803.6890188218,-915071.1454848766,1023732.5435339452,8
2025-03-12,CAUTION,1938803.6890188218,-933830.1588679455,1004973.5301508763,8
2025-03-13,CAUTION,1938803.6890188218,-951151.6270615135,987652.0619573083,8
2025-03-17,CAUTION,1938803.6890188218,-931293.139566142,1007510.5494526798,8
2025-03-18,CAUTION,1938803.6890188218,-829159.7503534718,1109643.93866535,8
2025-03-19,CAUTION,1938489.6970037154,-760145.9205849525,1178343.776418763,8
2025-03-20,CAUTION,1936982.9742675899,-711063.0560179086,1225919.9182496811,8
2025-03-21,CAUTION,1937458.278992749,-642800.8398893848,1294657.4391033642,8
2025-03-24,CAUTION,1939580.909066348,-569454.184334154,1370126.724732194,8
2025-03-25,CAUTION,1939580.909066348,-624514.4046042144,1315066.5044621336,8
2025-03-26,CAUTION,1939580.909066348,-648592.0245346399,1290988.8845317082,8
2025-03-27,CAUTION,1939580.909066348,-592429.8636940323,1347151.0453723157,8
2025-03-28,CAUTION,1939580.909066348,-634201.214132008,1305379.6949343402,8
2025-04-01,CAUTION,1939580.909066348,-640201.0018146519,1299379.907251696,8
2025-04-02,CAUTION,1939580.909066348,-622018.2801444734,1317562.6289218748,8
2025-04-03,CAUTION,1939580.909066348,-576664.4305795995,1362916.4784867486,8
2025-04-04,CAUTION,1939580.909066348,-709355.9295125122,1230224.979553836,8
2025-04-07,STRESS,1939580.909066348,-870109.9129887493,1069470.9960775988,8
2025-04-08,CAUTION,1939580.909066348,-769353.1685042316,1170227.7405621165,8
2025-04-09,CAUTION,1939580.909066348,-809908.7998551903,1129672.1092111578,8
2025-04-11,CAUTION,1939580.909066348,-679515.5762681458,1260065.3327982023,8
2025-04-15,CAUTION,1941933.5837179082,-569594.3783679636,1372339.2053499445,8
2025-04-16,CAUTION,1941933.5837179082,-540384.2587815407,1401549.3249363676,8
2025-04-17,CAUTION,1947915.611179193,-498599.4710496761,1449316.1401295168,8
2025-04-21,CAUTION,1956507.6501319758,-442423.81954222015,1514083.8305897557,8
2025-04-22,CAUTION,1956507.6501319758,-482246.9371658967,1474260.7129660791,8
2025-04-23,NORMAL,1956507.6501319758,-453523.212349137,1502984.4377828387,8
2025-04-24,NORMAL,1956507.6501319758,-460376.9843209591,1496130.6658110167,8
2025-04-25,CAUTION,1956507.6501319758,-574288.027172141,1382219.6229598348,8
2025-04-28,NORMAL,1962522.5476596835,-521387.3729706962,1441135.1746889874,8
2025-04-29,NORMAL,1962522.5476596833,-564105.9111414409,1398416.6365182423,9
2025-04-30,NORMAL,1964538.0207142646,-589381.0961157898,1375156.9245984748,9
2025-05-02,NORMAL,1972568.9668234275,-606001.8764961048,1366567.0903273227,9
2025-05-05,NORMAL,1994615.3859871717,-533458.1684614788,1461157.217525693,9
2025-05-06,NORMAL,1994615.3859871717,-596096.2361164693,1398519.1498707025,9
2025-05-07,NORMAL,1999736.8124680037,-610035.3920232283,1389701.4204447754,9
2025-05-08,NORMAL,1999736.8124680037,-659307.1446323061,1340429.6678356975,9
2025-05-09,CAUTION,1999974.3474477911,-681340.4205561897,1318633.9268916014,9
2025-05-12,NORMAL,2019503.3699073663,-499385.541382548,1520117.8285248184,8
2025-05-13,NORMAL,2019503.3699073663,-531019.7318746259,1488483.6380327404,8
2025-05-14,NORMAL,2019503.3699073663,-524611.4290857409,1494891.9408216253,8
2025-05-15,NORMAL,2030897.6491767361,-456905.05301178107,1573992.596164955,8
2025-05-16,NORMAL,2030897.6491767361,-434306.4796272208,1596591.1695495155,8
2025-05-19,NORMAL,2028768.2396067672,-403402.306309589,1625365.9332971782,8
2025-05-20,NORMAL,2028768.2396067672,-465092.68331628584,1563675.5562904812,8
2025-05-21,NORMAL,2028768.2396067672,-456335.4650303797,1572432.7745763874,8
2025-05-22,NORMAL,2028768.2396067672,-492875.3742960472,1535892.86531072,8
2025-05-23,NORMAL,2034469.1311572872,-440157.62256762775,1594311.5085896594,8
2025-05-26,NORMAL,2038038.0230235679,-412977.4484930856,1625060.5745304823,8
2025-05-27,NORMAL,2038038.0230235679,-426102.26286767423,1611935.7601558936,8
2025-05-28,NORMAL,2045072.247907421,-463974.51118290925,1581097.7367245117,8
2025-05-29,NORMAL,2045072.247907421,-447525.50277395087,1597546.7451334703,8
2025-05-30,NORMAL,2055680.42575664,-493848.13242053037,1561832.2933361097,8
2025-06-02,NORMAL,2059254.3787220058,-486972.53841630643,1572281.8403056993,8
2025-06-03,NORMAL,2059254.3787220058,-531683.9199859967,1527570.458736009,8
2025-06-04,NORMAL,2059254.3787220058,-527036.5930067804,1532217.7857152254,8
2025-06-05,NORMAL,2064104.8244972657,-510387.06460853014,1553717.7598887356,8
2025-06-06,NORMAL,2062864.4658713057,-474904.9105365569,1587959.5553347487,8
2025-06-09,NORMAL,2077458.0917900302,-450799.56403268536,1626658.5277573448,7
2025-06-10,NORMAL,2077458.0917900302,-453241.53128429415,1624216.5605057362,7
2025-06-11,NORMAL,2077458.0917900302,-468319.6885406381,1609138.4032493923,7
2025-06-12,NORMAL,2077458.0917900302,-535296.0263675603,1542162.06542247,7
2025-06-13,NORMAL,2079013.9141006302,-576924.2473224996,1502089.6667781305,8
2025-06-16,NORMAL,2083236.4030778972,-530742.1780621873,1552494.2250157099,8
2025-06-17,NORMAL,2083236.4030778972,-550415.6417536894,1532820.7613242078,8
2025-06-18,NORMAL,2083236.4030778972,-567888.2177125404,1515348.1853653567,8
2025-06-19,NORMAL,2083236.4030778972,-598789.0869815487,1484447.3160963485,8
2025-06-20,NORMAL,2083236.4030778972,-558203.8320361816,1525032.5710417156,8
2025-06-23,NORMAL,2083236.4030778972,-575981.6741756892,1507254.728902208,8
2025-06-24,NORMAL,2086176.8014127752,-559391.7981778434,1526785.0032349317,8
2025-06-25,NORMAL,2086176.8014127752,-533371.6471107246,1552805.1543020506,8
2025-06-26,NORMAL,2086176.8014127752,-499889.2320323225,1586287.5693804526,8
2025-06-27,NORMAL,2091732.6237233756,-441819.53631717485,1649913.0874062008,8
2025-06-30,NORMAL,2097339.6887249206,-453617.882549728,1643721.8061751926,8
2025-07-01,NORMAL,2101339.6887249206,-454517.7799277783,1646821.9087971423,8
2025-07-02,NORMAL,2101339.6887249206,-465014.3416845553,1636325.3470403655,8
2025-07-03,NORMAL,2106673.022058254,-476340.11419449607,1630332.907863758,9
2025-07-04,NORMAL,2113339.6887249206,-477419.8091727437,1635919.879552177,9
2025-07-07,NORMAL,2113339.6887249206,-479759.3203936297,1633580.3683312908,9
2025-07-08,NORMAL,2113339.6887249206,-466887.6076862803,1646452.0810386403,9
2025-07-09,NORMAL,2113339.6887249206,-456845.2239587228,1656494.4647661978,9
2025-07-10,NORMAL,2113339.6887249206,-487957.28859206056,1625382.40013286,9
2025-07-11,NORMAL,2113339.6887249206,-535945.9879890399,1577393.7007358808,9
2025-07-14,NORMAL,2113339.6887249206,-540437.4005508472,1572902.2881740734,9
2025-07-15,NORMAL,2113339.6887249206,-501978.3229558809,1611361.3657690398,9
2025-07-16,NORMAL,2113006.3553915876,-483958.4348904218,1629047.9205011658,9
2025-07-17,NORMAL,2121280.0870597987,-495539.8744813786,1625740.21257842,8
2025-07-18,NORMAL,2122280.0870597987,-506186.5201978527,1616093.566861946,8
2025-07-21,NORMAL,2122280.0870597987,-485640.16529654496,1636639.9217632536,8
2025-07-22,NORMAL,2122280.0870597987,-515339.0064624783,1606941.0805973203,8
2025-07-23,NORMAL,2122280.0870597987,-481574.06421831535,1640706.0228414834,8
2025-07-24,NORMAL,2122280.0870597987,-511712.327570458,1610567.7594893407,8
2025-07-25,NORMAL,2122280.0870597987,-591181.8792290854,1531098.2078307131,8
2025-07-28,NORMAL,2122280.0870597987,-614025.0368576098,1508255.050202189,8
2025-07-29,NORMAL,2122107.3957508733,-563670.283067962,1558437.112682911,8
2025-07-30,NORMAL,2125762.0131330215,-571489.4117270927,1554272.6014059288,8
2025-07-31,NORMAL,2125762.0131330215,-619437.7308980008,1506324.2822350208,8
2025-08-01,NORMAL,2125762.013133021,-650847.2649886424,1474914.7481443787,9
2025-08-04,NORMAL,2127095.3464663546,-614057.7805134617,1513037.5659528929,9
2025-08-05,NORMAL,2128099.7620923202,-621686.1729075094,1506413.5891848109,9
2025-08-06,NORMAL,2129433.0954256533,-635723.6637511661,1493709.4316744872,9
2025-08-07,NORMAL,2129433.0954256533,-632634.4184294676,1496798.6769961857,9
2025-08-08,NORMAL,2129655.3176478758,-679030.6336799886,1450624.6839678872,9
2025-08-11,NORMAL,2132400.474014582,-611001.8112717103,1521398.6627428718,9
2025-08-12,NORMAL,2134037.30651518,-616993.7450569053,1517043.5614582747,9
2025-08-13,NORMAL,2134037.30651518,-599162.9389384256,1534874.3675767544,9
2025-08-14,NORMAL,2132350.231685248,-590039.2206874761,1542311.0109977722,9
2025-08-18,NORMAL,2135550.4145069807,-513261.1782009669,1622289.2363060138,9
2025-08-19,NORMAL,2135661.4170599496,-478637.11640025344,1657024.300659696,9
2025-08-20,NORMAL,2137503.442759118,-477509.54843481875,1659993.8943242994,9
2025-08-21,NORMAL,2137503.442759118,-517583.60350745503,1619919.839251663,9
2025-08-22,NORMAL,2137503.442759118,-570379.6985059512,1567123.744253167,9
2025-08-25,NORMAL,2138483.0345958527,-555201.7584623822,1583281.2761334705,9
2025-08-26,NORMAL,2138483.0345958527,-616561.8439808175,1521921.1906150351,9
2025-08-28,NORMAL,2138483.0345958527,-626997.3418640973,1511485.6927317553,9
2025-08-29,NORMAL,2138483.0345958527,-626679.0207853434,1511804.0138105094,9
2025-09-01,NORMAL,2138860.850801237,-546592.1872583985,1592268.6635428383,9
2025-09-02,NORMAL,2141369.178470466,-535847.6407246584,1605521.5377458073,9
2025-09-03,NORMAL,2141369.178470466,-501008.64932122896,1640360.5291492369,9
2025-09-04,NORMAL,2144413.6613425165,-522961.3029342623,1621452.358408254,9
2025-09-05,NORMAL,2144413.6613425165,-516820.41224041564,1627593.249102101,9
2025-09-08,NORMAL,2149678.0148788826,-516875.5825452523,1632802.4323336303,9
2025-09-09,NORMAL,2151897.8855431974,-498529.78170482325,1653368.1038383741,9
2025-09-10,NORMAL,2158617.5088655152,-478637.91922429396,1679979.5896412213,9
2025-09-11,NORMAL,2158617.5088655152,-453436.39673646376,1705181.1121290515,9
2025-09-12,NORMAL,2158617.5088655152,-458222.9724972565,1700394.5363682588,9
2025-09-15,NORMAL,2158617.5088655152,-472843.2605229337,1685774.2483425816,9
2025-09-16,NORMAL,2160589.396025806,-446693.10261488805,1713896.2934109182,9
2025-09-17,NORMAL,2168309.9897771855,-433327.5887813006,1734982.400995885,9
2025-09-18,NORMAL,2169632.4387567774,-442316.6516397182,1727315.7871170593,9
2025-09-19,NORMAL,2184044.0672456985,-428105.9630257599,1755938.1042199386,9
2025-09-22,NORMAL,2187820.6692445227,-401817.2419040123,1786003.4273405103,9
2025-09-23,NORMAL,2193680.9661202123,-398204.4216819085,1795476.544438304,9
2025-09-24,NORMAL,2196657.5387537885,-421438.79207587027,1775218.7466779181,9
2025-09-25,NORMAL,2196657.5387537885,-482719.0387352996,1713938.5000184888,9
2025-09-26,NORMAL,2200967.4447206976,-540183.0400088377,1660784.4047118598,9
2025-09-29,NORMAL,2205696.0007107984,-553155.0834065428,1652540.9173042555,9
2025-09-30,NORMAL,2205696.0007107984,-552933.9535096658,1652762.0472011326,9
2025-10-01,NORMAL,2205696.0007107984,-531576.2235966491,1674119.7771141492,9
2025-10-03,NORMAL,2209161.4720216794,-503627.4854608141,1705533.9865608653,9
2025-10-06,NORMAL,2209161.4720216794,-507543.6673212971,1701617.8047003823,9
2025-10-07,NORMAL,2209191.127269713,-498315.4793825609,1710875.6478871524,9
2025-10-08,NORMAL,2208423.002877099,-533227.5458416652,1675195.4570354337,9
2025-10-09,NORMAL,2211962.9401883716,-515300.3008164084,1696662.6393719632,9
2025-10-10,NORMAL,2212528.149129091,-480049.6543019358,1732478.494827155,9
2025-10-13,NORMAL,2221236.716366964,-500205.94863794907,1721030.7677290149,9
2025-10-14,NORMAL,2221236.716366964,-503519.7633645876,1717716.9530023762,9
2025-10-15,NORMAL,2224546.9687061906,-466313.43001140124,1758233.5386947894,9
2025-10-16,NORMAL,2233370.5953505356,-430959.54288292304,1802411.0524676125,8
2025-10-17,NORMAL,2233370.5953505356,-428485.31576875976,1804885.279581776,8
2025-10-20,NORMAL,2243462.1399220033,-433775.2668098391,1809686.8731121642,8
2025-10-21,NORMAL,2243462.1399220033,-433697.36963144253,1809764.7702905608,8
2025-10-23,NORMAL,2249402.0031900536,-432889.7834830859,1816512.2197069677,9
2025-10-24,NORMAL,2249402.0031900536,-447618.6714404073,1801783.3317496465,9
2025-10-27,NORMAL,2258130.559180154,-437517.6469418751,1820612.912238279,8
2025-10-28,NORMAL,2262130.559180154,-460389.4835522122,1801741.0756279419,7
2025-10-29,NORMAL,2269670.4964914266,-446130.2411427608,1823540.2553486659,8
2025-10-30,NORMAL,2274107.13181373,-471512.80775773106,1802594.324055999,8
2025-10-31,NORMAL,2274107.13181373,-504726.98735582124,1769380.1444579088,8
2025-11-03,NORMAL,2274107.13181373,-505310.6644183622,1768796.467395368,8
2025-11-04,NORMAL,2274107.13181373,-595261.6295687217,1678845.5022450085,8
2025-11-06,NORMAL,2274107.13181373,-630743.9687563551,1643363.163057375,8
2025-11-07,NORMAL,2274107.13181373,-595039.0005601814,1679068.1312535487,8
2025-11-10,NORMAL,2275688.5743570616,-571872.5047607252,1703816.0695963365,8
2025-11-11,NORMAL,2277146.7132289843,-530508.0714874797,1746638.6417415044,8
2025-11-12,NORMAL,2289416.246832962,-435816.6718434228,1853599.5749895393,8
2025-11-13,NORMAL,2298997.6893762937,-410131.8778638832,1888865.8115124104,8
2025-11-14,NORMAL,2298997.6893762937,-398655.9792571217,1900341.710119172,8
2025-11-17,NORMAL,2301869.4842480887,-378710.2052315873,1923159.2790165013,8
2025-11-18,NORMAL,2301869.4842480887,-398185.0378162908,1903684.446431798,8
2025-11-19,NORMAL,2302027.252978238,-408666.67468301044,1893360.5782952274,8
2025-11-20,NORMAL,2302027.252978238,-407781.60315810086,1894245.6498201368,8
2025-11-21,NORMAL,2304745.201696187,-409462.86786452425,1895282.3338316625,8
2025-11-24,NORMAL,2306100.7764655454,-426784.44358598866,1879316.3328795568,8
2025-11-25,NORMAL,2306100.7764655454,-455190.81596749945,1850909.960498046,8
2025-11-26,NORMAL,2312825.808752467,-425044.605204923,1887781.2035475438,7
2025-11-27,NORMAL,2317005.8189186417,-452668.0075928786,1864337.8113257631,7
2025-11-28,NORMAL,2317005.8189186417,-455174.4929139575,1861831.3260046842,7
2025-12-01,NORMAL,2317005.8189186417,-463100.42379693384,1853905.3951217078,7
2025-12-02,NORMAL,2317005.8189186417,-452108.2115068132,1864897.6074118284,8
2025-12-03,NORMAL,2319830.254315457,-475893.1481425634,1843937.1061728934,9
2025-12-04,NORMAL,2323743.0748282773,-436201.0920116195,1887541.982816658,9
2025-12-05,NORMAL,2325076.408161611,-399525.2038946594,1925551.2042669514,9
2025-12-08,NORMAL,2329234.17689176,-481194.3594784871,1848039.8174132728,9
2025-12-09,NORMAL,2329234.17689176,-511643.5938660137,1817590.5830257463,9
2025-12-10,NORMAL,2329234.17689176,-521683.5388821119,1807550.638009648,9
2025-12-11,NORMAL,2329678.6213362045,-495472.05799584836,1834206.563340356,9
2025-12-12,NORMAL,2329678.6213362045,-491550.92868571053,1838127.692650494,9
2025-12-15,NORMAL,2331011.954669538,-488868.5527428818,1842143.4019266563,9
2025-12-16,NORMAL,2333208.877746461,-502751.4807132136,1830457.3970332474,9
2025-12-17,NORMAL,2335875.5444131275,-515676.60011580284,1820198.9442973246,9
2025-12-18,NORMAL,2336616.285153868,-533878.2515443303,1802738.0336095379,9
2025-12-19,NORMAL,2338690.3592279423,-477351.04713431577,1861339.3120936265,9
2025-12-22,NORMAL,2354346.779541493,-453953.73276694195,1900393.046774551,9
2025-12-23,NORMAL,2354346.779541493,-435424.901291438,1918921.878250055,9
2025-12-24,NORMAL,2354346.779541493,-442743.6898651891,1911603.0896763038,9
2025-12-26,NORMAL,2356379.6205671337,-467811.2799038316,1888568.340663302,9
2025-12-29,NORMAL,2356379.6205671337,-483481.0127887271,1872898.6077784065,9
2025-12-30,NORMAL,2358943.2726511545,-484289.41960251593,1874653.8530486387,9
2025-12-31,NORMAL,2361597.5209322562,-434574.31358186324,1927023.207350393,9
2026-01-01,NORMAL,2375695.0986613696,-412670.46514421055,1963024.6335171591,9
2026-01-02,NORMAL,2386898.866348351,-348052.15493620915,2038846.7114121418,9
2026-01-05,NORMAL,2389377.8088028138,-335894.29069649905,2053483.5181063148,9
2026-01-06,NORMAL,2407338.883457542,-325707.82779043174,2081631.0556671103,9
2026-01-07,NORMAL,2420512.2004772658,-345482.1079812303,2075030.0924960354,8
2026-01-08,NORMAL,2420512.2004772658,-409520.6375462243,2010991.5629310415,9
2026-01-09,NORMAL,2420512.2004772658,-449190.9688025577,1971321.231674708,9
2026-01-12,NORMAL,2422525.0259780656,-385788.93154296745,2036736.094435098,9
2026-01-13,NORMAL,2422525.0259780656,-392168.5702887603,2030356.4556893052,9
2026-01-14,NORMAL,2437572.527907827,-419410.6676732106,2018161.8602346163,9
2026-01-16,NORMAL,2446395.157115791,-438809.5641608124,2007585.5929549786,9
2026-01-19,NORMAL,2446395.157115791,-476878.6207783267,1969516.5363374643,9
2026-01-20,NORMAL,2446395.157115791,-597143.7784487843,1849251.3786670067,9
2026-01-21,NORMAL,2446395.157115791,-613755.9919588116,1832639.1651569793,9
2026-01-22,NORMAL,2446025.0641044914,-539354.7504270824,1906670.313677409,9
2026-01-23,NORMAL,2156414.5627491307,-360389.04716387385,1796025.5155852567,8
2026-01-27,NORMAL,2158017.471470568,-355493.176490032,1802524.2949805357,8
2026-01-28,NORMAL,2155610.618781302,-347584.79215002246,1808025.8266312797,8
2026-01-29,NORMAL,2155888.7341621732,-369076.50161803956,1786812.2325441337,8
2026-01-30,NORMAL,2159229.6723208,-383355.95499410375,1775873.717326696,8
2026-02-01,NORMAL,2164181.0043852893,-467251.0644295262,1696929.939955763,8
2026-02-02,NORMAL,2165960.724041834,-371970.90780493006,1793989.816236904,8
2026-02-03,NORMAL,2184997.433750486,-288827.47108260717,1896169.9626678787,8
2026-02-04,NORMAL,2184281.189249662,-276995.5388447137,1907285.6504049485,8
2026-02-05,NORMAL,2181007.201367464,-277985.6702099903,1903021.5311574736,8
2026-02-06,NORMAL,2181007.201367464,-296171.3173099234,1884835.8840575404,8
2026-02-09,NORMAL,2184974.114047326,-282406.48811778915,1902567.625929537,8
2026-02-10,NORMAL,2189474.0504907034,-272957.7376795787,1916516.3128111246,8
2026-02-11,NORMAL,2206313.556663543,-287261.49586366053,1919052.0607998825,7
2026-02-12,NORMAL,2208883.0377848707,-320917.9472049457,1887965.090579925,8
2026-02-13,NORMAL,2209929.3585324227,-415031.4785954289,1794897.8799369938,8
2026-02-16,NORMAL,2207445.0887100473,-325577.35793321644,1881867.7307768308,8
2026-02-17,NORMAL,2205629.738523788,-272621.52996266476,1933008.208561123,8
2026-02-18,NORMAL,2212067.2226663795,-289451.31135447556,1922615.911311904,8
2026-02-19,NORMAL,2212067.2226663795,-354890.6830731076,1857176.539593272,8
2026-02-20,NORMAL,2212067.2226663795,-325508.4455756112,1886558.7770907683,8
2026-02-23,NORMAL,2212067.2226663795,-302962.3573291473,1909104.8653372321,8
2026-02-24,NORMAL,2212067.2226663795,-312384.56471350684,1899682.6579528726,8
2026-02-25,NORMAL,2218716.321985114,-268415.1712223978,1950301.150762716,8
2026-02-26,NORMAL,2227906.2062777393,-305998.30312905915,1921907.90314868,8
2026-02-27,NORMAL,2227906.2062777393,-359032.3548044557,1868873.8514732835,8
2026-03-02,NORMAL,2231119.088411221,-425488.21482469206,1805630.8735865287,8
2026-03-04,NORMAL,2230956.7021851544,-474141.9372569421,1756814.7649282124,8
2026-03-05,NORMAL,2237544.684072957,-417771.5710580726,1819773.1130148843,8
2026-03-06,NORMAL,2237544.684072957,-459698.1207453375,1777846.5633276193,8
2026-03-09,CAUTION,2237544.684072957,-539814.0393019441,1697730.644771013,8
2026-03-10,CAUTION,2236251.747627295,-477677.67514303164,1758574.0724842635,8
2026-03-11,CAUTION,2238260.6044250615,-534091.5978550218,1704169.0065700398,8
2026-03-12,CAUTION,2247034.975884808,-547259.5110607401,1699775.4648240681,8
2026-03-13,CAUTION,2244234.5749524073,-607109.8592571616,1637124.7156952457,8
2026-03-16,CAUTION,2235723.592651388,-577257.3023540832,1658466.290297305,8
2026-03-17,CAUTION,2234535.5090821567,-589541.2261208458,1644994.2829613108,8
2026-03-18,CAUTION,2231346.344616103,-534849.184083847,1696497.1605322561,8
2026-03-19,CAUTION,2231346.344616103,-680823.5221988362,1550522.8224172667,8
2026-03-20,CAUTION,2236821.6829995317,-639989.1162085222,1596832.5667910096,8
2026-03-23,CAUTION,2236821.6829995317,-788755.1714259018,1448066.51157363,8
2026-03-24,CAUTION,2239335.741856698,-738128.1470172423,1501207.5948394556,8
2026-03-25,CAUTION,2227749.069198374,-655680.2423694533,1572068.8268289207,8
2026-03-27,CAUTION,2227749.069198374,-726173.0129534861,1501576.056244888,8
2026-03-30,STRESS,2228826.982950774,-845494.4137367619,1383332.569214012,8
2026-04-01,CAUTION,2229864.8702476453,-741869.6056113067,1487995.2646363387,8
2026-04-02,CAUTION,2229864.8702476453,-759253.9159482958,1470610.9542993493,8
2026-04-06,CAUTION,2229864.8702476453,-664801.345655036,1565063.5245926091,8
2026-04-07,CAUTION,2229864.8702476453,-632404.4887584347,1597460.3814892108,8
2026-04-08,CAUTION,2222001.323075003,-477045.32180504047,1744956.0012699626,8
2026-04-09,CAUTION,2224627.963286141,-474124.5127632347,1750503.4505229061,8
2026-04-10,CAUTION,2227931.213419901,-398467.51837536326,1829463.695044538,8
2026-04-13,CAUTION,2226441.523622519,-406310.3740295127,1820131.1495930061,8
2026-04-15,CAUTION,2226285.1671584705,-303912.1788444517,1922372.9883140188,8
2026-04-16,CAUTION,2226576.243541512,-271286.0455372866,1955290.1980042255,8
2026-04-17,NORMAL,2228825.1324114897,-250425.53965359245,1978399.5927578972,8
2026-04-20,NORMAL,2231149.682918883,-226510.1103951753,2004639.5725237075,8
2026-04-21,NORMAL,2233648.7313784356,-197853.19396143896,2035795.5374169967,8
2026-04-22,NORMAL,2243491.056427276,-172984.45750920137,2070506.5989180747,8
2026-04-23,CAUTION,2251593.4003121885,-183339.92441616813,2068253.4758960204,8
2026-04-24,CAUTION,2255221.8809217396,-220530.97816117195,2034690.9027605676,8
2026-04-27,CAUTION,2264360.453590478,-160252.77354893414,2104107.6800415437,8
2026-04-28,CAUTION,2281530.024862881,-185805.62127933354,2095724.4035835473,8
2026-04-29,CAUTION,2304497.378824838,-168069.53438991436,2136427.8444349235,8
2026-04-30,CAUTION,2325902.1848846423,-181417.78793341917,2144484.3969512233,8
2026-05-04,CAUTION,2366756.2082237415,-192422.73879465513,2174333.4694290864,8
2026-05-05,CAUTION,2366756.2082237415,-214538.5327053246,2152217.675518417,8
2026-05-06,NORMAL,2389916.4018002767,-195523.87226060565,2194392.5295396713,8
2026-05-07,NORMAL,2405788.038704474,-218322.93726638745,2187465.1014380865,8
2026-05-08,CAUTION,2422985.358133154,-210318.4878675952,2212666.870265559,8
2026-05-11,CAUTION,2450861.2702092924,-226887.03847970208,2223974.2317295903,8
2026-05-12,CAUTION,2450861.2702092924,-311430.4177502006,2139430.8524590917,8
2026-05-13,CAUTION,2470861.971454671,-310812.07050248433,2160049.900952187,8
2026-05-14,CAUTION,2497417.7110900935,-321085.5503805168,2176332.1607095767,7
2026-05-15,CAUTION,2502023.6904250025,-313431.45020926656,2188592.240215736,7
2026-05-18,CAUTION,2501641.181644564,-328175.33419987594,2173465.847444688,7
2026-05-19,CAUTION,2501641.181644564,-325942.8369855704,2175698.3446589937,7
2026-05-20,CAUTION,2502216.4922844097,-308500.4647490987,2193716.027535311,7
2026-05-21,CAUTION,2505075.9608104834,-301438.682409868,2203637.2784006153,7
2026-05-22,CAUTION,2508317.9381169956,-296925.5733714558,2211392.3647455396,7
2026-05-25,CAUTION,2512889.7513231467,-273759.3537940503,2239130.3975290963,7
2026-05-26,CAUTION,2515126.357216157,-290282.47252002155,2224843.8846961353,7
2026-05-27,CAUTION,2520460.5903762747,-257016.6845086164,2263443.905867658,7
2026-05-29,CAUTION,2523688.029166764,-300291.7862334658,2223396.2429332985,7
2026-06-01,CAUTION,2526160.684720827,-324490.04839518317,2201670.6363256434,7
2026-06-02,CAUTION,2524777.588889169,-305096.74187845,2219680.847010719,7
2026-06-03,CAUTION,2524777.588889169,-326161.0051153952,2198616.583773774,7
