date,market_state,realized_gross,realized_costs,realized_net,unrealized,total_pnl_gross,total_pnl_net,active
2020-01-01,NORMAL,0.0,2029.0561333333333,0.0,-6083.726567833277,-6083.726567833277,-6083.726567833277,5
2020-01-02,NORMAL,2430.0365333333466,2550.4680986666667,2173.9097973333464,-3606.231977778283,-1176.1954444449366,-1432.3221804449367,5
2020-01-03,NORMAL,4978.388133333341,2818.843136,4592.149728000008,-6153.790554681065,-1175.4024213477242,-1561.6408266810577,5
2020-01-06,NORMAL,5528.946980800007,3206.888336,4890.67844213334,-8130.013095413844,-2601.0661146138373,-3239.3346532805044,5
2020-01-07,NORMAL,6739.540247466684,3470.966770666667,5973.208340800017,236.48004369364935,6976.020291160334,6209.6883844936665,5
2020-01-08,NORMAL,7946.814764133356,4000.330434666667,7052.419489466689,-8696.429646064702,-749.6148819313457,-1644.010156598013,5
2020-01-09,NORMAL,10487.422614133357,4130.442104,9462.915670133358,-3154.973229460971,7332.449384672385,6307.9424406723865,5
2020-01-10,NORMAL,10514.050197528908,4652.454069333333,9239.561421528908,-698.129963565123,9815.920233963785,8541.431457963785,5
2020-01-13,NORMAL,17382.793469351178,5166.7558426666665,15594.002920017845,954.5299464868731,18337.32341583805,16548.53286650472,4
2020-01-14,NORMAL,18861.38806295117,5430.834277333333,16944.534145617836,4430.481847194285,23291.869910145455,21375.01599281212,4
2020-01-15,NORMAL,18861.38806295117,5430.834277333333,16944.534145617836,8264.958151886793,27126.346214837962,25209.49229750463,4
2020-01-16,NORMAL,19908.236834791154,5556.849344,17865.367850791157,12843.664529155038,32751.901363946192,30709.032379946195,4
2020-01-17,NORMAL,23588.56574472449,5951.039448,21287.521723391157,8948.753485310757,32537.319230035246,30236.275208701914,5
2020-01-20,NORMAL,24120.341495391156,7408.020248000001,21693.282407391158,4081.475555118377,28201.817050509533,25774.757962509535,6
2020-01-21,NORMAL,24120.341495391156,7809.320543999999,21693.282407391158,-4931.4321197018,19188.909375689356,16761.850287689358,6
2020-01-22,NORMAL,22102.17136129117,9824.390266666665,19427.178742624503,36939.76787531168,59041.93923660285,56366.94661793618,7
2020-01-23,NORMAL,28082.321817925884,11510.944626666667,24521.127129925884,-28061.12413045796,21.19768746792397,-3539.9970005320756,6
2020-01-24,NORMAL,32388.534351166192,12415.905189333334,28319.18279383286,-16318.12049105925,16070.413860106943,12001.062302773611,7
2020-01-27,NORMAL,32388.534351166192,12944.227346666665,28319.18279383286,-48690.21674930828,-16301.68239814209,-20371.03395547542,7
2020-01-28,NORMAL,35819.12540627729,13731.731336,31617.613878277294,-89913.60124300844,-54094.475836731144,-58295.98736473115,7
2020-01-29,NORMAL,39425.43401267727,14004.402976,35091.7625140106,-75056.55624010375,-35631.12222742647,-39964.79372609314,7
2020-01-30,NORMAL,37443.18527464751,14387.310066666665,32989.643613314176,-95771.8180384143,-58328.63276376679,-62782.17442510013,7
2020-01-31,NORMAL,34983.78727580132,15149.034439999998,30410.37545180132,-139359.04486630432,-104375.257590503,-108948.669414503,7
2020-02-01,NORMAL,35792.18926157464,16565.502832,31092.762370907974,-252258.11406412572,-216465.92480255108,-221165.35169321776,7
2020-02-03,NORMAL,32123.566102902747,18563.420855999997,26930.320452236083,-188641.77619668702,-156518.21009378426,-161711.45574445094,8
2020-02-04,NORMAL,44499.65397938926,19829.716426666666,38040.112758055926,-161692.98146497132,-117193.32748558206,-123652.8687069154,6
2020-02-05,NORMAL,53045.00363959377,20826.553946666663,45715.64675959377,-164454.276151212,-111409.27251161821,-118738.62939161822,6
2020-02-06,NORMAL,51832.48936097301,22499.675071999995,44137.37708897301,-131786.17366179056,-79953.68430081755,-87648.79657281755,7
2020-02-07,NORMAL,53234.603386216,23679.714069333328,45039.527450215995,-115464.30720382166,-62229.70381760567,-70424.77975360566,7
2020-02-10,NORMAL,57046.05693708719,24571.950112,48605.095771753855,-208088.03345446673,-151041.97651737955,-159482.93768271286,7
2020-02-11,NORMAL,56696.438136642726,24814.54553333333,48137.655109976055,-202137.37446121685,-145440.9363245741,-153999.71935124078,7
2020-02-12,NORMAL,56606.515765161224,25204.397527999998,47929.91087716122,-199103.58815174195,-142497.07238658072,-151173.67727458072,7
2020-02-13,NORMAL,56606.515765161224,25467.434455999995,47929.91087716122,-180324.5128428492,-123717.99707768796,-132394.60196568797,7
2020-02-14,NORMAL,66511.15476851432,26345.208607999997,57208.571149847645,-210586.2105911577,-144075.0558226434,-153377.63944131005,7
2020-02-17,NORMAL,66511.15476851432,26751.005506666665,57208.571149847645,-252892.84052377936,-186381.68575526506,-195684.26937393172,7
2020-02-18,NORMAL,66596.84251916077,27269.127663999996,57166.195532494094,-209149.05882235564,-142552.21630319487,-151982.86328986153,7
2020-02-19,NORMAL,68322.6996647969,27517.061194666665,58644.11914746357,-166548.76390929194,-98226.06424449504,-107904.64476182837,7
2020-02-20,NORMAL,65972.25413832866,27634.883056,56175.85175966199,-136580.80272306676,-70608.5485847381,-80404.95096340477,7
2020-02-24,NORMAL,63821.55344540272,28648.402850666665,53905.28090406938,-265762.2642132614,-201940.71076785872,-211856.98330919206,7
2020-02-25,NORMAL,63821.55344540272,29719.696944,53905.28090406938,-303913.88031995675,-240092.32687455404,-250008.59941588738,8
2020-02-26,NORMAL,61744.87755738074,30468.13150933333,51710.783154714074,-374428.87816042005,-312684.0006030393,-322718.09500570595,8
2020-02-27,NORMAL,51435.217263272876,31431.126783999996,41061.99538593953,-376987.86607558286,-325552.64881230996,-335925.8706896433,8
2020-02-28,CAUTION,48649.77951537022,32874.443477333334,38160.78407803687,-638434.105867528,-589784.3263521577,-600273.3217894911,8
2020-03-02,CAUTION,40057.36660120998,34077.592666666664,29225.147086543308,-694338.8199144233,-654281.4533132133,-665113.67282788,8
2020-03-03,CAUTION,26484.33565482337,35259.67996533334,14837.604617490037,-433051.716567811,-406567.38091298763,-418214.11195032095,8
2020-03-04,CAUTION,30115.765403103956,36467.35367466666,17755.95829377061,-488800.2214045283,-458684.45600142435,-471044.2631107577,8
2020-03-05,CAUTION,17105.135321686277,37270.19577333333,4296.57208168627,-470027.88476181106,-452922.7494401248,-465731.31268012477,8
2020-03-06,CAUTION,15196.776891154892,37760.49001333333,2274.488392488209,-656683.6900476182,-641486.9131564633,-654409.20165513,8
2020-03-09,STRESS,15196.776891154892,37760.49001333333,2274.488392488209,-890466.9151730884,-875270.1382819335,-888192.4267806002,8
2020-03-11,STRESS,15196.776891154892,37760.49001333333,2274.488392488209,-926466.3176259922,-911269.5407348373,-924191.829233504,8
2020-03-12,STRESS,15196.776891154892,37760.49001333333,2274.488392488209,-1362468.5887723288,-1347271.8118811739,-1360194.1003798407,8
2020-03-13,STRESS,15196.776891154892,37760.49001333333,2274.488392488209,-1247001.1350595157,-1231804.3581683608,-1244726.6466670276,8
2020-03-16,CRASH_DEPLOY,15196.776891154892,37760.49001333333,2274.488392488209,-1593018.0606440965,-1577821.2837529415,-1590743.5722516084,8
2020-03-17,CRASH_DEPLOY,15196.776891154892,37760.49001333333,2274.488392488209,-1732824.2484121558,-1717627.4715210008,-1730549.7600196677,8
2020-03-18,CRASH_DEPLOY,15196.776891154892,37760.49001333333,2274.488392488209,-1766482.5330774589,-1751285.756186304,-1764208.0446849708,8
2020-03-19,CRASH_DEPLOY,15196.776891154892,37760.49001333333,2274.488392488209,-2077376.8623168773,-2062180.0854257224,-2075102.3739243892,8
2020-03-20,CRASH_DEPLOY,15196.776891154892,37760.49001333333,2274.488392488209,-1910987.046640475,-1895790.26974932,-1908712.558247987,8
2020-03-23,CRASH_DEPLOY,15196.776891154892,37760.49001333333,2274.488392488209,-2430762.865276697,-2415566.0883855424,-2428488.376884209,8
2020-03-24,CRASH_DEPLOY,15196.776891154892,37760.49001333333,2274.488392488209,-2387221.2506733574,-2372024.4737822027,-2384946.7622808693,8
2020-03-25,CRASH_DEPLOY,15196.776891154892,37760.49001333333,2274.488392488209,-2283208.1352400016,-2268011.358348847,-2280933.6468475135,8
2020-03-26,CRASH_DEPLOY,15196.776891154892,37760.49001333333,2274.488392488209,-2173341.6571712885,-2158144.880280134,-2171067.1687788004,8
2020-03-27,CRASH_DEPLOY,15196.776891154892,37760.49001333333,2274.488392488209,-2186972.4661352104,-2171775.6892440557,-2184697.9777427223,8
2020-03-30,CRASH_DEPLOY,15196.776891154892,37760.49001333333,2274.488392488209,-2317013.6538204085,-2301816.876929254,-2314739.1654279204,8
2020-03-31,CRASH_DEPLOY,15196.776891154892,37760.49001333333,2274.488392488209,-2170801.795238896,-2155605.018347741,-2168527.3068464077,8
2020-04-01,CRASH_DEPLOY,15196.776891154892,37760.49001333333,2274.488392488209,-2275720.6811905853,-2260523.9042994305,-2273446.192798097,8
2020-04-03,CRASH_DEPLOY,15196.776891154892,37760.49001333333,2274.488392488209,-2252196.2370472928,-2236999.460156138,-2249921.7486548047,8
2020-04-07,CRASH_DEPLOY,19931.83962013403,38002.27864,6767.762494800692,-2007122.148128937,-1987190.308508803,-2000354.3856341364,8
2020-04-08,CRASH_DEPLOY,37034.43371360273,38380.32384,23492.311388269394,-1986443.3694277601,-1949408.9357141573,-1962951.0580394908,8
2020-04-09,CRASH_DEPLOY,66137.0278070714,38776.803752,52198.425569738065,-1885942.1805672802,-1819805.1527602088,-1833743.7549975421,8
2020-04-13,CRASH_DEPLOY,66137.0278070714,38776.803752,52198.425569738065,-1947181.0050892574,-1881043.977282186,-1894982.5795195193,8
2020-04-15,CRASH_DEPLOY,66137.0278070714,38776.803752,52198.425569738065,-1914292.37173438,-1848155.3439273087,-1862093.946164642,8
2020-04-16,CRASH_DEPLOY,66137.0278070714,38776.803752,52198.425569738065,-1848384.8519600567,-1782247.8241529854,-1796186.4263903187,8
2020-04-17,CRASH_DEPLOY,66137.0278070714,38776.803752,52198.425569738065,-1729168.4787091152,-1663031.4509020438,-1676970.0531393772,8
2020-04-20,CRASH_DEPLOY,66137.0278070714,38776.803752,52198.425569738065,-1774213.9376937067,-1708076.9098866354,-1722015.5121239687,8
2020-04-21,CRASH_DEPLOY,66137.0278070714,38776.803752,52198.425569738065,-1919167.57537524,-1853030.5475681687,-1866969.149805502,8
2020-04-22,CRASH_DEPLOY,66137.0278070714,38776.803752,52198.425569738065,-1817506.3546674622,-1751369.3268603908,-1765307.9290977241,8
2020-04-23,CRASH_DEPLOY,66137.0278070714,38776.803752,52198.425569738065,-1815036.2575198133,-1748899.229712742,-1762837.8319500752,8
2020-04-24,CRASH_DEPLOY,66137.0278070714,38776.803752,52198.425569738065,-1911251.3544370555,-1845114.3266299842,-1859052.9288673175,8
2020-04-27,CRASH_DEPLOY,66137.0278070714,38776.803752,52198.425569738065,-1849358.7207316924,-1783221.692924621,-1797160.2951619544,8
2020-04-28,STRESS,66137.0278070714,38776.803752,52198.425569738065,-1821987.8440324566,-1755850.8162253853,-1769789.4184627186,8
2020-04-29,STRESS,66137.0278070714,38776.803752,52198.425569738065,-1764665.1282265526,-1698528.1004194813,-1712466.7026568146,8
2020-04-30,STRESS,66137.0278070714,38776.803752,52198.425569738065,-1592251.942693008,-1526114.9148859368,-1540053.51712327,8
2020-05-04,CRASH_DEPLOY,66137.0278070714,38776.803752,52198.425569738065,-1837239.4639813262,-1771102.4361742549,-1785041.0384115882,8
2020-05-05,CRASH_DEPLOY,66137.0278070714,38776.803752,52198.425569738065,-1845734.7023966305,-1779597.6745895592,-1793536.2768268925,8
2020-05-06,CRASH_DEPLOY,66137.0278070714,38776.803752,52198.425569738065,-1833037.901042423,-1766900.8732353516,-1780839.475472685,8
2020-05-07,CRASH_DEPLOY,66137.0278070714,38776.803752,52198.425569738065,-1902015.0278657172,-1835878.0000586458,-1849816.6022959792,8
2020-05-08,CRASH_DEPLOY,66137.0278070714,38776.803752,52198.425569738065,-1940534.3823559324,-1874397.354548861,-1888335.9567861944,8
2020-05-11,CRASH_DEPLOY,66137.0278070714,38776.803752,52198.425569738065,-1907649.163668998,-1841512.1358619267,-1855450.73809926,8
2020-05-12,CRASH_DEPLOY,66137.0278070714,38776.803752,52198.425569738065,-1833645.5378702888,-1767508.5100632175,-1781447.1123005508,8
2020-05-13,STRESS,66137.0278070714,38776.803752,52198.425569738065,-1738084.5373114888,-1671947.5095044174,-1685886.1117417507,8
2020-05-14,CRASH_DEPLOY,66137.0278070714,38776.803752,52198.425569738065,-1798832.8203226668,-1732695.7925155954,-1746634.3947529288,8
2020-05-15,CRASH_DEPLOY,66137.0278070714,38776.803752,52198.425569738065,-1796836.9893091214,-1730699.96150205,-1744638.5637393834,8
2020-05-18,CRASH_DEPLOY,66137.0278070714,38776.803752,52198.425569738065,-1991069.955023979,-1924932.9272169077,-1938871.529454241,8
2020-05-19,CRASH_DEPLOY,66137.0278070714,38776.803752,52198.425569738065,-2033478.5463750586,-1967341.5185679873,-1981280.1208053206,8
2020-05-20,CRASH_DEPLOY,66137.0278070714,38776.803752,52198.425569738065,-1950494.2225341036,-1884357.1947270322,-1898295.7969643655,8
2020-05-21,CRASH_DEPLOY,66137.0278070714,38776.803752,52198.425569738065,-1913824.9643156903,-1847687.936508619,-1861626.5387459523,8
2020-05-22,CRASH_DEPLOY,66137.0278070714,38776.803752,52198.425569738065,-1891988.870907018,-1825851.8430999466,-1839790.44533728,8
2020-05-26,CRASH_DEPLOY,66137.0278070714,38776.803752,52198.425569738065,-1869489.2910616386,-1803352.2632545673,-1817290.8654919006,8
2020-05-27,CRASH_DEPLOY,66137.0278070714,38776.803752,52198.425569738065,-1783054.8130336965,-1716917.7852266252,-1730856.3874639585,8
2020-05-28,STRESS,66137.0278070714,38776.803752,52198.425569738065,-1671264.4493030268,-1605127.4214959554,-1619066.0237332887,8
2020-05-29,STRESS,66137.0278070714,38776.803752,52198.425569738065,-1597152.3787662406,-1531015.3509591692,-1544953.9531965025,8
2020-06-01,STRESS,66137.0278070714,38776.803752,52198.425569738065,-1505817.1915507861,-1439680.1637437148,-1453618.765981048,8
2020-06-02,STRESS,66137.0278070714,38776.803752,52198.425569738065,-1386741.4144391944,-1320604.386632123,-1334542.9888694563,8
2020-06-03,STRESS,66137.0278070714,38776.803752,52198.425569738065,-1387564.253365904,-1321427.2255588328,-1335365.827796166,8
2020-06-04,STRESS,66137.0278070714,38776.803752,52198.425569738065,-1289999.4264860048,-1223862.3986789335,-1237801.0009162668,8
2020-06-05,STRESS,66137.0278070714,38776.803752,52198.425569738065,-1168969.6621785932,-1102832.6343715219,-1116771.2366088552,8
2020-06-08,STRESS,66137.0278070714,38776.803752,52198.425569738065,-1195211.7775506258,-1129074.7497435545,-1143013.3519808878,8
2020-06-09,STRESS,66137.0278070714,38776.803752,52198.425569738065,-1266129.5183236694,-1199992.490516598,-1213931.0927539314,8
2020-06-10,STRESS,66137.0278070714,38776.803752,52198.425569738065,-1246445.3199845043,-1180308.292177433,-1194246.8944147662,8
2020-06-11,STRESS,66137.0278070714,38776.803752,52198.425569738065,-1389456.6292879914,-1323319.60148092,-1337258.2037182534,8
2020-06-12,STRESS,66137.0278070714,38776.803752,52198.425569738065,-1418126.7550555808,-1351989.7272485094,-1365928.3294858427,8
2020-06-15,STRESS,66137.0278070714,38776.803752,52198.425569738065,-1489769.637511673,-1423632.6097046016,-1437571.211941935,8
2020-06-16,STRESS,66137.0278070714,38776.803752,52198.425569738065,-1486707.3007807997,-1420570.2729737284,-1434508.8752110617,8
2020-06-17,STRESS,66137.0278070714,38776.803752,52198.425569738065,-1473467.9496121295,-1407330.9218050581,-1421269.5240423915,8
2020-06-18,STRESS,66137.0278070714,38776.803752,52198.425569738065,-1347358.9974567972,-1281221.9696497258,-1295160.5718870591,8
2020-06-19,STRESS,66137.0278070714,38776.803752,52198.425569738065,-1286692.8777005635,-1220555.8498934922,-1234494.4521308255,8
2020-06-22,STRESS,66137.0278070714,38776.803752,52198.425569738065,-1184833.812271516,-1118696.7844644447,-1132635.386701778,8
2020-06-23,STRESS,66137.0278070714,38776.803752,52198.425569738065,-1083960.4162661429,-1017823.3884590715,-1031761.9906964048,8
2020-06-24,STRESS,66137.0278070714,38776.803752,52198.425569738065,-1180481.5623752342,-1114344.5345681629,-1128283.1368054962,8
2020-06-25,STRESS,66137.0278070714,38776.803752,52198.425569738065,-1207424.2507153705,-1141287.2229082992,-1155225.8251456325,8
2020-06-26,STRESS,66137.0278070714,38776.803752,52198.425569738065,-1142223.5551212041,-1076086.5273141328,-1090025.129551466,8
2020-06-29,STRESS,66137.0278070714,38776.803752,52198.425569738065,-1236172.7775087128,-1170035.7497016415,-1183974.3519389748,8
2020-06-30,STRESS,66137.0278070714,38776.803752,52198.425569738065,-1273031.4541112036,-1206894.4263041322,-1220833.0285414655,8
2020-07-01,STRESS,66137.0278070714,38776.803752,52198.425569738065,-1202412.5538892536,-1136275.5260821823,-1150214.1283195156,8
2020-07-02,STRESS,66137.0278070714,38776.803752,52198.425569738065,-1202920.9932487772,-1136783.965441706,-1150722.5676790392,8
2020-07-03,CAUTION,-507330.1083299618,40674.68854133334,-523166.5953566286,-498988.6438466091,-1006318.7521765709,-1022155.2392032377,6
2020-07-06,CAUTION,-508999.8854619208,40796.60700533333,-524958.2909525876,-446021.57324625924,-955021.4587081801,-970979.8641988469,6
2020-07-07,CAUTION,-509336.3292605464,40920.57377066667,-525418.7015165464,-472200.6902180122,-981537.0194785586,-997619.3917345586,6
2020-07-08,CAUTION,-509336.3292605464,40920.57377066667,-525418.7015165464,-500091.7646841219,-1009428.0939446683,-1025510.4662006684,6
2020-07-09,CAUTION,-509336.3292605464,40920.57377066667,-525418.7015165464,-477098.3603198924,-986434.6895804389,-1002517.0618364388,6
2020-07-10,CAUTION,-509336.3292605464,40920.57377066667,-525418.7015165464,-500817.9536471056,-1010154.282907652,-1026236.655163652,6
2020-07-13,CAUTION,-509336.3292605464,40920.57377066667,-525418.7015165464,-485098.82994606835,-994435.1592066148,-1010517.5314626148,6
2020-07-14,CAUTION,-509336.3292605464,40920.57377066667,-525418.7015165464,-561885.5935507666,-1071221.922811313,-1087304.2950673131,6
2020-07-15,CAUTION,-509336.3292605464,40920.57377066667,-525418.7015165464,-578242.1628202405,-1087578.492080787,-1103660.8643367868,6
2020-07-16,CAUTION,-509336.3292605464,40920.57377066667,-525418.7015165464,-540865.2908496417,-1050201.6201101881,-1066283.9923661882,6
2020-07-17,CAUTION,-509336.3292605464,40920.57377066667,-525418.7015165464,-430133.1266394674,-939469.4559000138,-955551.8281560137,6
2020-07-20,CAUTION,-509336.3292605464,40920.57377066667,-525418.7015165464,-416822.46885772457,-926158.7981182709,-942241.170374271,6
2020-07-21,CAUTION,-508309.67565136234,41304.76387466667,-524776.2380113624,-282219.9032345889,-790529.5788859513,-806996.1412459513,6
2020-07-22,CAUTION,-508309.67565136234,41304.76387466667,-524776.2380113624,-273670.63308946753,-781980.3087408298,-798446.8711008299,6
2020-07-23,CAUTION,-504982.5632486135,41558.84230933333,-521703.20404328016,-222480.8663952184,-727463.4296438319,-744184.0704384986,6
2020-07-24,CAUTION,-504982.5632486135,41558.84230933333,-521703.20404328016,-255605.03585276857,-760587.5991013821,-777308.2398960488,6
2020-07-27,CAUTION,-504982.5632486135,41558.84230933333,-521703.20404328016,-273416.68060386565,-778399.2438524792,-795119.8846471459,6
2020-07-28,CAUTION,-504982.5632486135,41558.84230933333,-521703.20404328016,-243779.73818225216,-748762.3014308657,-765482.9422255324,6
2020-07-29,CAUTION,-501319.0070472391,41688.953978666665,-518169.7595112392,-241907.56525614113,-743226.5723033802,-760077.3247673803,6
2020-07-30,CAUTION,-496322.11751253146,41821.11394933333,-513305.02994719805,-302281.64918939944,-798603.7667019309,-815586.6791365976,6
2020-07-31,CAUTION,-496322.11751253146,41821.11394933333,-513305.02994719805,-288212.9093602618,-784535.0268727932,-801517.9393074599,6
2020-08-03,CAUTION,-496322.11751253146,41821.11394933333,-513305.02994719805,-302909.6233129402,-799231.7408254717,-816214.6532601382,6
2020-08-04,CAUTION,-496322.11751253146,41821.11394933333,-513305.02994719805,-282572.1283776187,-778894.2458901501,-795877.1583248167,6
2020-08-05,CAUTION,-494745.77343277377,42058.805973333336,-511966.37789144047,-253996.5452183553,-748742.318651129,-765962.9231097958,6
2020-08-06,CAUTION,-498166.31888772384,42164.33802666667,-515492.4553997238,-233644.53656785155,-731810.8554555754,-749136.9919675754,6
2020-08-07,CAUTION,-498166.31888772384,42164.33802666667,-515492.4553997238,-211323.98596611177,-709490.3048538356,-726816.4413658355,6
2020-08-10,CAUTION,-498166.31888772384,42164.33802666667,-515492.4553997238,-186655.69969938986,-684822.0185871137,-702148.1550991137,6
2020-08-11,CAUTION,-498166.31888772384,42164.33802666667,-515492.4553997238,-181756.41695616912,-679922.7358438929,-697248.8723558929,6
2020-08-12,CAUTION,-500253.53100934054,42271.91838133334,-517687.24787600717,-176662.5476899335,-676916.078699274,-694349.7955659407,6
2020-08-13,CAUTION,-500253.53100934054,42271.91838133334,-517687.24787600717,-183126.93240737316,-683380.4634167138,-700814.1802833803,6
2020-08-14,CAUTION,-500253.53100934054,42271.91838133334,-517687.24787600717,-236426.0783278395,-736679.60933718,-754113.3262038466,6
2020-08-17,CAUTION,-500253.53100934054,42271.91838133334,-517687.24787600717,-186204.34956864995,-686457.8805779906,-703891.5974446571,6
2020-08-18,CAUTION,-500253.53100934054,42271.91838133334,-517687.24787600717,-184750.98570658948,-685004.5167159301,-702438.2335825966,6
2020-08-19,CAUTION,-500253.53100934054,42271.91838133334,-517687.24787600717,-182896.43359276094,-683149.9646021015,-700583.681468768,6
2020-08-20,CAUTION,-500253.53100934054,42271.91838133334,-517687.24787600717,-161254.99061257945,-661508.5216219199,-678942.2384885866,6
2020-08-21,CAUTION,-501007.40979762387,42381.54703733334,-518550.7553202906,-118854.16684672894,-619861.5766443529,-637404.9221670196,6
2020-08-24,NORMAL,-462353.1849921263,44919.53064533334,-480453.84661612636,-190312.8178877083,-652666.0028798346,-670766.6645038347,6
2020-08-25,NORMAL,-460162.4089472238,47078.45014666666,-478661.5987845571,-180426.39648772965,-640588.8054349534,-659087.9952722867,7
2020-08-26,NORMAL,-452776.6157756626,47858.87865599999,-471920.2190556626,-156255.83733034792,-609032.4531060106,-628176.0563860105,7
2020-08-27,NORMAL,-447557.66417566256,48276.358567999996,-466835.47572766256,-160091.6546943403,-607649.3188700029,-626927.1304220029,7
2020-08-28,NORMAL,-443030.4532750255,49391.38323733333,-463037.7273096922,-121177.79210404374,-564208.2453790692,-584215.519413736,7
2020-08-31,CAUTION,-442893.65164401557,51582.64542666666,-463498.2281906823,-229864.96826361946,-672758.619907635,-693363.1964543017,7
2020-09-01,NORMAL,-437733.4373241338,53586.982357333334,-459447.5698548005,-176977.0663882306,-614710.5037123645,-636424.6362430311,8
2020-09-02,NORMAL,-423940.1552420469,54396.887085333336,-446319.1842287136,-124437.48957889162,-548377.6448209386,-570756.6738076053,8
2020-09-03,NORMAL,-409140.7735191159,55697.486053333334,-432294.3276177826,-127552.66865586836,-536693.4421749843,-559846.9962736509,8
2020-09-04,CAUTION,-404965.75566164544,56521.804370666665,-428381.58140031213,-192655.4342592421,-597621.1899208876,-621037.0156595542,8
2020-09-07,CAUTION,-396583.8893992943,57723.73997066666,-420274.276585961,-215141.90291152487,-611725.7923108191,-635416.1794974859,8
2020-09-08,CAUTION,-397449.19979136426,59043.44913066667,-421509.43897269765,-264414.5339271821,-661863.7337185463,-685923.9728998798,8
2020-09-09,CAUTION,-395292.17122468085,60309.43377066667,-419974.2925340142,-218430.99653417116,-613723.167758852,-638405.2890681854,8
2020-09-10,NORMAL,-388091.4582236097,61475.817672000005,-413529.66993294307,-152099.37202517927,-540190.8302487889,-565629.0419581223,8
2020-09-11,NORMAL,-387699.7690170342,61848.483256,-413247.6093823676,-178780.366847578,-566480.1358646122,-592027.9762299455,8
2020-09-14,CAUTION,-384326.7091646984,63145.502608,-410362.2233860318,-224459.80699435255,-608786.5161590509,-634822.0303803843,8
2020-09-15,NORMAL,-383867.9786052472,63779.83303733334,-410397.3115865806,-167360.5771505173,-551228.5557557645,-577757.8887370978,8
2020-09-16,NORMAL,-382304.8594413463,64168.67823733333,-409078.02935067966,-174611.64306848455,-556916.5025098309,-583689.6724191642,8
2020-09-17,NORMAL,-378201.4308264988,64717.51812,-405249.16218383214,-180430.71676336328,-558632.1475898621,-585679.8789471954,8
2020-09-18,NORMAL,-372831.16033724626,65987.392568,-400622.69228657964,-162908.91442730773,-535740.0747645539,-563531.6067138873,8
2020-09-21,CAUTION,-371856.4185970257,67851.81709066665,-399918.4153916924,-285287.90127418144,-657144.3198712071,-685206.3166658739,8
2020-09-22,CAUTION,-386569.5331619851,70448.75239733332,-415623.2640793185,-338882.2519982362,-725451.7851602214,-754505.5160775548,8
2020-09-23,CAUTION,-392463.1898397581,71684.43290133332,-421756.6610824248,-419847.86151294166,-812311.0513526998,-841604.5225953665,8
2020-09-24,CAUTION,-392085.19429668214,72526.96480799999,-421488.29419534886,-538817.0229106812,-930902.2172073633,-960305.3171060301,8
2020-09-25,CAUTION,-400000.126607732,73491.62950666665,-430234.124439732,-423356.23233690177,-823356.3589446337,-853590.3567766338,8
2020-09-28,CAUTION,-409192.76150042715,74826.79450133332,-440643.89567109384,-258918.99328939355,-668111.7547898206,-699562.8889604874,8
2020-09-29,CAUTION,-401459.4230973072,76086.841032,-433408.4726306406,-305017.69311895967,-706477.1162162669,-738426.1657496003,8
2020-09-30,CAUTION,-400860.1098548755,76709.49524266666,-433052.99631620885,-393055.70399254176,-793915.8138474172,-826108.7003087506,8
2020-10-01,CAUTION,-397163.1994791365,77079.34723733334,-429725.93793513643,-327727.7318096252,-724890.9312887618,-757453.6697447617,8
2020-10-05,NORMAL,-397675.6669396602,77696.45654399999,-430469.9525156602,-363480.18677937245,-761155.8537190326,-793950.1392950327,8
2020-10-06,NORMAL,-393050.62243052747,78076.55004533332,-426225.0015078608,-321279.0407985085,-714329.6632290359,-747504.0423063693,8
2020-10-07,NORMAL,-393483.0599422507,80220.41829066665,-427221.9687102507,-450853.76823647245,-844336.8281787231,-878075.7369467232,8
2020-10-08,NORMAL,-396815.5215700019,81319.47013866666,-431031.86268733523,-482390.21158270957,-879205.7331527115,-913422.0742700448,8
2020-10-09,NORMAL,-401026.01990934985,82467.95669866665,-435662.4409386832,-491172.47842145734,-892198.4983308072,-926834.9193601406,8
2020-10-12,NORMAL,-533884.0239931408,83599.766228,-569409.4523358075,-513914.58583722234,-1047798.6098303632,-1083324.03817303,7
2020-10-13,NORMAL,-533344.9360098973,83838.26504666665,-568984.0896112307,-545954.036736052,-1079298.9727459494,-1114938.1263472827,7
2020-10-14,NORMAL,-529736.0373152299,84212.62043866665,-565629.26935123,-544306.9380648502,-1074042.97538008,-1109936.2074160802,7
2020-10-15,NORMAL,-524404.5623630668,84979.48292133331,-560549.8245324001,-644282.6154079713,-1168687.1777710381,-1204832.4399403716,7
2020-10-16,NORMAL,-520559.7053367924,85351.59680666665,-556843.2723807924,-661474.7333448522,-1182034.4386816446,-1218318.0057256445,7
2020-10-19,NORMAL,-521265.614837733,85759.635212,-557664.955441733,-669494.3955853786,-1190760.0104231117,-1227159.3510271115,7
2020-10-20,NORMAL,-521265.614837733,85759.635212,-557664.955441733,-645751.2251456014,-1167016.8399833343,-1203416.1805873346,7
2020-10-21,NORMAL,-522730.5224735757,86258.92265733333,-559243.5883362424,-589480.0417315201,-1112210.5642050959,-1148723.6300677625,7
2020-10-22,NORMAL,-522862.0967760851,86374.69621733332,-559490.9361987518,-554581.788351834,-1077443.8851279193,-1114072.7245505857,7
2020-10-23,NORMAL,-524585.0466739044,86602.14673466666,-561441.3366139043,-513554.45434531535,-1038139.5010192198,-1074995.7909592197,7
2020-10-26,NORMAL,-524068.45563010045,87144.40020666666,-561058.9538421005,-596604.8207816542,-1120673.2764117545,-1157663.7746237547,7
2020-10-27,NORMAL,-520329.66116583085,87382.09223066665,-557557.8514018308,-517609.3660666258,-1037939.0272324567,-1075167.2174684566,7
2020-10-28,NORMAL,-514953.20580904675,88462.30257199999,-552760.2638450467,-512341.4224346468,-1027294.6282436936,-1065101.6862796936,7
2020-10-29,NORMAL,-512638.76731471217,88702.44969199998,-550565.6955133788,-530690.3763782075,-1043329.1436929196,-1081256.0718915863,7
2020-10-30,NORMAL,-512638.76731471217,89210.53713733333,-550565.6955133788,-517682.5109395872,-1030321.2782542994,-1068248.206452966,7
2020-11-02,NORMAL,-511331.33136914345,89809.64644399998,-549721.35380781,-518171.8630740412,-1029503.1944431846,-1067893.2168818512,7
2020-11-03,NORMAL,-510102.8433882409,90059.62827599999,-548742.8476589075,-507265.2791215838,-1017368.1225098247,-1056008.1267804913,7
2020-11-04,NORMAL,-511062.9835573869,90328.00331333332,-549833.099497387,-541702.7409919997,-1052765.7245493867,-1091535.8404893866,7
2020-11-05,NORMAL,-493187.8380095775,90836.16018266666,-532466.1108189109,-432222.896065649,-925410.7340752265,-964689.0068845599,7
2020-11-06,NORMAL,-484332.54319286236,90966.27185199999,-523740.927671529,-443459.51147668244,-927792.0546695448,-967200.4391482114,6
2020-11-09,NORMAL,-482558.19227246253,91214.20538266665,-522214.51028179587,-358612.77691311436,-841170.9691855769,-880827.2871949102,6
2020-11-10,NORMAL,-477273.003410468,91484.67022799999,-517199.78626513464,-323579.07488421124,-800852.0782946793,-840778.8611493459,6
2020-11-11,NORMAL,-467500.00903281936,92258.75383333332,-508067.10872748605,-253424.5676333263,-720924.5766661457,-761491.6763608124,6
2020-11-12,NORMAL,-462019.76816895895,92527.17037733333,-502855.2844076256,-256833.45235877472,-718853.2205277337,-759688.7367664003,6
2020-11-13,NORMAL,-452195.5935806283,93099.54157466665,-493317.961075295,-302369.3029729786,-754564.896553607,-795687.2640482737,5
2020-11-14,NORMAL,-448397.17042455904,93219.41173733333,-489639.4080818924,-255627.56570681155,-704024.7361313705,-745266.973788704,5
2020-11-17,NORMAL,-448397.17042455904,93219.41173733333,-489639.4080818924,-305516.85707769834,-753914.0275022574,-795156.2651595908,5
2020-11-18,NORMAL,-448397.17042455904,93346.43359866666,-489639.4080818924,-345846.4134232877,-794243.5838478467,-835485.8215051801,5
2020-11-19,NORMAL,-447522.2524947598,93960.08780933333,-489124.1006400931,-363588.7785077617,-811111.0310025215,-852712.8791478549,5
2020-11-20,NORMAL,-445484.78953129856,94202.68323066666,-487204.4595379652,-343189.4744988834,-788674.264030182,-830393.9340368486,5
2020-11-23,NORMAL,-445484.78953129856,94202.68323066666,-487204.4595379652,-299551.5242887654,-745036.313820064,-786755.9838267306,5
2020-11-24,NORMAL,-443898.0813855412,94324.60169466666,-485739.66985620785,-302869.18990922696,-746767.2712947682,-788608.8597654349,5
2020-11-25,NORMAL,-443898.0813855412,94449.37525466667,-485739.66985620785,-345249.9291253877,-789148.0105109289,-830989.5989815956,5
2020-11-26,NORMAL,-443898.0813855412,94449.37525466667,-485739.66985620785,-322635.73681162973,-766533.818197171,-808375.4066678376,5
2020-11-27,NORMAL,-445494.1334038214,94838.42724933333,-487461.7369411547,-358517.58419119474,-804011.7175950161,-845979.3211323494,5
2020-12-01,NORMAL,-441996.8485558878,95207.43773733333,-484204.19241855445,-280814.6360579999,-722811.4846138877,-765018.8284765544,5
2020-12-02,NORMAL,-440099.1570482721,95587.089732,-482552.386140272,-245273.13186246046,-685372.2889107326,-727825.5180027324,5
2020-12-03,NORMAL,-441130.8216608836,95968.190028,-483838.1291875503,-183643.24278528232,-624774.0644461659,-667481.3719728326,5
2020-12-04,NORMAL,-427936.22515247006,96734.68042799999,-471269.5114098034,-171379.22801595705,-599315.4531684271,-642648.7394257605,5
2020-12-07,NORMAL,-415606.5110874765,97125.015436,-459330.13235280983,-109217.37959495542,-524823.8906824319,-568547.5119477652,5
2020-12-08,NORMAL,-415606.5110874765,97397.04556933332,-459330.13235280983,-142076.6959061097,-557683.2069935862,-601406.8282589195,5
2020-12-09,NORMAL,-413545.71627169487,97640.88249733332,-457513.1744650282,-88923.10860495712,-502468.824876652,-546436.2830699853,5
2020-12-10,NORMAL,-413545.71627169487,98030.94128666667,-457513.1744650282,-173942.70063171705,-587488.416903412,-631455.8750967453,5
2020-12-11,NORMAL,-405205.64304724714,99242.38176133334,-449431.2762779137,-186256.1446704134,-591461.7877176605,-635687.420948327,6
2020-12-14,NORMAL,-400558.5401917042,99859.35369733334,-445040.3001583708,-151387.62220337772,-551946.162395082,-596427.9223617485,7
2020-12-15,NORMAL,-374602.9954519707,100545.93996133334,-419642.0715199706,-148412.9645335064,-523015.95998547715,-568055.036053477,7
2020-12-16,NORMAL,-357043.12982635817,101092.324748,-402474.5892036914,-123264.93223342381,-480308.062059782,-525739.5214371153,7
2020-12-17,NORMAL,-349381.63222365815,101671.79934266667,-394957.541379658,-165681.9589132481,-515063.59113690624,-560639.5002929061,7
2020-12-18,NORMAL,-345843.92459315335,102664.25724666666,-391698.4917998199,-161985.73605871171,-507829.66065186507,-553684.2278585316,7
2020-12-21,NORMAL,-352429.3501925664,105359.13819599999,-398938.5723485663,-351583.93774686294,-704013.2879394293,-750522.5100954293,7
2020-12-22,NORMAL,-355378.1036723471,107445.62076933333,-403157.7180016804,-249980.60435325443,-605358.7080256015,-653138.3223549349,7
2020-12-23,NORMAL,-351281.0121180556,107846.55577733333,-399318.80148472224,-227645.27394124802,-578926.2860593037,-626964.0754259703,7
2020-12-24,NORMAL,-342914.0657795408,108623.68768399999,-391583.9787808741,-218157.582461004,-561071.6482405448,-609741.5612418781,7
2020-12-28,NORMAL,-334070.11417208717,109022.21589733331,-383138.5553867538,-181387.86801442344,-515457.9821865106,-564526.4234011773,7
2020-12-29,NORMAL,-334070.11417208717,109151.48605999998,-383138.5553867538,-196978.46702422327,-531048.5811963105,-580117.022410977,7
2020-12-30,NORMAL,-332101.5563321486,109559.77276666665,-381306.25412014854,-174767.03391778903,-506868.5902499376,-556073.2880379376,7
2020-12-31,NORMAL,-328799.6651588767,109831.84440666664,-378142.66782154335,-179792.5849551389,-508592.2501140156,-557935.2527766823,7
2021-01-01,NORMAL,-328799.6651588767,109831.84440666664,-378142.66782154335,-164712.95704282692,-493512.6222017036,-542855.6248643703,7
2021-01-04,NORMAL,-320060.9332671171,110516.89256133331,-369792.2226364505,-143532.61243829151,-463593.5457054087,-513324.835074742,7
2021-01-05,NORMAL,-313503.8398611555,111204.39581199997,-363505.5940758221,-164235.675209255,-477739.51507041045,-527741.2692850771,7
2021-01-06,NORMAL,-303876.32514654467,111859.80925466664,-354386.2362305446,-143964.00539155255,-447840.3305380972,-498350.2416220971,7
2021-01-07,NORMAL,-284169.75510140625,112663.12757199997,-335204.2094654063,-125059.30895847181,-409229.06405987806,-460263.5184238781,7
2021-01-08,NORMAL,-247126.56266109273,114670.33392666664,-299726.4536597594,-59006.12188064799,-306132.6845417407,-358732.57554040744,7
2021-01-11,NORMAL,-234385.38230002997,115515.32846266664,-287381.7532106967,-80619.53236811697,-315004.9146681469,-368001.28557881364,7
2021-01-12,NORMAL,-213995.73454567895,116823.3138413333,-267898.79053901235,-73955.03118223205,-287950.765727911,-341853.82172124437,6
2021-01-13,NORMAL,-209842.6555156055,117773.78533466664,-264028.46616227226,-68694.5697435363,-278537.22525914176,-332723.03590580856,7
2021-01-14,NORMAL,-207021.81006130172,118127.25091866664,-261561.08629196844,-15888.283080137699,-222910.09314143943,-277449.36937210616,7
2021-01-15,NORMAL,-201651.50732718714,119103.72241199997,-256448.95859518714,-47455.59750401441,-249107.10483120155,-303904.55609920155,7
2021-01-18,NORMAL,-184710.39574473133,121221.60498533331,-240385.8558767313,-95728.98139311964,-280439.37713785097,-336114.83726985095,7
2021-01-19,NORMAL,-183798.7877090917,121636.87810266665,-239746.76098775826,-37189.24712216173,-220988.03483125343,-276936.00810991996,7
2021-01-20,NORMAL,-172049.61960737561,122156.68327333331,-228385.87959270886,-47068.3888371794,-219118.00844455502,-275454.2684298883,7
2021-01-21,NORMAL,-159702.3934720756,122998.38800133331,-216307.070001409,-71044.38548002273,-230746.77895209834,-287351.45548143174,7
2021-01-22,NORMAL,-161575.74779476973,123811.0233053333,-218308.4876921031,-139396.05770725492,-300971.80550202465,-357704.54539935803,7
2021-01-25,NORMAL,-153665.73550944452,124864.08874266664,-210920.97038544455,-165071.99601292057,-318737.7315223651,-375992.9663983651,7
2021-01-27,NORMAL,-145054.48564348373,125664.07574533332,-202567.89555681715,-186209.85249890358,-331264.33814238734,-388777.7480557207,7
2021-01-28,NORMAL,-144573.76818456317,126208.17751866666,-202225.48297256322,-203672.81420174323,-348246.58238630637,-405898.29717430647,7
2021-01-29,NORMAL,-136055.56525490855,127813.89642799998,-194233.8716242419,-243292.7033847587,-379348.26863966725,-437526.5750090006,7
2021-02-01,NORMAL,-140363.0219695998,129356.89081733332,-199435.72361359987,-179431.613931501,-319794.6359011008,-378867.33754510083,7
2021-02-02,NORMAL,-118225.30427158941,130674.35241466665,-178477.20414492287,-103690.2849410535,-221915.58921264292,-282167.4890859764,7
2021-02-03,NORMAL,-92824.9613093869,131958.199684,-154093.17492138696,-66921.05304943828,-159746.01435882517,-221014.22797082525,6
2021-02-04,NORMAL,-86754.56488863718,132337.45167866664,-148272.7603326372,-57646.66064192934,-144401.22553056653,-205919.42097456654,6
2021-02-05,NORMAL,-86754.56488863708,133296.3307053333,-148272.76033263715,-76573.68308202692,-163328.247970664,-224846.44341466407,7
2021-02-08,NORMAL,-74938.20461065197,133814.08757466663,-136842.6384599853,-66131.20270832605,-141069.40731897802,-202973.84116831134,7
2021-02-09,NORMAL,-64187.39177603184,134723.54473999995,-126599.98249469863,-65842.72732197554,-130030.11909800739,-192442.70981667418,7
2021-02-10,NORMAL,-58451.57989560641,135391.61327866663,-121126.44225427313,-81701.9747279296,-140153.554623536,-202828.41698220273,7
2021-02-11,NORMAL,-51842.04366620738,135794.19658799996,-114781.22596620748,-59799.84897245935,-111641.89263866673,-174581.07493866683,7
2021-02-12,NORMAL,-46555.98646138204,136338.8983613333,-109627.32873204877,-98457.1294013992,-145013.11586278124,-208084.45813344797,7
2021-02-15,NORMAL,-46555.98646138204,136742.4469586666,-109627.32873204877,-112965.95090254874,-159521.93736393077,-222593.2796345975,7
2021-02-16,NORMAL,-20140.581335963972,137430.63322266663,-83752.85329729752,-120179.42667929558,-140320.00801525955,-203932.2799765931,7
2021-02-17,NORMAL,-14626.985030885844,137943.05198266663,-78495.38372821934,-138519.09892285775,-153146.0839537436,-217014.4826510771,7
2021-02-18,NORMAL,3962.6428842098103,138591.56202799996,-60554.2658584571,-92763.00675834017,-88800.36387413036,-153317.27261679727,6
2021-02-19,NORMAL,6983.729940773068,140270.09674266665,-57900.982495227014,-84713.61857593001,-77729.88863515694,-142614.60107115703,7
2021-02-22,NORMAL,6983.729940773046,141556.06779333332,-57900.982495226956,-188539.97278480482,-181556.24284403177,-246440.95528003178,8
2021-02-23,NORMAL,8343.715466652473,142300.0336733333,-57028.670825347595,-124101.21455491285,-115757.49908826037,-181129.88538026044,8
2021-02-24,NORMAL,10545.854829235526,143299.28478266665,-55440.220385431254,-111472.0180005987,-100926.16317136318,-166912.23838602996,8
2021-02-25,NORMAL,38643.65800082223,144441.61358799998,-28484.746019177896,-55912.458204185095,-17268.800203362865,-84397.20422336299,7
2021-02-26,NORMAL,36240.70068440766,146013.724964,-31135.636866259098,-122044.56638199405,-85803.86569758639,-153180.20324825315,7
2021-03-01,NORMAL,38119.67124683485,147154.936044,-29878.548431831936,-72146.33636047109,-34026.66511363624,-102024.88479230303,7
2021-03-02,NORMAL,43568.31836830329,148189.4014813333,-25190.088313030137,-25233.224685502588,18335.093682800703,-50423.312998532725,7
2021-03-03,NORMAL,52213.93070815346,149211.8186173333,-17428.62974117993,-11382.557926957583,40831.372781195874,-28811.187668137514,7
2021-03-04,NORMAL,62053.24379169655,149873.78375866666,-7983.74826830352,-12432.908700309184,49620.335091387366,-20416.656968612704,7
2021-03-05,NORMAL,62029.888013341864,150811.59262266665,-8131.070811991638,-24093.542409374088,37936.34560396778,-32224.613221365726,7
2021-03-08,NORMAL,76497.72713381,151596.35924133332,5552.001689809898,-24685.848342419544,51811.87879139045,-19133.846652609645,6
2021-03-09,NORMAL,92059.08511979162,152537.34772133332,20698.445051791554,-75475.21500840294,16583.87011138868,-54776.76995661139,5
2021-03-10,NORMAL,89983.7146209035,153139.981548,18381.285926236786,-63519.980388397176,26463.734232506322,-45138.69446216039,6
2021-03-12,NORMAL,89572.38961030928,153794.318772,17843.945848975927,-66591.15855094494,22981.23105936435,-48747.21270196901,6
2021-03-15,NORMAL,89284.97933653003,154685.84462266666,17430.52050852996,-81406.25097689641,7878.72835963362,-63975.73046836645,7
2021-03-16,NORMAL,86927.27581322222,155049.55171333332,14709.10989455552,-56049.04351079743,30878.23230242479,-41339.93361624191,7
2021-03-17,NORMAL,86927.27581322234,156144.44580666663,14709.10989455547,-142279.00050180638,-55351.72468858404,-127569.89060725091,8
2021-03-18,NORMAL,86927.27581322234,156784.05171599996,14709.10989455547,-178236.577389897,-91309.30157667465,-163527.46749534152,8
2021-03-19,NORMAL,81952.0145251946,158165.20312133332,8874.274454527796,-118559.44281176018,-36607.428286565584,-109685.16835723238,8
2021-03-22,NORMAL,80465.17831494956,158534.21360933332,7147.697918949445,-92721.38523697908,-12256.206922029523,-85573.68731802964,8
2021-03-23,NORMAL,82226.19137317681,158908.16220666666,8534.762379843305,-76128.20552410666,6097.985849070159,-67593.44314426335,8
2021-03-24,NORMAL,83880.1925890863,159416.884364,9940.83006508628,-114312.43285669602,-30432.24026760971,-104371.60279160974,8
2021-03-25,NORMAL,80959.05539243022,160691.5927853333,6903.919308430079,-189762.97375288737,-108803.91836045714,-182859.0544444573,8
2021-03-26,NORMAL,77862.80309791415,160927.23650799997,3572.0232912474603,-147221.2621234698,-69358.45902555564,-143649.23883222233,8
2021-03-30,NORMAL,89367.90039771114,161559.36014266664,14444.996956377465,-97167.76665483543,-7799.866257124289,-82722.76969845797,8
2021-03-31,NORMAL,88505.3520346444,161681.27860666666,13460.530129310937,-111492.08501372635,-22986.73297908195,-98031.55488441541,8
2021-04-01,NORMAL,88505.3520346444,161681.27860666666,13460.530129310937,-67781.05727286532,20724.294761779078,-54320.527143554384,8
2021-04-05,NORMAL,98345.45823347272,162467.3758013333,23038.36468813935,-113491.8549479906,-15146.39671451789,-90453.49025985126,8
2021-04-06,NORMAL,103849.61230305737,163089.2579293333,27920.636629723886,-93864.99973199714,9984.612571060221,-65944.36310227326,8
2021-04-07,NORMAL,115643.84271148991,163843.300028,38960.82493949,-74702.68838564362,40941.15432584629,-35741.86344615362,7
2021-04-08,NORMAL,123554.89732490786,164103.52336666666,46611.656214241106,-77135.09029567678,46419.80702923107,-30523.434081435676,6
2021-04-09,NORMAL,123554.89732490786,164237.290132,46611.656214241106,-81406.25305355072,42148.64427135713,-34794.59683930962,6
2021-04-12,NORMAL,146854.43693346813,165640.54493466666,69394.84574813483,-191795.72240697706,-44941.285473508935,-122400.87665884223,6
2021-04-13,NORMAL,144188.47131022607,166766.28732933334,66491.18810089279,-142228.95920030941,1959.5121099166572,-75737.77109941663,7
2021-04-15,NORMAL,146112.5552413995,167279.10608933333,68163.2418987327,-161564.89359080134,-15452.338349401834,-93401.65169206864,7
2021-04-16,NORMAL,147490.95607530122,167653.05468666667,69167.69413530125,-141317.65239101488,6173.303684286337,-72149.95825571363,7
2021-04-19,NORMAL,151334.26684237138,168170.976844,72880.89323303799,-179860.1694362443,-28525.902593872917,-106979.2762032063,7
2021-04-20,NORMAL,165211.70191027626,168950.76384666667,86246.07482894286,-175991.05045617075,-10779.348545894492,-89744.97562722789,7
2021-04-22,NORMAL,174816.46753190627,169358.04375866667,95588.56881057282,-157295.46260320008,17521.004928706185,-61706.89379262726,7
2021-04-23,NORMAL,180909.58423718618,171553.51495866667,101173.52864651944,-145122.11155101698,35787.4726861692,-43948.58290449754,8
2021-04-26,NORMAL,182111.51086608943,171927.463556,102001.50667808941,-131563.82922229773,50547.6816437917,-29562.32254420832,8
2021-04-27,NORMAL,181115.62025259732,172551.95927333334,100641.90897393067,-118599.83061710489,62515.78963549243,-17957.921643174224,8
2021-04-28,NORMAL,181569.96203910507,172927.7146653333,100856.5104351051,-103581.25308373015,77988.70895537492,-2724.742648625048,8
2021-04-29,NORMAL,184375.6949660384,173057.82633466666,103532.13169270512,-101004.04625412522,83371.64871191318,2528.085438579903,8
2021-04-30,NORMAL,190787.91613699956,173856.00654266667,109551.96955433293,-131643.30350666834,59144.61263033122,-22091.333952335408,8
2021-05-03,NORMAL,199399.5771886203,174620.85543599998,117659.57033928705,-119285.92890129643,80113.64828732386,-1626.35856200938,7
2021-05-04,NORMAL,201310.4973591093,175147.77079866666,119440.37884044263,-135899.01552998874,65411.481829120545,-16458.63668954611,7
2021-05-05,NORMAL,205942.51999514323,175405.945836,123814.22643914318,-115396.64150387977,90545.87849126346,8417.58493526341,7
2021-05-06,NORMAL,205942.51999514323,175405.945836,123814.22643914318,-79358.05262688326,126584.46736825997,44456.17381225992,7
2021-05-07,NORMAL,208015.09472446697,175649.78276399997,125642.96424046694,-55906.53430032235,152108.5604241446,69736.42994014459,7
2021-05-10,NORMAL,221960.85030313506,176186.615852,139051.88673113508,-22002.877963894352,199957.97233924072,117049.00876724072,6
2021-05-11,NORMAL,226365.40970049443,176446.83919066665,143196.22278982773,-18059.09568209204,208306.3140184024,125137.1271077357,5
2021-05-12,NORMAL,226365.40970049443,176852.63608933333,143196.22278982773,-52533.22943261184,173832.1802678826,90662.99335721589,5
2021-05-14,NORMAL,226365.40970049438,178722.07715599998,143196.22278982776,-78423.47899865484,147941.93070183953,64772.74379117292,7
2021-05-17,NORMAL,228797.41290049456,180369.8880893333,145372.09925382776,-55373.37754339684,173424.03535709772,89998.72171043092,8
2021-05-18,NORMAL,231814.34050193758,181001.1702173333,147887.01488993742,14327.510776969633,246141.8512789072,162214.52566690705,8
2021-05-19,NORMAL,233861.05450927166,181249.10374799996,149685.79536660487,-15822.672870985407,218038.38163828626,133863.12249561946,8
2021-05-20,NORMAL,237746.49398805943,181784.81231599997,153439.07487472595,-16215.965867527819,221530.5281205316,137223.10900719813,8
2021-05-21,NORMAL,238896.19952493135,182038.89075066664,154334.70197693125,41188.39891049669,280084.59843542805,195523.10088742792,8
2021-05-24,NORMAL,244641.37729571594,182685.31098799998,159571.72287838237,45314.397190376505,289955.77448609244,204886.12006875887,8
2021-05-25,NORMAL,250826.8603986214,183210.619556,165494.934341288,65352.36903873665,316179.22943735804,230847.30338002465,8
2021-05-26,NORMAL,260341.9256874567,183737.16963066667,174621.71292345662,69837.28787497696,330179.21356243367,244459.00079843358,8
2021-05-27,NORMAL,272190.54197629774,184399.97627866664,185945.78593229776,88830.22870935283,361020.7706856506,274776.0146416506,8
2021-05-28,NORMAL,281448.23924333253,185021.85840666667,194581.60107133252,110513.94490120906,391962.1841445416,305095.54597254156,8
2021-05-31,NORMAL,293413.3491821671,185542.2635773333,206164.56920750035,136061.85105987973,429475.20024204685,342226.4202673801,7
2021-06-01,NORMAL,292910.52379300044,186697.46933999998,205541.87365566706,131061.25276745096,423971.77656045137,336603.12642311805,8
2021-06-02,NORMAL,295093.6097903798,187238.47451066665,207600.9928877131,116820.18646072998,411913.7962511098,324421.17934844305,8
2021-06-03,NORMAL,327736.7322786132,187913.6124733333,239568.9774132798,125264.69955166275,453001.4318302759,364833.67696494254,8
2021-06-04,NORMAL,344763.245702348,188472.08706799996,256188.76941834783,118337.42135766236,463100.66706001037,374526.19077601016,8
2021-06-07,NORMAL,356264.754863586,188740.50361199997,267421.86203558586,136940.4059704455,493205.1608340315,404362.2680060314,8
2021-06-08,NORMAL,366535.51650989795,189130.83861999997,277302.2886738979,158879.42600711924,525414.9425170172,436181.71468101715,8
2021-06-09,NORMAL,383044.1621664041,189678.87850266663,293528.17967707076,118395.9802998094,501440.14246621344,411924.1599768802,8
2021-06-10,NORMAL,388589.7184559322,190198.64216666666,298823.7541345988,115668.26465873749,504257.9831146697,414492.01879333635,8
2021-06-11,NORMAL,392090.6839721177,190326.70553466663,302196.65628278436,108086.25984072499,500176.9438128427,410282.91612350935,8
2021-06-14,NORMAL,392090.6839721177,190868.5175,302196.65628278436,94390.82794610079,486481.5119182185,396587.48422888515,8
2021-06-15,NORMAL,405448.53864761745,191288.48721999998,315284.04611295083,80426.33348904822,485874.8721366657,395710.37960199907,8
2021-06-16,NORMAL,405448.53864761745,191426.75058799997,315284.04611295083,63458.60785827023,468907.1465058877,378742.65397122107,8
2021-06-17,NORMAL,412137.1626317698,192126.90214,321832.3169211032,30532.227827692754,442669.39045946253,352364.544748796,8
2021-06-18,NORMAL,415368.0629857136,193187.27097466667,324685.172075047,36643.278681376076,452011.34166708967,361328.45075642306,8
2021-06-21,NORMAL,423783.6626529832,193461.83242266663,332826.2102943166,28728.60050134911,452512.2631543323,361554.8107956657,8
2021-06-22,NORMAL,437329.298386044,194235.51602799998,345727.4325847106,38272.70139094759,475601.99977699155,384000.1339756582,8
2021-06-23,NORMAL,445160.2315836868,194913.37777199998,353304.28734768677,27118.991417480764,472279.2230011675,380423.2787651675,8
2021-06-24,NORMAL,457852.7797458172,195336.24409466665,365709.9842538172,16954.6561181579,474807.4358639751,382664.6403719751,7
2021-06-25,NORMAL,474609.2238797548,196166.14882266664,382053.562065088,11577.244331012189,486186.46821076697,393630.8063961002,7
2021-06-28,NORMAL,479061.18755501567,196556.9804333333,386363.1242630156,-3915.0801061782986,475146.10744883737,382448.0441568373,8
2021-06-29,NORMAL,479061.18755501567,197110.0339053333,386363.1242630156,-30914.80328324577,448146.3842717699,355448.3209797698,8
2021-06-30,NORMAL,488149.79686015716,197780.39225199996,395051.1570534905,-28307.08734945621,459842.70951070095,366744.0697040343,8
2021-07-01,NORMAL,488466.8423383795,198321.19742266662,395242.18746504607,-33548.90861852348,454917.93371985597,361693.27884652256,8
2021-07-02,NORMAL,488466.8423383795,198321.19742266662,395242.18746504607,-28940.89693616741,459525.9454022121,366301.2905288787,8
2021-07-05,NORMAL,488539.1375093078,198707.1943213333,395064.5008039746,-22078.421379857406,466460.7161294504,372986.07942411717,8
2021-07-06,NORMAL,489084.0925075627,198984.76256399998,395481.3924342294,-31092.494346977386,457991.59816058533,364388.898087252,8
2021-07-07,NORMAL,489084.0925075627,199404.04927066664,395481.3924342294,-24019.736647314625,465064.3558602481,371461.65578691475,8
2021-07-08,NORMAL,489084.0925075627,199535.56773466666,395481.3924342294,-52820.83650823764,436263.2559993251,342660.55592599174,8
2021-07-09,NORMAL,489311.44380340015,199793.742772,395450.56869273353,-58045.78666121408,431265.6571421861,337404.78203151945,8
2021-07-12,NORMAL,489311.44380340015,199927.5095373333,395450.56869273353,-64987.444762725034,424323.9990406751,330463.1239300085,8
2021-07-13,NORMAL,489311.44380340015,199927.5095373333,395450.56869273353,-54514.29508018261,434797.14872321754,340936.2736125509,8
2021-07-14,NORMAL,489311.44380340015,200063.52460399998,395450.56869273353,-51872.21352742621,437439.2302759739,343578.3551653073,8
2021-07-15,NORMAL,491569.0157065615,200468.19772133333,397303.46747856156,-43743.31185897911,447825.7038475824,353560.15561958245,8
2021-07-16,NORMAL,493866.23003205983,200762.35237466666,399458.2803267265,-25084.828354929545,468781.40167713026,374373.4519717969,8
2021-07-19,NORMAL,493866.23003205983,200896.11914,399458.2803267265,-39317.570802437636,454548.6592296222,360140.7095242889,8
2021-07-20,NORMAL,493866.23003205983,201290.67453199998,399458.2803267265,-69830.10216560829,424036.1278664515,329628.1781611182,8
2021-07-22,NORMAL,506465.2121169795,202369.59580399998,411130.0943156462,-27267.21668214316,479197.99543483637,383862.87763350306,7
2021-07-23,NORMAL,509979.20990617166,203000.2364253333,414274.2401101716,-8423.940938888816,501555.26896728284,405850.2991712828,7
2021-07-26,NORMAL,511126.03759412747,203388.08162533332,415166.9893634607,-24564.04551293599,486561.9920811915,390602.9438505247,7
2021-07-27,NORMAL,511126.03759412747,203916.40378266663,415166.9893634607,-60239.62056772306,450886.4170264044,354927.3687957376,7
2021-07-28,NORMAL,517446.6211726811,204560.94100666663,421237.5911100145,-90194.69707728823,427251.92409539287,331042.89403272624,7
2021-07-29,NORMAL,517446.6211726811,204823.97793466665,421237.5911100145,-120069.249102053,397377.3720706281,301168.3420079615,7
2021-07-30,NORMAL,515785.65357761947,205077.61486266664,419456.75335228606,-120626.9408208974,395158.71275672206,298829.81253138866,7
2021-08-02,NORMAL,515785.65357761947,205077.61486266664,419456.75335228606,-62443.74315416458,453341.9104234549,357013.0101981215,7
2021-08-03,NORMAL,523053.5398424674,205703.59359333332,426098.66088646743,-19959.453456160787,503094.0863863066,406139.20743030665,7
2021-08-04,NORMAL,525094.4537400439,206599.15415599998,427511.54775204393,-9185.325850584952,515909.12788945896,418326.221901459,7
2021-08-05,NORMAL,539076.0473371509,207241.51929733332,440850.7762078175,-1442.8374021966883,537633.2099349542,439407.93880562077,6
2021-08-06,NORMAL,539076.0473371509,207373.0377613333,440850.7762078175,5940.570453566848,545016.6177907177,446791.34666138433,6
2021-08-09,NORMAL,540081.7464087558,207630.77129199996,441732.50851408916,453.16263162868563,540534.9090403845,442185.67114571785,6
2021-08-10,NORMAL,543542.4686763082,207896.69802799998,445061.0708109748,-22279.18024719393,521263.28842911427,422781.8905637809,6
2021-08-11,NORMAL,543542.4686763082,208037.2096973333,445061.0708109748,-20720.472961263556,522821.9957150446,424340.59784971125,6
2021-08-12,NORMAL,545881.5010812464,208296.99152933332,447274.0881492464,-25143.19196943668,520738.3091118097,422130.8961798097,6
2021-08-13,NORMAL,546332.9994361515,208420.95829466663,447601.61973881815,-3370.895159883512,542962.1042762679,444230.7245789346,6
2021-08-16,NORMAL,549749.3664607926,208928.2736573333,450639.94156345935,-1623.2449487923295,548126.1215120002,449016.696614667,6
2021-08-17,NORMAL,550755.0246712366,209056.3370253333,451517.5364059033,1352.0394949393522,552107.064166176,452869.57590084267,6
2021-08-18,NORMAL,550755.0246712366,209056.3370253333,451517.5364059033,-21042.825981524365,529712.1986897122,430474.7104243789,6
2021-08-20,NORMAL,550755.0246712366,209734.1640573333,451517.5364059033,-59765.74745737322,490989.27721386345,391751.7889485301,6
2021-08-23,NORMAL,550755.0246712366,209999.44928666664,451517.5364059033,-69192.51011417579,481562.51455706084,382325.0262917275,6
2021-08-24,NORMAL,552973.4906683948,210380.94958266662,453486.0205710615,-67880.7870470885,485092.70362130634,385605.23352397303,6
2021-08-25,NORMAL,552778.0387568218,210633.98651066664,453164.5535928217,-68361.01290181422,484417.0258550076,384803.5406910075,6
2021-08-26,NORMAL,556887.7689200941,212262.69404666667,457018.15702009416,-70730.12534398885,486157.64357610524,386288.03167610534,7
2021-08-27,NORMAL,556887.7689200941,212262.69404666667,457018.15702009416,-45873.6050961226,511014.1638239715,411144.55192397156,7
2021-08-30,NORMAL,564325.1865172524,212646.88415066665,464071.38451325236,395.83403400758107,564721.02055126,464467.2185472599,7
2021-08-31,NORMAL,570974.5548146274,213161.185924,470206.45103729406,41992.01077449499,612966.5655891224,512198.4618117891,7
2021-09-01,NORMAL,573445.7695697211,213425.06435866666,472547.5541230543,39547.42492751412,612993.1944972352,512094.9790505684,7
2021-09-02,NORMAL,604215.8851617186,214235.817388,502638.4351497185,54111.276040688,658327.1612024066,556749.7111904065,7
2021-09-03,NORMAL,615136.9572598322,214881.43762533332,513043.1571731654,76990.0709435909,692127.0282034231,590033.2281167563,6
2021-09-06,NORMAL,625689.2421931655,215164.35077199998,523453.0406291652,57287.96123372653,682977.2034268919,580741.0018628917,6
2021-09-07,NORMAL,625689.2421931655,215316.10394799997,523453.0406291652,55413.74992737378,681102.9921205393,578866.790556539,6
2021-09-08,NORMAL,637391.5466104967,215590.665396,534880.7835984963,67804.17503884615,705195.7216493429,602684.9586373426,6
2021-09-09,NORMAL,637391.5466104967,215590.665396,534880.7835984963,71631.07959103043,709022.6262015272,606511.8631895268,6
2021-09-13,NORMAL,646886.921804788,215859.08193999997,544107.742248788,89024.4024084587,735911.3242132468,633132.1446572468,6
2021-09-14,NORMAL,653561.5714826967,216121.35358,550520.1202866966,93373.7848528786,746935.3563355752,643893.9051395752,6
2021-09-15,NORMAL,663573.0487941633,216419.80483599997,560387.1478194965,91241.63980307977,754814.688597243,651628.7876225762,6
2021-09-16,NORMAL,686304.3978972654,217912.63319866665,582459.7453705985,28216.694656913227,714521.0925541786,610676.4400275117,6
2021-09-17,NORMAL,728400.5337023507,219154.99745466665,623610.278367684,11968.622216025047,740369.1559183757,635578.900583709,6
2021-09-20,NORMAL,734075.045766558,219420.52419066665,629148.5338585579,-42269.49584589715,691805.5499206609,586879.0380126608,6
2021-09-21,NORMAL,748559.457161556,220386.2439853333,643218.0306295559,-65788.68763334761,682770.7695282084,577429.3429962083,6
2021-09-22,NORMAL,755040.5070370941,220949.97367599997,649438.8571664274,-53233.231423306046,701807.275613788,596205.6257431214,6
2021-09-23,NORMAL,773870.1888357964,221362.83999866666,667855.6726424629,-62695.616945222544,711174.571890574,605160.0556972404,6
2021-09-24,NORMAL,775304.9692536811,221905.486676,669044.5678310143,-65823.83414044598,709481.1351132351,603220.7336905682,6
2021-09-27,NORMAL,791253.6269007903,222833.41326533334,684212.5554621234,-21340.768686624942,769912.8582141653,662871.7867754984,6
2021-09-28,NORMAL,801974.5177094791,224256.82803866666,694658.8848228125,-17784.313877812296,784190.2038316668,676874.5709450003,7
2021-09-29,NORMAL,804756.8721268413,224531.14797999998,697302.9343655078,-2181.1618545087695,802575.7102723325,695121.772510999,7
2021-09-30,NORMAL,805973.8570601746,225098.73276666665,698391.8559308412,-37620.626282995276,768353.2307771794,660771.229647846,7
2021-10-01,NORMAL,812874.9505387469,226059.46615066665,705034.7743720802,-49221.88790701586,763653.062631731,655812.8864650644,6
2021-10-04,NORMAL,816481.4480636733,226466.1875693333,708234.55047834,-33591.086594239634,782890.3614694336,674643.4638841003,6
2021-10-05,NORMAL,817883.6113257686,226748.25241466664,709508.6503724352,-23421.23376500199,794462.3775607666,686087.4166074332,6
2021-10-06,NORMAL,817883.6113257686,227602.56393733333,709508.6503724352,-57162.74395074963,760720.867375019,652345.9064216856,6
2021-10-07,NORMAL,824640.0451310739,228125.05891599998,715742.589199074,-25102.76744307758,799537.2776879964,690639.8217559964,6
2021-10-08,NORMAL,824640.0451310739,228276.81209199998,715742.589199074,-38308.77471269865,786331.2704183753,677433.8144863753,6
2021-10-11,NORMAL,831608.4374499387,228685.581812,722302.2117979386,2601.9002315787366,834210.3376815175,724904.1120295173,6
2021-10-12,NORMAL,834019.3971312892,228823.88668666664,724574.8666046226,1992.7201378958707,836012.1172691851,726567.5867425185,6
2021-10-13,NORMAL,850420.0546084825,229911.80795866664,740164.1295458156,9899.228791415342,860319.2833998979,750063.358337231,6
2021-10-14,NORMAL,876302.0816108672,230588.99422266663,765368.9702842004,3215.502842500864,879517.5844533681,768584.4731267013,5
2021-10-18,NORMAL,888883.4000727694,230985.47413466664,777553.8088341026,11030.229382253252,899913.6294550226,788584.0382163558,4
2021-10-19,NORMAL,893949.8952017915,233401.86527599997,782488.1439924579,-22723.149378442584,871226.745823349,759764.9946140153,6
2021-10-20,NORMAL,893954.6057382764,233795.4138733333,782366.8394622762,-65886.36513967777,828068.2405985986,716480.4743225984,6
2021-10-21,NORMAL,909677.8187808674,234506.33824666665,797644.4133608673,-59649.91910484788,850027.8996760196,737994.4942560194,5
2021-10-22,NORMAL,909677.8187808674,234776.12007866666,797644.4133608673,-91402.26637288393,818275.5524079835,706242.1469879834,5
2021-10-25,NORMAL,909677.8187808674,235179.66867599997,797644.4133608673,-150624.13732481824,759053.6814560492,647020.276036049,5
2021-10-26,NORMAL,905049.0949542683,235431.69880933332,792763.6594009349,-105461.61404626834,799587.4809079999,687302.0453546667,5
2021-10-27,NORMAL,902792.2249279837,235937.80737733332,790000.6808066502,-76552.06844303221,826240.1564849515,713448.612363618,5
2021-10-28,NORMAL,904240.2689539557,236197.3892093333,791320.6614646224,-99404.92431146489,804835.3446424908,691915.7371531575,5
2021-10-29,NORMAL,908660.4010217013,239817.8895106667,794974.4616257014,-66023.01195009123,842637.38907161,728951.4496756102,7
2021-11-01,NORMAL,917514.1712545065,241520.66499333334,802669.5166425064,-26909.166980357433,890605.004274149,775760.3496621489,7
2021-11-02,NORMAL,927014.2445332909,241929.79320666668,811903.2216786243,-60271.19143341901,866743.0530998718,751632.0302452053,7
2021-11-03,NORMAL,930127.8356582907,242568.31684133335,814762.7343689575,-39952.30959520873,890175.5260630819,774810.4247737487,8
2021-11-04,NORMAL,930127.8356582907,242568.31684133335,814762.7343689575,-25224.890634916403,904902.9450233743,789537.8437340411,8
2021-11-08,NORMAL,941515.2814000343,243492.75362266667,825495.5251613675,19835.338122137677,961350.619522172,845330.8632835052,8
2021-11-09,NORMAL,943636.1292329509,243908.58523333335,827488.3096262842,5118.177812852024,948754.3070458029,832606.4874391363,8
2021-11-10,NORMAL,947407.355877423,244706.52393466668,831003.4095347562,8893.037793446827,956300.3936708698,839896.447328203,8
2021-11-11,NORMAL,952195.9121862183,245238.9774066667,835533.7908062182,-13656.35924449924,938539.5529417191,821877.4315617189,8
2021-11-12,NORMAL,957414.2082306627,245373.1856786667,840617.8785786628,8797.818729586434,966212.0269602492,849415.6973082492,8
2021-11-15,NORMAL,966596.721457874,245918.97046533335,849401.8635925407,-6072.310728493321,960524.4107293808,843329.5528640475,8
2021-11-16,NORMAL,986423.1521772764,247412.2403346667,868435.3344879429,-35857.402739669924,950565.7494376065,832577.931748273,8
2021-11-17,NORMAL,1001445.6126200104,248105.68848933338,883179.1368800103,-95087.21507329172,906358.3975467187,788091.9218067186,8
2021-11-18,NORMAL,1007587.8423684773,249784.9666306667,889042.7085778104,-169436.89843788778,838150.9439305895,719605.8101399227,8
2021-11-22,NORMAL,1007587.8423684773,250879.83206800002,889042.7085778104,-231435.94010105554,776151.9022674217,657606.7684767549,8
2021-11-23,NORMAL,1010881.3526637682,251264.02217200003,891952.0287691014,-195043.27673678898,815838.0759269793,696908.7520323123,8
2021-11-24,NORMAL,1025898.8521027502,252337.563828,906310.7766560832,-202596.25811827934,823302.5939844709,703714.5185378038,8
2021-11-25,NORMAL,1025567.4973167126,252742.35393200003,905853.406803379,-200950.66340170644,824616.8339150061,704902.7434016725,8
2021-11-26,CAUTION,1026387.4163720314,254867.31878000003,906423.3440266977,-395888.68880863546,630498.727563396,510534.6552180622,8
2021-11-29,CAUTION,1018459.9747312691,256303.44980133337,897993.890420602,-459139.4038364266,559320.5708948425,438854.48658417544,8
2021-11-30,CAUTION,1015276.459925158,256809.2821506667,894694.602054491,-476914.6340945354,538361.8258306226,417779.9679599557,8
2021-12-01,NORMAL,1006058.9431366869,257434.61937466668,884983.2665060201,-367794.9595043539,638263.9836323331,517188.3070016662,8
2021-12-02,NORMAL,1003299.8180767986,257944.82454533337,881713.9362754653,-295298.36102247395,708001.4570543247,586415.5752529914,8
2021-12-03,NORMAL,1001235.6499240777,258334.27654000002,879527.8496587443,-296715.07152262446,704520.5784014532,582812.7781361198,8
2021-12-06,CAUTION,999761.4998288479,258974.51716133335,877805.7660328479,-343194.46253392234,656567.0372949257,534611.3034989256,8
2021-12-07,NORMAL,998626.1244972822,259474.48082533336,876170.427037282,-250095.3867388027,748530.7377584795,626075.0402984794,8
2021-12-08,NORMAL,1003129.9051070209,260116.8459666667,880031.8425056875,-187032.58873230882,816097.316374712,692999.2537733787,8
2021-12-09,NORMAL,1002086.8103878079,260238.7644306667,878866.8293224747,-158932.66056240478,843154.1498254031,719934.1687600699,8
2021-12-10,NORMAL,1016108.7515148361,260666.92735600003,892610.112398836,-171033.61999690073,845075.1315179353,721576.4924019352,8
2021-12-13,NORMAL,1016527.5908165963,261452.21096133336,892526.9397352625,-163196.4410164975,853331.1498000987,729330.4987187651,8
2021-12-14,NORMAL,1018389.5713058141,261850.05616133337,894260.8568564804,-151949.23214593407,866440.3391598801,742311.6247105463,8
2021-12-15,NORMAL,1019458.6709538256,262125.17610266668,895199.8448351586,-195081.41475719353,824377.256196632,700118.430077965,8
2021-12-16,NORMAL,1020824.4465078117,262784.4099293333,896443.7019251446,-184773.24717259785,836051.1993352138,711670.4547525467,8
2021-12-17,CAUTION,1020824.4465078117,263453.243756,896443.7019251446,-263906.1785380762,756918.2679697354,632537.5233870684,8
2021-12-20,CAUTION,1018641.6945819966,264883.3951613333,894021.2096739962,-382093.27494558383,636548.4196364128,511927.93472841237,8
2021-12-21,CAUTION,1013318.2808775629,265763.4523266667,887817.7388042297,-280833.87084237626,732484.4100351867,606983.8679618534,8
2021-12-22,CAUTION,1015347.9912198096,265891.51569466665,889719.3857784761,-226349.64290298888,788998.3483168208,663369.7428754873,8
2021-12-23,CAUTION,1016984.1025917464,266411.5208653333,890969.2587450795,-211076.1757110327,805907.9268807137,679893.0830340468,8
2021-12-24,CAUTION,1017555.2359421018,266943.5328306667,891416.4253301016,-253037.61957741732,764517.6163646844,638378.8057526844,8
2021-12-27,CAUTION,1017555.2359421018,267066.05808933335,891416.4253301016,-216873.4875783592,800681.7483637426,674542.9377517424,8
2021-12-28,NORMAL,1016643.1009533912,267694.0851213333,889876.2633093909,-179620.90629943786,837022.1946539533,710255.357009953,8
2021-12-29,NORMAL,1018547.5676370799,267960.61185733334,891654.7149264129,-188398.5058848561,830149.0617522238,703256.2090415568,8
2021-12-30,NORMAL,1021785.3676541019,268226.93859333335,894764.4515754349,-211436.34080346828,810349.0268506337,683328.1107719666,8
2021-12-31,NORMAL,1020473.3304404494,268487.161932,893192.1910231157,-151063.08061310303,869410.2498273464,742129.1104100127,8
